address,Trading Volume Leaderboard,Trading volume Raffle,P$L Leaderboard,Realized profit,tokenAmount,tokenName
0xac56b3b1c9ccbf3c2a15585387496b6ba187e41d,25000 ,0,0,0,25000 ,ENA
0x16adb923ba68e0f0856f70ca948bbd891f2503bf,20000 ,0,0,0,20000 ,ENA
0xe48f5ae581b44468d9d891f2205818857fe399d5,15000 ,0,0,0,15000 ,ENA
0xcbcf3aaaed9d45c343bafb18aa61e4f6f352cd55,10000 ,0,0,0,10000 ,ENA
0xd036ccb59adcc0b6963a91688e8a58017bec536f,10000 ,0,0,0,10000 ,ENA
0x5550c8e45a968329be9114efd8fddc8d513a93e5,10000 ,0,0,0,10000 ,ENA
0x9b2798fe586399b2268db1c27e613bfa2d0a1e9a,10000 ,0,0,0,10000 ,ENA
0xa2e718c560205309c20746943c77860062381a50,10000 ,0,0,0,10000 ,ENA
0x7d2b6d1a6dd1fc055b00305469c09b42926232cb,10000 ,0,0,0,10000 ,ENA
0x49b3ac648113a8c3f8c7432894b761235adf2c57,10000 ,0,0,0,10000 ,ENA
0x24017f5aca3427bb189575edfed8912403f5880f,5000 ,0,0,0,5000 ,ENA
0x7b334cf3786130fdaf4033e99a4fa21f26a6203b,5000 ,0,0,0,5000 ,ENA
0x42adb2ae252ec306d699798d613ff6540d91b9c2,5000 ,0,0,0,5000 ,ENA
0x8b6e5682a7fbb0a5f1aba814534874440907603d,5000 ,0,0,0,5000 ,ENA
0x9cc30d5078a529017eb09845179728382b671959,5000 ,0,0,0,5000 ,ENA
0x27b258146fa5d343c2f4e953713efa14901173d4,5000 ,0,0,0,5000 ,ENA
0x0dead9c9a75353641a64ebcf93e9cabad0322568,5000 ,0,0,0,5000 ,ENA
0x3340da3a6515c783010932174e4fbfd7cdb5097c,5000 ,0,0,0,5000 ,ENA
0x656853df366ecef2ba9c8407ef0e304f01a023f2,5000 ,0,0,0,5000 ,ENA
0x5fc5e368f68fb834a876decaab1660874a00c744,5000 ,0,0,0,5000 ,ENA
0xf12498aa77af060840fd076694c5f6d3b40781ae,5000 ,0,0,0,5000 ,ENA
0x664ce71b9292c397d54ed56dbed101edf3792e28,5000 ,0,0,0,5000 ,ENA
0x58b18e7b76a0f60058f4d36e6673e775b66dbf6a,5000 ,0,0,0,5000 ,ENA
0x7bc9f63b808b91d1f6fb58efab10935e149db670,5000 ,0,0,0,5000 ,ENA
0x831e4c07bf9e305c04ac1142f0a04ea37705737a,5000 ,0,0,0,5000 ,ENA
0x55a77a30e190f72e14e3b8bf089885672645daeb,5000 ,0,0,0,5000 ,ENA
0x643dedb0880a98a040b514d0a03beea791ab3154,5000 ,0,0,0,5000 ,ENA
0xf05adceb9e8e229ccffca7b1136a2589dbc6b67d,5000 ,0,0,0,5000 ,ENA
0xbd38a1a29b94b286395057e658603733d97e6bf5,5000 ,0,0,0,5000 ,ENA
0xeb8f9ca0749b4e2c58a764bfa5b9a6ff63067d4e,5000 ,0,0,0,5000 ,ENA
0x5a7262d4aa8fbd1fc63f446fc7e84415b0a2b6fe,5000 ,0,0,0,5000 ,ENA
0xefcdcf70c8a4f1417f63c0c74f1bd9d86e197305,5000 ,0,0,0,5000 ,ENA
0xe770e5fc0452875386f7531c24aa0e085e752e2a,5000 ,0,0,0,5000 ,ENA
0x9253d155d3274a3871646f29bba4ea561a6f7943,5000 ,0,0,0,5000 ,ENA
0xc82eef3899796b1d8f9199be3c01f94d33a4b3e5,5000 ,0,0,0,5000 ,ENA
0x5f26379070248b8aa4851bf26e3fad870c2ade85,5000 ,0,0,0,5000 ,ENA
0x464394ed1eedb737d2d665a69b619c924c893ac5,5000 ,0,0,0,5000 ,ENA
0x238fcf85dfb2589f149542a8d5af858863c1e7dc,5000 ,0,0,0,5000 ,ENA
0x119029a2943456cd31c9969a2473a5cfd7136b76,5000 ,0,0,0,5000 ,ENA
0x7d62d51702ac4c8f0c413a5587129803290a0203,5000 ,0,0,0,5000 ,ENA
0x9feb6c637ed9b3320fcb5a9f3ea88ab1702f5d78,5000 ,0,0,0,5000 ,ENA
0x4fb3443e639186ee2d4f7e1a3ee6ce00917741b5,5000 ,0,0,0,5000 ,ENA
0x41a0d17154ff8625f35918b59ff02477d5776cfb,5000 ,0,0,0,5000 ,ENA
0xa89fb8c3db5effbd9ae101d8bfe23865240be946,5000 ,0,0,0,5000 ,ENA
0x6b870edcc21dc09f3d22de1f6eb1569ee8a17094,5000 ,0,0,0,5000 ,ENA
0x7cfce6d467b6b6741533c7ddcc1177e224f9157c,5000 ,0,0,0,5000 ,ENA
0x5f3e6cb4f1c8d320fbe407110f682a3de31d9e1b,5000 ,0,0,0,5000 ,ENA
0x4806bd611722e7039ed61f5ccfd13b111ad84a0b,5000 ,0,0,0,5000 ,ENA
0xe40ea47f348ae50a7a771487ac3b34da9969eb01,5000 ,0,0,0,5000 ,ENA
0xcc8eaf1a0c0a0830ca19fcfdfa7660e8d7c392ba,5000 ,0,0,0,5000 ,ENA
0xa6a7b2ced313a2a414da0e805c7c041b11ab6a86,3000 ,0,0,0,3000 ,ENA
0x5321b94a1dad0a6aa5d3afd07604157c7fc02434,3000 ,0,0,0,3000 ,ENA
0xc555f0b2b0c76591b98fb346ba514e4047bb4f5e,3000 ,0,0,0,3000 ,ENA
0x2746bb10148cecaf8cc09f7a669679120626e969,3000 ,0,0,0,3000 ,ENA
0xbe4720b7ec95130431c08ce7e12a2b7271c119d4,3000 ,0,0,0,3000 ,ENA
0x8fa5e26efd9a2867d89df4482928d64d4a988888,3000 ,0,0,0,3000 ,ENA
0x283ee752b62c028c33002232ba8900fc867368a8,3000 ,0,0,0,3000 ,ENA
0x38fcd6fbf8dfdbfc9b5fe3e92b6138eda6882d31,3000 ,0,0,0,3000 ,ENA
0x6cd8a57f2fd57bbb258819a128544e6e714ebafe,3000 ,0,0,0,3000 ,ENA
0x393f0bdefe86990caebe4c5f427f20ef01ee739b,3000 ,0,0,0,3000 ,ENA
0xbf563d9472ccd1bd3f9dfd07de5f3e1791172f4c,3000 ,0,0,0,3000 ,ENA
0x7713684655ee3744e2793e569707438e6adb15e4,3000 ,0,0,0,3000 ,ENA
0xf680f6549b2a26e5279a0020dd0db3692b5bed72,3000 ,0,0,0,3000 ,ENA
0x9f177afbaf58144a2bf89d278ed022076fe23ebb,3000 ,0,0,0,3000 ,ENA
0x25ac3070664f73ccc051d9408bd8e892951e0417,3000 ,0,0,0,3000 ,ENA
0x943d75c204e7ebd4fe413feba46b7097e34eb4ff,3000 ,0,0,0,3000 ,ENA
0xcc3ea2549c65456378f84abd3bf615bb995ec949,3000 ,0,0,0,3000 ,ENA
0x5310242214b751972a7bff72c1210b214be4754f,3000 ,0,0,0,3000 ,ENA
0xc0ce5b46511e2e573586083e53754feca7f9a8f8,3000 ,0,0,0,3000 ,ENA
0x7acb07d6a40913edf25d9140d63b54aa5bb613df,3000 ,0,0,0,3000 ,ENA
0x351636318e5b5ef2dabe47acd94cf8c2090039a1,3000 ,0,0,0,3000 ,ENA
0xaad9a1d684354e8610b23163901cec91f324ea86,3000 ,0,0,0,3000 ,ENA
0x1649cbfe6ca337d4203c19d583a581cef478aa57,3000 ,0,0,0,3000 ,ENA
0xcd98c47c478069d387acc660096d519f6cd6a09a,3000 ,0,0,0,3000 ,ENA
0x6a11289d847622cee1bf54e308a19fdd2e5cb835,3000 ,0,0,0,3000 ,ENA
0xdf6bbc8573b36da5e7f93bf3cca34af5642cdb4a,3000 ,0,0,0,3000 ,ENA
0xc6612f2e21acd9c1b86dd3e4cdd0a83001693de2,3000 ,0,0,0,3000 ,ENA
0xbe101c034bb2dcb55e24a93f86cf9de260660b21,3000 ,0,0,0,3000 ,ENA
0x8d953e2bc926b4359c3594efceaea260be5b350b,3000 ,0,0,0,3000 ,ENA
0x6cba2bdb6c6a268b2182bb7055dd7204806107fb,3000 ,0,0,0,3000 ,ENA
0xd374fb4541f44eacd6d0ce079535251363d46c2f,3000 ,0,0,0,3000 ,ENA
0xd49d1e7c3f5a3a9417ef7d5c80b2bcd5b0c78d8d,3000 ,0,0,0,3000 ,ENA
0xa483941250cbd42ff2f02dadf296858ea4a75d68,3000 ,0,0,0,3000 ,ENA
0xde6a0517e03dbe5a46cc3784987007a0a9e759e7,3000 ,0,0,0,3000 ,ENA
0x9a45bad81504453cf60c3c77da58b5b5829ede55,3000 ,0,0,0,3000 ,ENA
0x87686afc4f8cc1d6a2105a337533000f2eefdb10,3000 ,0,0,0,3000 ,ENA
0x83bdf69da347d759d5e3d95154eff0dc8efcc50b,3000 ,0,0,0,3000 ,ENA
0x1414918597fa795af61adc1cd46a3ccd17558c3c,3000 ,0,0,0,3000 ,ENA
0xb7b07db49b7a8e25259e2788c62b7426dabba726,3000 ,0,0,0,3000 ,ENA
0x4b05ef73bebe67efdcd45d68d2fa8af995f334da,3000 ,0,0,0,3000 ,ENA
0x53417008ff811644f88d9c5ac72827f0b66dde17,3000 ,0,0,0,3000 ,ENA
0x9a91cdb519c6ce5880d72456c0f8d48b607d048e,3000 ,0,0,0,3000 ,ENA
0x36e2fd326283dd1d19273c487cb9f1d1f110c553,3000 ,0,0,0,3000 ,ENA
0x9a6580adf2f83340d8bce7b220f853f5798e9a56,3000 ,0,0,0,3000 ,ENA
0x2ed14ad30e88ebc74bd07d5a264639ab45729f65,3000 ,0,0,0,3000 ,ENA
0x75b5c70d1bfe7b6ce723757e6682747e64753bc3,3000 ,0,0,0,3000 ,ENA
0x978f7496679e2143da56d45c8a2e4968ab26350a,3000 ,0,0,0,3000 ,ENA
0xc0e48e60640789b9d821489258c73937b3255bbf,3000 ,0,0,0,3000 ,ENA
0x10864c77e38d9bd238737ff3493c781c77202198,3000 ,0,0,0,3000 ,ENA
0x2ec5bf43d141c183008882008bc8ea332acfffc5,3000 ,0,0,0,3000 ,ENA
0x699f60ec86c829865491f4d352608c1238d5f91f,800 ,0,0,0,800 ,ENA
0x3a6ce6f8aec012381320e1338218b413ae5a72c0,800 ,0,0,0,800 ,ENA
0xebff7d466432e3cd539e4ce1697405c18b7556f8,800 ,0,0,0,800 ,ENA
0x85c231bf7de9ae1cab9eddc5c25d19153270f929,800 ,0,0,0,800 ,ENA
0x9ccd2fcfa83d7b1f2b90ef2684b046cdb12c95cc,800 ,0,0,0,800 ,ENA
0xdaa598a5597ce26eaf88706672ed894615a82a70,800 ,0,0,0,800 ,ENA
0xf49373b3ee18053d5a545188f2bb8cab3631af92,800 ,0,0,0,800 ,ENA
0xcfd6f409dd6c79a99f80c5fe11ccb920b62ff3cb,800 ,0,0,0,800 ,ENA
0xd19ba00926b6d9fccee9536cc2ed58dd09be30e9,800 ,0,0,0,800 ,ENA
0x26bdd5581891ed9f584fea14379f02fe92c3de88,800 ,0,0,0,800 ,ENA
0x149bd21a5f6e3532619ff22b0f3aa3184d206dff,800 ,0,0,0,800 ,ENA
0x2fdcdef102ead17300dd3e5a80d8b7c22485d989,800 ,0,0,0,800 ,ENA
0xc03cb072509e1f450c0f47c5fceece584462a01c,800 ,0,0,0,800 ,ENA
0x4254c53fc3b3b38df025ea30bcae410e11bb95b6,800 ,0,0,0,800 ,ENA
0x041789e7b764732d5459fadc2574282771c04e87,800 ,0,0,0,800 ,ENA
0x759e0a035ac04059c3ad67a6fa8e136d88dd9c7a,800 ,0,0,0,800 ,ENA
0x331a591204c609fba5ddd2522bff4c200ec3b49e,800 ,0,0,0,800 ,ENA
0xbef817fab9ffbbc31662c470d406c44f0456823a,800 ,0,0,0,800 ,ENA
0xa503915033f0b979d72312a6463162eaf22f21b9,800 ,0,0,0,800 ,ENA
0x1ae19f33d891400f929a86fb3fb94362f49acf0a,800 ,0,0,0,800 ,ENA
0xd8fb419047af411533226e6d3697bbcfc3cdeb4a,800 ,0,0,0,800 ,ENA
0x9c286f62954a5d78d5cbafd0146e7c66c090b8be,800 ,0,0,0,800 ,ENA
0x155c1f0f3226a91747e7d4ced7a6973b354810ab,800 ,0,0,0,800 ,ENA
0xa9d4bd6dad54076b1a4d8a7956131f44623ea64b,800 ,0,0,0,800 ,ENA
0x8e9458dafddeba112df084100006c8f3bbeff020,800 ,0,0,0,800 ,ENA
0x8ba12bc9c84df657c00066da46d3eb0501f4b425,800 ,0,0,0,800 ,ENA
0xd7b45b0ff940ec42b246d0868f49cfdc2589ce73,800 ,0,0,0,800 ,ENA
0x98e3057cc2d7558e0cb8608b986da30e831c4fdf,800 ,0,0,0,800 ,ENA
0x0fd2fe21c96cd4bf2a3223faefa1ac7e45e24db4,800 ,0,0,0,800 ,ENA
0x01f52755d833d6e603c94e4ba6fcfd10e0746145,800 ,0,0,0,800 ,ENA
0x605504ca3e0fdd61b4d63dec6d2e92d51693da8a,800 ,0,0,0,800 ,ENA
0x0882f33e42db1a3cdea2a5dc9e30020df8a99576,800 ,0,0,0,800 ,ENA
0x55cb422bf6451605684f3c9fed69a5335de54927,800 ,0,0,0,800 ,ENA
0xa7937ceddd812cbc633849a9b5fd200a1c535c80,800 ,0,0,0,800 ,ENA
0x18d9c7b5aad1e5b1dcf92b383e90f4743964e662,800 ,0,0,0,800 ,ENA
0x22067a47af4a635550d96a9cca17dc13519f8f4a,800 ,0,0,0,800 ,ENA
0xf6f83f3ed29ac86b394fb75439a25d988ef613c1,800 ,0,0,0,800 ,ENA
0x7d1a9f1e3afda81f76434ab624be3ace4da4ad15,800 ,0,0,0,800 ,ENA
0x010d304c1e8192b9805613a16d0152489ddf5466,800 ,0,0,0,800 ,ENA
0x7e852896312024c49d8fd0278d792723c9eb3be3,800 ,0,0,0,800 ,ENA
0x66b926db183f06097e91c53ead86733e8521af79,800 ,0,0,0,800 ,ENA
0xb9a6c1c5fdc74f9a4076110bff09bb8beb62e7a0,800 ,0,0,0,800 ,ENA
0xb02905f817595ccae40d930e60bee73370e6f0a3,800 ,0,0,0,800 ,ENA
0x31a48708928a91b9e24fe09d226bfb76a6a78b6e,800 ,0,0,0,800 ,ENA
0x6da2f99ef389b36ce97517a4250e1b408ccca888,800 ,0,0,0,800 ,ENA
0x55bc9540ee6db919400d715f287436bb368ef53e,800 ,0,0,0,800 ,ENA
0x786c4c71412f73ed7c30df10f316486bb50e531e,800 ,0,0,0,800 ,ENA
0x0179241796d51b0a7d2fed5e8dba1e55001199d8,800 ,0,0,0,800 ,ENA
0x82918241485353ac34c13f4d08d74dab4958dd82,800 ,0,0,0,800 ,ENA
0x14a5b8cc27f6f9de2646fbb7c348ff7ce120293d,800 ,0,0,0,800 ,ENA
0x957781241d9526eb7c8673a2b0eb01aaea441bde,800 ,0,0,0,800 ,ENA
0xb5c65c871759e0f3ea3076d7712629bb4158ad91,800 ,0,0,0,800 ,ENA
0xb8b86ef489ea56c494b9f5d1ed61e63a9cbef492,800 ,0,0,0,800 ,ENA
0x36e344a91e6c06cd0d6a64cc24f6d382762d6fc0,800 ,0,0,0,800 ,ENA
0xfae4783bbc888bb7e50eb8e2aa23c8faad34ee08,800 ,0,0,0,800 ,ENA
0xa0f44f65687d5663ccfbccb727625ec29c795138,800 ,0,0,0,800 ,ENA
0x0d970f97385508e2c0b08d29b714262849588655,800 ,0,0,0,800 ,ENA
0xd8f804a0bbeadd5208e635cefbadc66cbe68acc4,800 ,0,0,0,800 ,ENA
0xd9a3fcd42b2eb375bf7614acfc8ff1f809c03ac9,800 ,0,0,0,800 ,ENA
0x4c8e47ac688a54b1a6bf3e237d48c98ea2ae9c84,800 ,0,0,0,800 ,ENA
0x5e3ccc754d20665a0cd6463fcaa20836ac30c88e,800 ,0,0,0,800 ,ENA
0xc9d193097c6d50cdd32f392a851de94a2d7b2a93,800 ,0,0,0,800 ,ENA
0xedceefbfe67920075dd896d6a1db396ca5b6e2e1,800 ,0,0,0,800 ,ENA
0xdc58ccbce673f35b0e1ff49032aaefe637337e97,800 ,0,0,0,800 ,ENA
0x834ac01e3e4c423cd6a400e166eeed37d254e984,800 ,0,0,0,800 ,ENA
0xdafa4f49b047b80bcd33b8db3e2904a0dffbe036,800 ,0,0,0,800 ,ENA
0xde39de484c3ad59176937d806e604f72657000ad,800 ,0,0,0,800 ,ENA
0x9511feacf55d2ceb19dc07525f1332eb6a583ca4,800 ,0,0,0,800 ,ENA
0xb1acc6aa8e11082cd75d743a9e66594e5b286c43,800 ,0,0,0,800 ,ENA
0x44cf9b8388b04725d3b0baa81604c34cf1edd13f,800 ,0,0,0,800 ,ENA
0x266002d1ad14da470fa148a18842ffd043f49ae6,800 ,0,0,0,800 ,ENA
0x6a5e008738c2c7fbd8e5d525e9b476f6bbf03890,800 ,0,0,0,800 ,ENA
0xaafc516a018f9544b5af81121401f01d24a31592,800 ,0,0,0,800 ,ENA
0xf0a3adc940098c24f6f92d3af7492ad2eff1f79d,800 ,0,0,0,800 ,ENA
0x5d26fe301be9b11e132d7d9083910a71694541bf,800 ,0,0,0,800 ,ENA
0x08dd44183f47d3c57d9c01fcc6b2ee80389e961e,800 ,0,0,0,800 ,ENA
0xec8646ded4fa2e204cc4436a53490a933a1de948,800 ,0,0,0,800 ,ENA
0xfcd623097759762bf5c214385a461dda65c40912,800 ,0,0,0,800 ,ENA
0xfe59e18ab426efcfac78bd5094846d1bc361ee76,800 ,0,0,0,800 ,ENA
0x382ae9d0c3404da61ecae7585250d20f8c36d319,800 ,0,0,0,800 ,ENA
0x2e996a60c8a30cb4647ae085af6f7d41da8fb499,800 ,0,0,0,800 ,ENA
0xc092a3817785ae84f87e98542c561fbfe3ac13ac,800 ,0,0,0,800 ,ENA
0x5a1201d47e4b81bc91192baca8e2cb99ce40ac99,800 ,0,0,0,800 ,ENA
0x1eab88ef1d8e22f99155457563b0d2fc95c70613,800 ,0,0,0,800 ,ENA
0x76a5b1189144d33807f776c4cb95c3b2824a8b06,800 ,0,0,0,800 ,ENA
0x63ec3f4197d8e084efaccabd8edb3b72167fabd2,800 ,0,0,0,800 ,ENA
0x5061b5c1626509291e7252effe47f4e4c4e6f854,800 ,0,0,0,800 ,ENA
0xa4efa1540786ebafa19ce0ccf3d4e665148877e6,800 ,0,0,0,800 ,ENA
0xd23ba983283f4421303894de301950882dca7229,800 ,0,0,0,800 ,ENA
0x3062ad4073c780a3c334819d7765d5190e38a064,800 ,0,0,0,800 ,ENA
0xb9bc0fcb939b3f376ac407c8cecb5f4cde7251e1,800 ,0,0,0,800 ,ENA
0x22139042c5a688f814e75780d81649b7f0a1939a,800 ,0,0,0,800 ,ENA
0x8422d95af4553fac4f8fe1c62f2b1b1913ac6e4e,800 ,0,0,0,800 ,ENA
0xc339e5d83f99a4617ada60674ade566a4cf41bae,800 ,0,0,0,800 ,ENA
0x0e37986b191b01bfc4139aae4a8332c9b35ee160,800 ,0,0,0,800 ,ENA
0x36985d02af849b52c78e403784a65450f21139bf,800 ,0,0,0,800 ,ENA
0x4a1dd1efcabe1e2eee0d4fd88a1fd27063db5da5,800 ,0,0,0,800 ,ENA
0x321bb3e6de2aec4911df9fbde1598c24bcfbae0b,800 ,0,0,0,800 ,ENA
0xefd0594b0aa932d953af5ee713551484cb94abb7,800 ,0,0,0,800 ,ENA
0x0f45a35e3899aff955f549e3fa4ce00b016d0cf4,800 ,0,0,0,800 ,ENA
0xe32f247db8f667f907d4d4f8ed803c01e42246f1,800 ,0,0,0,800 ,ENA
0xaa91aaf2ff44ba21a62370d1e9174dad3f2fe407,800 ,0,0,0,800 ,ENA
0x4f8dc74d3699bfc2ba94f0017ebb250aca6c3dce,800 ,0,0,0,800 ,ENA
0x9d546f4024ef4054c802bee384254901387bb644,800 ,0,0,0,800 ,ENA
0xb4029455f185d8ffc35a898e64d65d583b1b9723,800 ,0,0,0,800 ,ENA
0xc54d8c010795a2aa4f46df23ee475e138b1fe0fd,800 ,0,0,0,800 ,ENA
0xcd045b8cf965e5e5f6efd87d2c52fe1a5f1d5316,800 ,0,0,0,800 ,ENA
0xd8dbce31720b7898a1f4b221edcd28cdcbdfb298,800 ,0,0,0,800 ,ENA
0x1e2db6803ba85df71625d3bde4c6bf65e8f3d4c8,800 ,0,0,0,800 ,ENA
0x3e486ec07a997d51c78d74c76d6f4b74ec1c2018,800 ,0,0,0,800 ,ENA
0xd6071f8d860647559b15467f845a215bee71ba94,800 ,0,0,0,800 ,ENA
0x364a92fc45ff29f44150532beb01069baa210826,800 ,0,0,0,800 ,ENA
0x91d8ebec74b45bdfe6cb0d6f2c0616bfb1a4ebb2,800 ,0,0,0,800 ,ENA
0x660c6f703cb9108bd6b740decffb1d96eeee8d1b,800 ,0,0,0,800 ,ENA
0x951dfef8f2c840e1a940c5652e4220819ca2dc0a,800 ,0,0,0,800 ,ENA
0xa58b0fef77943d2ae21e7d619df83fd910d92a2a,800 ,0,0,0,800 ,ENA
0x78ac258ccdb03577b96502e8194d0fbf364b5395,800 ,0,0,0,800 ,ENA
0x86471e3e89ff87d60df292aa5de9832afeb07043,800 ,0,0,0,800 ,ENA
0x0f4bb053dc42502c3a3ff31deaa2cd69b33254c6,800 ,0,0,0,800 ,ENA
0x61832fd70d5cf1ad7e2fc357cae321a07fa735a9,800 ,0,0,0,800 ,ENA
0x06bc8232a54d6629a1ae01b1e44b707c08fcb67a,800 ,0,0,0,800 ,ENA
0xcaadadff88d7669dc0c2295b36b11c52a23632a6,800 ,0,0,0,800 ,ENA
0x569a257058d3822f14c819d42e3e8dad766534f4,800 ,0,0,0,800 ,ENA
0xb116f15005953e78659c68eb583fdb75b0b2e285,800 ,0,0,0,800 ,ENA
0xed3d88d4a033d864365ce4bd2ef1ea4a842d60f7,800 ,0,0,0,800 ,ENA
0xb29aca44ce38a9b1f653cde876c7b3233d68c859,800 ,0,0,0,800 ,ENA
0xe427bc841923206b9aeccfa9b9c6ac84818d113d,800 ,0,0,0,800 ,ENA
0x2fb242e752fb00df2df7ef163d308f49fe152064,800 ,0,0,0,800 ,ENA
0x7c00031e72c14bc6418199736076b6dc3a1dc465,800 ,0,0,0,800 ,ENA
0xb4c368a07805adb7833038bffdb696786bff2c0a,800 ,0,0,0,800 ,ENA
0x7eca8919419aed1313f178dbb6ab0ce77446d6ce,800 ,0,0,0,800 ,ENA
0xd2bc425e58079c2828076a0279fdfbc0739ba0b7,800 ,0,0,0,800 ,ENA
0x169777e61f6fdd2dcecc3c1e5755238f7b7db9c4,800 ,0,0,0,800 ,ENA
0x4e4c4ec048d68ac409e95c7bb6a3b39a64c7c740,800 ,0,0,0,800 ,ENA
0x7d4ab464421a69ac0da6cb5638d6248afc809945,800 ,0,0,0,800 ,ENA
0x5d0dd58e274fdd1dd495a10b0651f91ce1e50715,800 ,0,0,0,800 ,ENA
0x6aced2a70029a60d5e4d7cf1acd12ce215444f21,800 ,0,0,0,800 ,ENA
0xf9a583924404ffebc75b9fc35a9ee28445f3ee67,800 ,0,0,0,800 ,ENA
0x6bf78da0d0222d0a8bf191ee15af511a772e5e9b,800 ,0,0,0,800 ,ENA
0xc2348d0ee1043b153022b4e11f3aaa43047049bc,800 ,0,0,0,800 ,ENA
0x1b0e18ca3f07bece13dea98e9d52e42c32557b3c,800 ,0,0,0,800 ,ENA
0xa6c322ff8e1178c4524f42ee855026137bc5ca06,800 ,0,0,0,800 ,ENA
0x7c2fcca59558f835c8c7f8fa6f4116f43a81d892,800 ,0,0,0,800 ,ENA
0x7afb35b8e4e54ef585b59d3b519f273d07236560,800 ,0,0,0,800 ,ENA
0x23c423b9d3147443622a3ed95b4b78432e1f211f,800 ,0,0,0,800 ,ENA
0x44dfc581408a94eaa6f111c80ac3fc37f8654fa9,800 ,0,0,0,800 ,ENA
0xee9c88105fbae04c7a85267aeef52eb6b95dd76c,800 ,0,0,0,800 ,ENA
0x676b38971e5939a9427fbf53534f9f44cd2295eb,800 ,0,0,0,800 ,ENA
0x58ce69a90cbad391914fc01a8914e80301aeea39,800 ,0,0,0,800 ,ENA
0x5f717f61b09438ca13c78678dbb1ab9775550534,800 ,0,0,0,800 ,ENA
0xd4d72109dabf65d6cf1e68e9867a9167e324bf66,800 ,0,0,0,800 ,ENA
0xd1d9ab7e677122efc2fff4b8a9e9b32f6a9254ce,800 ,0,0,0,800 ,ENA
0xa9175ec1228baf992945874da48cb1db978d1136,800 ,0,0,0,800 ,ENA
0x69b8fe3bb10d5c110c9d582fd290a00e60a66a66,800 ,0,0,0,800 ,ENA
0x57981be6868873dfb28a4893c185925000ea5291,800 ,0,0,0,800 ,ENA
0xe081bf908226e8195dabd8bb4574aa27488b12f2,800 ,0,0,0,800 ,ENA
0xaa38b8743dfec0c05bd2ec66ac33b23c665da68e,800 ,0,0,0,800 ,ENA
0x51de2758a71dc826ad2662b3ca619a42e48101f8,800 ,0,0,0,800 ,ENA
0xf84f67a1b9cb69826aa40cf9db2bb80957f4b102,800 ,0,0,0,800 ,ENA
0x014f402eb0a421dfdd82ea01d9c02c2a800b3c07,800 ,0,0,0,800 ,ENA
0x744ccda67b4c7233b3d3d4a84e1df7c39805e5de,800 ,0,0,0,800 ,ENA
0x5bedf74266403c07851ae3025a43169cfdea58f4,800 ,0,0,0,800 ,ENA
0x220f8a0ae546eec31d965809b38a884d0dbc7eb6,800 ,0,0,0,800 ,ENA
0x76a44191880ce185e544e7ef5ef1634bace23b8d,800 ,0,0,0,800 ,ENA
0xf2cbe1445e35eb434ffc1e690a938daeb0a7f05c,800 ,0,0,0,800 ,ENA
0x4bc907081749c6ff2c8b261699bdfd57e64afaa6,800 ,0,0,0,800 ,ENA
0xef49d1a0275380a1b908eed6e1298dc8a7313409,800 ,0,0,0,800 ,ENA
0xe5da8eec5a8fe561ba85d03302336a6ffd5943fe,800 ,0,0,0,800 ,ENA
0xda9ec6bc21c3a86231747d30e1988abbba79ea39,800 ,0,0,0,800 ,ENA
0xf7b2af963621ec0355bb5ca34cea315837b5d8be,800 ,0,0,0,800 ,ENA
0xd991667255c2f45904583947e8d927251db16c0d,800 ,0,0,0,800 ,ENA
0x455291c84df43ab9f9b49529216a681d80bc9d73,800 ,0,0,0,800 ,ENA
0x004dfead1c9b5df4b0d19754fdf875b1b640d95d,800 ,0,0,0,800 ,ENA
0xdd18b2c524df2bcd65d1a279b00a4f16ae0ede3c,800 ,0,0,0,800 ,ENA
0xa8ece0ad5ca060ae7dc62199389a41c5d06d900a,800 ,0,0,0,800 ,ENA
0x00523902c3adaf913c9dc0113542841a50cb519d,800 ,0,0,0,800 ,ENA
0x63a34ee2e014893533f72aa7c8e361c0dde0bbef,800 ,0,0,0,800 ,ENA
0x4d1fa31554be0084854375143f13bd343f80ead5,800 ,0,0,0,800 ,ENA
0x31ff8a78cef3da86f6c60a5d4f16d51d89fff446,800 ,0,0,0,800 ,ENA
0x4d1c497807d13be465f0c501d49a96e3ed3cab9e,800 ,0,0,0,800 ,ENA
0x14ba1b72a3f68b9ce21c4e04733a163a925ba9bd,800 ,0,0,0,800 ,ENA
0xa395b94616e9faa9a8a7ff51b6c52efecd2076b9,800 ,0,0,0,800 ,ENA
0x3cb3100490ce271a06a293930cf020415ec7ba8a,800 ,0,0,0,800 ,ENA
0xdde8d43567f956285b67feffdb6a767638940fe7,800 ,0,0,0,800 ,ENA
0xe3de69412391b36256d82f060a577951c98f9c23,800 ,0,0,0,800 ,ENA
0xd2fed776e4fee417c001ac17ea06b5032ed1b82e,800 ,0,0,0,800 ,ENA
0xf910d106113aff5ed4e21a9ae4b1160ef9ebe442,800 ,0,0,0,800 ,ENA
0x3ced1f60577c47a5c3bab59df9a2d5050658843f,800 ,0,0,0,800 ,ENA
0x1ae9a28c73dd739785ced83d560787491e2a935b,800 ,0,0,0,800 ,ENA
0x71f22adb00cd73e29aef57b4398119dd301e5112,800 ,0,0,0,800 ,ENA
0xf2641091e858a61a730997ec69d1d86c84a70c7c,800 ,0,0,0,800 ,ENA
0xcba1b4aacf1d629feebbb6fd30929573250cc358,800 ,0,0,0,800 ,ENA
0x62abdd5784454b55620a2f2584e684e7ae103326,800 ,0,0,0,800 ,ENA
0x1cc25031f416f151f8ccf6af1e1872c426d2c39c,800 ,0,0,0,800 ,ENA
0x307af77572fa829a0e9572d238c4037ee69147c0,800 ,0,0,0,800 ,ENA
0xce16cc439c3a11b5edf9210aa3c9dbd872b450b3,800 ,0,0,0,800 ,ENA
0x6e2729389f0a9eb4689de7f645692beda8f751ff,800 ,0,0,0,800 ,ENA
0xe4286f67baea2c84b853601dc5d64a005f69b911,800 ,0,0,0,800 ,ENA
0xd388682b642dfccc23e4081f95a7901406390800,800 ,0,0,0,800 ,ENA
0x8f9102b79f8d60279b93d0058f5273a1ccdc19eb,800 ,0,0,0,800 ,ENA
0x03ba57a90638dba917e929beb0ba9d873ed39989,800 ,0,0,0,800 ,ENA
0xe8ac7855f17339aa3393b082752845f92bf03ab4,800 ,0,0,0,800 ,ENA
0x18c702739f088441ec1f1470b06eba77a284f728,800 ,0,0,0,800 ,ENA
0x5e9bd9df7a540661f992271db6536e4ac014f68f,800 ,0,0,0,800 ,ENA
0x716950b7662d98a3f9d40b70afe2de307b33d400,800 ,0,0,0,800 ,ENA
0x5e822533876bbc9f46d1bc864bb18253dc30f701,800 ,0,0,0,800 ,ENA
0xebfa2acbb2d68bb7c390c3f3dec1515ff0aedb12,800 ,0,0,0,800 ,ENA
0x6a39ecff4f3e3acde5980229855ee570b369c1f5,800 ,0,0,0,800 ,ENA
0x0770d1597b13ebbd8ee10785f4ea6e819a5e6e69,800 ,0,0,0,800 ,ENA
0x8287bc18e69a910e1a827cc35dea0eb27fccd7d9,800 ,0,0,0,800 ,ENA
0x6fade45a882c5880cc235ad473685723a1bdda50,800 ,0,0,0,800 ,ENA
0x2253d39271cf6537f7c10c16bcd528695a2a944b,800 ,0,0,0,800 ,ENA
0x624849e71870fd1539f0fd1f7ebe2dd09319864f,800 ,0,0,0,800 ,ENA
0x7b196626120a8cfa6bae65abe224aa935d2eb905,800 ,0,0,0,800 ,ENA
0xac283cf8f4d66feb656e238f2b7130d8607f23de,800 ,0,0,0,800 ,ENA
0x4d4ef3db70c7402f1f88f885c98a4d51ede7d158,800 ,0,0,0,800 ,ENA
0xce1110cddc79581101f7ffd7b68ed1ab6a464097,800 ,0,0,0,800 ,ENA
0xfedbcc0b58815e8e8a1629670fad50d98a3a5c59,800 ,0,0,0,800 ,ENA
0x1c78a022e3ca6319a0bbb0a433a955efa630639c,800 ,0,0,0,800 ,ENA
0x5795339e4dd3751d4713aff6b82558611dfd5dd9,800 ,0,0,0,800 ,ENA
0x3f3425736d07466a0e9c0a5db24cd0dec33d3222,800 ,0,0,0,800 ,ENA
0x96e5f7e607a47cea8efe426619d7315d10b390b8,800 ,0,0,0,800 ,ENA
0xdf21bb7c311378feee2b514bf7332505b4f9e946,800 ,0,0,0,800 ,ENA
0xc2d942a1391f5931b9ad4ba06e02f3c3bffb9f57,800 ,0,0,0,800 ,ENA
0xd2768a0426e5131879f00a13383ea98db3fa85fc,800 ,0,0,0,800 ,ENA
0xfa58229d30bd39c726f00f0fef98ce6b1eaa9c23,800 ,0,0,0,800 ,ENA
0x6267701b93491d61915b862325e68abf96c1601c,800 ,0,0,0,800 ,ENA
0xbcd414be5e03e39c32a42dc1d875374bccb8bdb4,800 ,0,0,0,800 ,ENA
0xff7c4e25ec447fdc0fe3b4d4d5a14348883bfd5f,800 ,0,0,0,800 ,ENA
0x6de681a5b8f6e770748263c09c50462111513183,800 ,0,0,0,800 ,ENA
0xcb74eb572036abefaab6562f1e02085bab6bb898,800 ,0,0,0,800 ,ENA
0x40fdd609c7fc9fc5e573c84a5c8bd1c1893a861e,800 ,0,0,0,800 ,ENA
0x222806c583f081d6413c2ddaa88c60e4133ba0d1,800 ,0,0,0,800 ,ENA
0xd3be2a47959045f8d8639acacd4044936eefd84e,800 ,0,0,0,800 ,ENA
0x46b99409ff2f2e2af03e054630697ce9e81c6b9f,800 ,0,0,0,800 ,ENA
0xdf6f3089444594eab19e7b82a3371279e9acdedf,800 ,0,0,0,800 ,ENA
0x2a2b7c053f307830d5dc20cf2057678f75780199,800 ,0,0,0,800 ,ENA
0x5733da0f619ae480adc55b32dd7754122a876ff2,800 ,0,0,0,800 ,ENA
0xb1d78a8a57912b67756776c613c6f237e1945703,800 ,0,0,0,800 ,ENA
0x37eedcec446c40e30551b3b20d113f6a8874609b,800 ,0,0,0,800 ,ENA
0x4df2806c49e885d2898d23b05d669138f04ac3ca,800 ,0,0,0,800 ,ENA
0x06cd320b047924f61c211b07d7b3b22a0e88647d,800 ,0,0,0,800 ,ENA
0xfc69203a81895a9c805e171f855b34b417d4a0fc,800 ,0,0,0,800 ,ENA
0x647415e4f3af1e557c663e1b3d7e01664824938a,800 ,0,0,0,800 ,ENA
0x4d58106793d61bba1751ec93969a321565d4098a,800 ,0,0,0,800 ,ENA
0xb570141260e2a435862db2b2ab6fcadaf3a330f3,800 ,0,0,0,800 ,ENA
0xea61a474859bd36423b2a31e1282f7d34d1a9d0d,800 ,0,0,0,800 ,ENA
0x5bcd0106d8f8d631b0fc6aa0ca500505af46ca29,800 ,0,0,0,800 ,ENA
0x5ab75715f9b5e958917effdda6c36df0707cf280,800 ,0,0,0,800 ,ENA
0xba3fd5c7262cd763f3cb58d331cfee251a931864,800 ,0,0,0,800 ,ENA
0x454892570991c962a9cc36d0da8555faee1f29c2,800 ,0,0,0,800 ,ENA
0x24445d511c731d6f25f2b3f9cbe4019b10ab6466,800 ,0,0,0,800 ,ENA
0x7d49d33a21a08f12303de088e98c7ae5b5febe0c,800 ,0,0,0,800 ,ENA
0x59d44fdef8d26c1233c0bb1d0dda76eb0f84510e,800 ,0,0,0,800 ,ENA
0x7c35d4bc38d18ea7f41259fa0b14332c21006c26,800 ,0,0,0,800 ,ENA
0xf60ca8e450371a92efc7107f5b01765d0ef3f190,800 ,0,0,0,800 ,ENA
0x34f437f96a7c3599429d79e3d935b0bdba7c7171,800 ,0,0,0,800 ,ENA
0xc33c42d1d2230a2ef228b29f852670835edfea1d,800 ,0,0,0,800 ,ENA
0x5964da3d306119f21d83eb7ecf3a1cb22bd745d3,800 ,0,0,0,800 ,ENA
0xa48edcf577c6b1b2b02538913c650c360c09137e,800 ,0,0,0,800 ,ENA
0x1699792193a4ca8997fc4b8ebc6a6fac17eb6cee,800 ,0,0,0,800 ,ENA
0x580bbff8e5d53df233824005dea4a11b60c495c3,800 ,0,0,0,800 ,ENA
0x6ea6843ceb7b3d3aa4e14081bf5f86b0009fd132,800 ,0,0,0,800 ,ENA
0x1d02650df91ec9b8b7cab6f8879ccec2a133ab03,800 ,0,0,0,800 ,ENA
0x5178eb6e6ab0b6842d3b06d3b93e1a08d1d0db0a,800 ,0,0,0,800 ,ENA
0x473599faffa046ed83ec7f12d9154f10bbc16ac7,800 ,0,0,0,800 ,ENA
0xad0270f40523ea5b9e1d7c6a690a9e1678c0f265,800 ,0,0,0,800 ,ENA
0x173b62670aad348cdac7b8a5dbb4fb322432e43e,800 ,0,0,0,800 ,ENA
0xb9741340d6e28d597f9cbe624b2b342f23f450ed,800 ,0,0,0,800 ,ENA
0x0b531678fc21334bf1b8f33eeff678500d77b7ed,800 ,0,0,0,800 ,ENA
0xcb113612bd2e74aa07cf5151e8cfdc92ced6f9fb,800 ,0,0,0,800 ,ENA
0xbed9327f55a4758b5cf0780e87b1a3ac86cf79ff,800 ,0,0,0,800 ,ENA
0x559080f8a6256389f2073e2e37844612f77a6178,800 ,0,0,0,800 ,ENA
0x00410e3f1076061bd6af63f8d176a5b009ae60aa,800 ,0,0,0,800 ,ENA
0x80ab76136b858cdbc2f0333d2b85b1a65c500540,800 ,0,0,0,800 ,ENA
0xeea145a95effd677d3baa225c5e413d816338b87,800 ,0,0,0,800 ,ENA
0x360ec7ce2ff04ffbcef8a90214e9a072d6a03723,800 ,0,0,0,800 ,ENA
0xf4591cddc2253ac93e166eac8fbbb81e9385566a,800 ,0,0,0,800 ,ENA
0xfd5bf48c9429798a6ff1d565ca0629ce87df4551,800 ,0,0,0,800 ,ENA
0x7a219366cc9a6678051ab94bb9ade75266ba7648,800 ,0,0,0,800 ,ENA
0x9b16114406dea911225820007aa91618ebb62e1e,800 ,0,0,0,800 ,ENA
0x3216b01d80278a50e23f8577f94f79d69a55fd8d,800 ,0,0,0,800 ,ENA
0x20c8b516e11bc44dec6bc3ad8f1c36bb26cf7f35,800 ,0,0,0,800 ,ENA
0x1593ec4e5c5e65dce4548d1a6a90373cb941bc0d,800 ,0,0,0,800 ,ENA
0xe486a53bec5fc20fc745063cf13a8290810d63e4,800 ,0,0,0,800 ,ENA
0x4aea627ef864921cd347e250f06770f7afc140e8,800 ,0,0,0,800 ,ENA
0x2f0431ebf0717b9dc0bf787d53448319d303df1b,800 ,0,0,0,800 ,ENA
0xe99d1d968f25fcf42c50643cc53ef0f983e9efa1,800 ,0,0,0,800 ,ENA
0x6274fe55efda718aa4107e335a8dd64aaab32e36,800 ,0,0,0,800 ,ENA
0x058bfe7cfe960a9fff20bbd039a787d47068c3f2,800 ,0,0,0,800 ,ENA
0x969d70be1102172028eea1259454a9674f43a983,800 ,0,0,0,800 ,ENA
0xed3eb1ff9a207bdf55f08d5c7e47092982c7dacb,800 ,0,0,0,800 ,ENA
0x4a946464be5aca97a238251d238ad3d14bbcf769,800 ,0,0,0,800 ,ENA
0xe3408f3b92d4dd2ccd2e20f5d876c494db2473cb,800 ,0,0,0,800 ,ENA
0x835f9d4f14bec5ff7d31813631661f4154825106,800 ,0,0,0,800 ,ENA
0x73e71dcb5fee565d6a3caf849991121d7da01cae,800 ,0,0,0,800 ,ENA
0xa5f99d15ed8a167108f09e2140168a98b18c63f2,800 ,0,0,0,800 ,ENA
0x8e40cd28a45b4b7af3387f4756d6e4c8a4931f76,800 ,0,0,0,800 ,ENA
0xd983018cfba7a1dafa0e772a55450fec30e2b58a,800 ,0,0,0,800 ,ENA
0x3973b3c48ad3fc38f1aa16a23ae3cbb7d3567b03,800 ,0,0,0,800 ,ENA
0x58d660545baa76442ba149336ecc759175c404dd,800 ,0,0,0,800 ,ENA
0xd33a09139f7347b1773a650be279aac6705833cc,800 ,0,0,0,800 ,ENA
0xd15a2994270a08273c1154c1e045a8c81eec5f66,800 ,0,0,0,800 ,ENA
0xcfe962bc9be1143f6016d8a9a271f972c0464c70,800 ,0,0,0,800 ,ENA
0x4a4ed8e5d8c52d9dadd83c0f34cf1158da56db38,800 ,0,0,0,800 ,ENA
0xb7ffe16a48b528eb386755ed24e018bdf901a4de,800 ,0,0,0,800 ,ENA
0xde94f158b750e134e6acf25cc9cad5a40b356f41,800 ,0,0,0,800 ,ENA
0xed6d37fa1b45890a06df71037707a13e48963fc6,800 ,0,0,0,800 ,ENA
0xec6d16995f4008fa8b239a680710375a5bdac719,800 ,0,0,0,800 ,ENA
0x7d945c35623acb24e43e972def3420c35ce0bcab,800 ,0,0,0,800 ,ENA
0xdc511b025dcd743c12e220d7b2c4d3e4d3949e1d,800 ,0,0,0,800 ,ENA
0x0d156f68c9b3de96ecac30b158f115f3cc70f484,800 ,0,0,0,800 ,ENA
0x46da4996964c3a3625a2edfc5add8acc20a93505,800 ,0,0,0,800 ,ENA
0x2f13ce31ef3c29cc81a4f848b53aa75491a434a5,800 ,0,0,0,800 ,ENA
0xed7caa11e4668b9a41c84ad72f6ea49d144d709d,800 ,0,0,0,800 ,ENA
0x86e65e70eab84b2afcd938b10e6c0d29cde6b185,800 ,0,0,0,800 ,ENA
0xe6ab387a59e16482db8a2c1522e750128fb61c5f,800 ,0,0,0,800 ,ENA
0x91f7146875273bcf20fbb552d297a4f180383ff8,800 ,0,0,0,800 ,ENA
0x4f6e99d1dc3d2dc0661b2bdcddafdaee809a6dba,800 ,0,0,0,800 ,ENA
0xff713ea23291ef3957a829a5d498c1a64b96fc76,800 ,0,0,0,800 ,ENA
0x6d46b2a3cf4d01f993167cfe2ef2d1559a298251,800 ,0,0,0,800 ,ENA
0x729b1832b3cf54441abf68000c472ee4244227d2,800 ,0,0,0,800 ,ENA
0x74f74be32c10bdb0a395819cf0d6aa162f60b877,800 ,0,0,0,800 ,ENA
0x8fe813a194ac887acf0956de966962e6e9c92131,800 ,0,0,0,800 ,ENA
0x79e8af42472bbe21c342e83249a47083af18b54f,800 ,0,0,0,800 ,ENA
0xf472e73c9c509cac924135bae08d98a3882a5a49,800 ,0,0,0,800 ,ENA
0x4a6f2ff4bf3ac27ae45cd58c280dd7cf7644afa5,800 ,0,0,0,800 ,ENA
0x78b6065e7c66970ab1dbb6437c0f5a4fdad99437,800 ,0,0,0,800 ,ENA
0x8286e716f2d3957e492fa9369a115a219efdd7a5,800 ,0,0,0,800 ,ENA
0x4d06ce914200ada0b1847a92a01d035c46b38350,800 ,0,0,0,800 ,ENA
0xb9fed8105e999d5f44e85a456fa12b1ccd616b86,800 ,0,0,0,800 ,ENA
0xaaae4442bae6d81ddd4153da889b8e217cf1219a,800 ,0,0,0,800 ,ENA
0x5138227f5a6b26a81a1b31fba3cc06164780ebe8,800 ,0,0,0,800 ,ENA
0xe874c469cfab6a61c7a366e5278e1bf3f80d6497,800 ,0,0,0,800 ,ENA
0x47adf1d342aa684eabdd0d626fb75c386a4e5d5c,800 ,0,0,0,800 ,ENA
0x5477b8bf61bcb19ab4d25d15227089c0ad011a7f,800 ,0,0,0,800 ,ENA
0xfe454c3363fd7ab6c0daa59104a7b2c93aaf6039,800 ,0,0,0,800 ,ENA
0xac8044589d61abe9d71f5f8f6d9f8849b18e96aa,800 ,0,0,0,800 ,ENA
0x30855abc7f6415dfa4705ff767eb254098a4b479,800 ,0,0,0,800 ,ENA
0x446f537cde6543b0edef87a73ed9d5d339f0a41d,800 ,0,0,0,800 ,ENA
0x106f76ca9cdb45196b8f340425358a86447cb583,800 ,0,0,0,800 ,ENA
0xbe8bbcd83b24c29909a369b98c647d9938e2f7af,800 ,0,0,0,800 ,ENA
0x4d8fb2635de3d5d422daab952551e58aaa13f2d1,800 ,0,0,0,800 ,ENA
0xa063e06e26a88747fbb1cda7db812400309023f7,800 ,0,0,0,800 ,ENA
0x657e68dd754a9eed7fac7a24f0edc16d51ce2e1c,800 ,0,0,0,800 ,ENA
0x27750fe607ebd6d7ea3419edc71c75962948db9c,800 ,0,0,0,800 ,ENA
0xbf482ae9381a13b22acf0ea4d60bc6c0236eb05d,800 ,0,0,0,800 ,ENA
0x052baf47445f53f1666ebfe92943ae0a12e370bb,800 ,0,0,0,800 ,ENA
0x822c053377819153f4fba92c5dc33ffb00ba1a72,800 ,0,0,0,800 ,ENA
0x05ebfdf7b2f427ae7d88d61c586409bfa72bc37a,800 ,0,0,0,800 ,ENA
0x14c3acc3577ddb65ffd371656bbc954e92908084,800 ,0,0,0,800 ,ENA
0xd06a873d431b62f12b50326f054af8c068b5c432,800 ,0,0,0,800 ,ENA
0x1d85823064eb542e5f205a91ec0e5242cccb2874,800 ,0,0,0,800 ,ENA
0xb7848fbca842e2631bbd3c81e2cc168faeec66d4,800 ,0,0,0,800 ,ENA
0x5ef0f5bf471ade05984e37d36d55c362475d933f,800 ,0,0,0,800 ,ENA
0xebbfcfba62f623df26fb8f7ddb4d15b58e516640,800 ,0,0,0,800 ,ENA
0x9383d03e2ea02ef0b4b0ef9112117018e9cffbea,800 ,0,0,0,800 ,ENA
0x2d598a8b2be52cc1b36c79439ba2593bcc4768dc,800 ,0,0,0,800 ,ENA
0xca4388f62e19328e962436389977881375452b73,800 ,0,0,0,800 ,ENA
0x8fa198f797999ce2a704dbe4eab4081024a5208f,800 ,0,0,0,800 ,ENA
0x1e8d145a120579fc65245a72f06b18560ba80b6f,800 ,0,0,0,800 ,ENA
0x4b544c8c991c767d5a3ee151c80ac7720286382f,800 ,0,0,0,800 ,ENA
0x0451452bada1b6902d4a8aeb7531e51b3ffb49bc,800 ,0,0,0,800 ,ENA
0x522262d08a6beb11355eb83846da45e7f9a13c41,800 ,0,0,0,800 ,ENA
0xf50f3970da8600ab910ac33bbe0b9cd736703b4a,800 ,0,0,0,800 ,ENA
0x882b0879ae84c17820fdbeb67eb91d61ff5006c7,800 ,0,0,0,800 ,ENA
0x3fc6bac86044966de0c8e4dce2c26d71ab79f419,800 ,0,0,0,800 ,ENA
0xca08306e373e407e72e72bc4888ad44d5ecc33d9,800 ,0,0,0,800 ,ENA
0xfa0d80251feeb90ba62f9e16aa55d796c503c17b,800 ,0,0,0,800 ,ENA
0xcb0d998828afec70b27d828b10fbedf1b9b74321,800 ,0,0,0,800 ,ENA
0x450c8178372553136141d9f848373342f0f857fc,800 ,0,0,0,800 ,ENA
0x87db549d9c20b7b3dae2f6e6fac16ac73d658bf7,800 ,0,0,0,800 ,ENA
0x988c73c8251e45cb1b4d631f4bb242fa87fcd3a3,800 ,0,0,0,800 ,ENA
0x9d6974c118004e40dc3fac774ae287475da4225c,800 ,0,0,0,800 ,ENA
0xbd759836b6cdc03c1f0c4c0071fc2ac6487c03b0,800 ,0,0,0,800 ,ENA
0xf75dd52a6357e52befc8b982c54a678239f1aa15,800 ,0,0,0,800 ,ENA
0xc5f67dfd62429177b109e577b211a5eeb13f30f5,800 ,0,0,0,800 ,ENA
0x9078a92e62bca2400bf37235011477a246835153,800 ,0,0,0,800 ,ENA
0xf83196e739b1a97ac20b5b58e8f389f3dabe5a8f,800 ,0,0,0,800 ,ENA
0xf569c77116cca64d0945dd3fb5c1c9c28fd114cb,800 ,0,0,0,800 ,ENA
0xa11f4ac88663443acee93c8569e81a7a738b6d62,800 ,0,0,0,800 ,ENA
0x81876c483df7169deef0dc77308cf1592fc48185,800 ,0,0,0,800 ,ENA
0x9c966d8678dc6808143897e2604c1e62478fe3e6,800 ,0,0,0,800 ,ENA
0x550621516f9505a5f594c1c6e212c8adb5ef9b81,800 ,0,0,0,800 ,ENA
0x601120fbf3b8cf349485386cb698db87da810f66,800 ,0,0,0,800 ,ENA
0xcb69f820eda4023fdfe7b3e3ad64ae37c86808ad,800 ,0,0,0,800 ,ENA
0xd3e7d255f5a5af66e05f99f36317c34c3f50e130,800 ,0,0,0,800 ,ENA
0xdda93b9457c60347a3b2f0c23da1d40001465a9d,800 ,0,0,0,800 ,ENA
0xada5f8891355f7d1cbe1c95c3dc488eef99d11b2,800 ,0,0,0,800 ,ENA
0x2180e2307b9c884dcd8f7442f9675cf4f92e4d9e,800 ,0,0,0,800 ,ENA
0xfe93bc054ba22381334baad78ee78c9096eacc86,800 ,0,0,0,800 ,ENA
0xcb6533b57b9db1d511af6056668a79482b254d1d,800 ,0,0,0,800 ,ENA
0x521786d71f128921a1529ac867f224583f6d28e4,800 ,0,0,0,800 ,ENA
0xe829441bc2f3fe73cecb86f7eb0c2b5af4de722e,800 ,0,0,0,800 ,ENA
0x19f7dc78de031c89939433ec65631676829c7403,800 ,0,0,0,800 ,ENA
0x238693e4a7de8265840ca28d6da2b1effbb91355,800 ,0,0,0,800 ,ENA
0x2dac9a71400f16244ad06f127f7b2acbc1f35ea8,800 ,0,0,0,800 ,ENA
0x062a3be40aead0cca82bbece3eb523703b102276,800 ,0,0,0,800 ,ENA
0xaff60a873fdd4f243cc5b9c63518148688ccebb6,800 ,0,0,0,800 ,ENA
0xd7c7afc2d7cc8fa3f317db486e2f4636a69dc699,800 ,0,0,0,800 ,ENA
0x4663b3537b917f034838175a93007af6f82e14ee,400 ,0,0,0,400 ,ENA
0x19e9d319fd36ef3f30a3eeb78c2c96d00cac89cc,400 ,0,0,0,400 ,ENA
0x844583a9297c5ac69c122f1c774c5fdbae570bf8,400 ,0,0,0,400 ,ENA
0xada1b5632917b78e290e635924a2e36f4c8284ea,400 ,0,0,0,400 ,ENA
0x54b841ad82f5507e7a10406c4e6ada6c3ca8a21d,400 ,0,0,0,400 ,ENA
0xabaf51b9a1c5ab2ce9e507f04d5ba2c5775be1cc,400 ,0,0,0,400 ,ENA
0xdfbfa4716ff30c220659b5a90b9d12aa6ac4a579,400 ,0,0,0,400 ,ENA
0x3d94be348759a06f9bebed54110df687fe4b8a2a,400 ,0,0,0,400 ,ENA
0x9144bb94b32c690ab82903fe76a5565eec4fd242,400 ,0,0,0,400 ,ENA
0x5ffaa4fb48723333a9542aa02cca76ecfd094019,400 ,0,0,0,400 ,ENA
0xf2da342aec0c0994723fe421009f471d9d06d6b4,400 ,0,0,0,400 ,ENA
0x3be2bd226f4147d065409c97b26e9c2c8045cb63,400 ,0,0,0,400 ,ENA
0x75dd0e0fbdcb27cee8840f65eb9d858fe83516f0,400 ,0,0,0,400 ,ENA
0x1084cdbfa6d3225c4aeace106e9adae1d6b40d3d,400 ,0,0,0,400 ,ENA
0x2f55c9b730d7a2dd25f0a68160a4477ea90ec634,400 ,0,0,0,400 ,ENA
0x1f74b21edc70aed857505f21d5840704806372f8,400 ,0,0,0,400 ,ENA
0x32c64a4f3d74b15a4ad973d2dd8e069242f2d4fb,400 ,0,0,0,400 ,ENA
0xffcd010b2c3931b7138d30d960fdd3926c680086,400 ,0,0,0,400 ,ENA
0x97a844671d98adc27d02ead0277d5ce7ca117f8a,400 ,0,0,0,400 ,ENA
0x28cc8c7ebf9b53336941e947ae430d4675de3494,400 ,0,0,0,400 ,ENA
0x99f4a41e9bee333b8610a4035abac71288671c0a,400 ,0,0,0,400 ,ENA
0x77cee22ba19420b949a8c9237569120109a996d6,400 ,0,0,0,400 ,ENA
0x79b99fe2425b904db584d5a670bab63b93df48f8,400 ,0,0,0,400 ,ENA
0x752546a85d4d16bff57c34368df5b0dc7277e91b,400 ,0,0,0,400 ,ENA
0x7c9049191693a9309b4c747c3156fff6bed8e214,400 ,0,0,0,400 ,ENA
0x90f700ed608449879fc711e349a7468f331eb8f0,400 ,0,0,0,400 ,ENA
0x8e5021e6e4fc9dcee497ba38d43fe360362fa7c7,400 ,0,0,0,400 ,ENA
0x1138bcafa8563362dfb2d1541bfe4aae2ad33291,400 ,0,0,0,400 ,ENA
0x1c670dc214de4819730e7305703ec8c986b8c7fc,400 ,0,0,0,400 ,ENA
0x5ae8dffc708c2e2e5d38c1c580af9ca0a8bf11e0,400 ,0,0,0,400 ,ENA
0x601b92420dea6d2879301388819a8610318eed4b,400 ,0,0,0,400 ,ENA
0x9994c3f6951475a4c9116d7147a795578ac3507f,400 ,0,0,0,400 ,ENA
0x18525f65a9d34680d52ffac069b88b601992db93,400 ,0,0,0,400 ,ENA
0x80d4a1a3055e49ccfe748e515514908431d69d38,400 ,0,0,0,400 ,ENA
0xfa44f1d0161db81bf93ef5446c69642ca5e7eb16,400 ,0,0,0,400 ,ENA
0xe2ab73bd17135d9b98fd4dc7c9139eaa1e3a41fa,400 ,0,0,0,400 ,ENA
0x9dad326b489c3913f6b05f81bdea492fe9ab9a4d,400 ,0,0,0,400 ,ENA
0x22b2ac0d810f957c2c3d2e8023146b644511a98c,400 ,0,0,0,400 ,ENA
0x5532a71c10aa406656c63ec50e08697668680d8f,400 ,0,0,0,400 ,ENA
0xb9a1d40f27e9e7e7e5751211345ce2eda70f1dad,400 ,0,0,0,400 ,ENA
0xd9efabd490c6720f3d08f6c473f6f7bb80d5e76e,400 ,0,0,0,400 ,ENA
0x9bc7bd3105463b7f3f50a7bba2387595d8c256d2,400 ,0,0,0,400 ,ENA
0xdf349550fb57b7b3327304196f017416cdd0211e,400 ,0,0,0,400 ,ENA
0x3fe949389b82f1519da57eceab48c4acf50d4bb2,400 ,0,0,0,400 ,ENA
0x43e463779b1757f906894abd39e378b783d9da8c,400 ,0,0,0,400 ,ENA
0x9675051606f7ed83d8b78ec9d8ee9f1989acf4bd,400 ,0,0,0,400 ,ENA
0xbebd8506b2b3c90dcd9ccd48127a8b034d79a953,400 ,0,0,0,400 ,ENA
0xdaf23d749687235b6954c6994bc957ac47ba1b4e,400 ,0,0,0,400 ,ENA
0x9fa55092e621aebb6eecc3d95af6fe5795326f9a,400 ,0,0,0,400 ,ENA
0x9da8893c15ec7a61d03d53694946437d6c9506ee,400 ,0,0,0,400 ,ENA
0xf93b5a21d665e33ea5d29e828216dbc43dd7101b,400 ,0,0,0,400 ,ENA
0xb0df4ec732044d5bead95a03023fa10fca1b6b0d,400 ,0,0,0,400 ,ENA
0xbcbda2b63005cdd31e67cd5c889710343f375423,400 ,0,0,0,400 ,ENA
0x1d0f6a5f3c1d50ef16d03ab1c00352274cba8481,400 ,0,0,0,400 ,ENA
0x4b398ab206da3446d222a2a15d6068468dbc3893,400 ,0,0,0,400 ,ENA
0x2cbbc7c5708afa060d99302c589d99c1764cb753,400 ,0,0,0,400 ,ENA
0x358096e935c8cbff7595262ebd0229b2b990ef0e,400 ,0,0,0,400 ,ENA
0x6f74e7afa82f5f6fcffd01d9c949c4bdf7937bb2,400 ,0,0,0,400 ,ENA
0xb70ff7ba3ec7a05ae467347bf45d253c0ed15cf7,400 ,0,0,0,400 ,ENA
0xbea9a49b0943f2cfe9cc614a5d23892956cd9e68,400 ,0,0,0,400 ,ENA
0xdab37067dbb1fc3dbf0114fc5dde3c3382e1359b,400 ,0,0,0,400 ,ENA
0xb1c94a9c97bf9a6d1ab3f7e4e17daefe5edd42e7,400 ,0,0,0,400 ,ENA
0x589e60885c80fc9d594449a040adebc61da3fff9,400 ,0,0,0,400 ,ENA
0x07fe08513d03b980e6c312e1fd1172ca68f91f19,400 ,0,0,0,400 ,ENA
0x5d3058e61d4ab23a7101bdd73b589607ec3f99d4,400 ,0,0,0,400 ,ENA
0x3b740e117892a039b72649f09d91f9a3221e755f,400 ,0,0,0,400 ,ENA
0xc4df3b1aa64ecdf13f30a8c6e8fcf3a22033413f,400 ,0,0,0,400 ,ENA
0xe53500b1ea17b94e7394b82f8d26e4a6beddb61a,400 ,0,0,0,400 ,ENA
0xd75aca4cbbce7f43022194ce99eb8eebfbb7eab8,400 ,0,0,0,400 ,ENA
0xef1088c47c256ed52c0f4667da1fa4954b56e67f,400 ,0,0,0,400 ,ENA
0xb0259d6617343d64a420391b9f56db17429200e7,400 ,0,0,0,400 ,ENA
0x70f2cc919dd6ae869ddae4726be1c8f1b2169238,400 ,0,0,0,400 ,ENA
0x9e3aa7630cc9d5691bac313e651aa6fcbeaf0d83,400 ,0,0,0,400 ,ENA
0xd24425e7d3c239d7fba892e19899bcdc4322eedd,400 ,0,0,0,400 ,ENA
0x0a6b9bbdef276e19bbd864a81b6853f1c56cc010,400 ,0,0,0,400 ,ENA
0x60a949992f9082642d8d9b8b072ec8298f91bd0e,400 ,0,0,0,400 ,ENA
0x311f296d3d05b34bea256ad7f765aecd3194b6ab,400 ,0,0,0,400 ,ENA
0xda5ed58741dd3fe7c39cd3445ff38dfb4e534a0b,400 ,0,0,0,400 ,ENA
0x060132b9c52277f7f460de5868157025453e9c5b,400 ,0,0,0,400 ,ENA
0x00cf28ee29c9dcae9df17fb5818156c4a5d1a960,400 ,0,0,0,400 ,ENA
0x32bede6020b7860462178518452bed70b2687185,400 ,0,0,0,400 ,ENA
0xca7cda7d1f9d2145ca10a4ecb1cd00d7108b0d51,400 ,0,0,0,400 ,ENA
0xc19932a9dd686431d3f7dba7884d4aeed2584c06,400 ,0,0,0,400 ,ENA
0x0e3ab60ebdf4b711de66bb48a172d85de7d0aaf6,400 ,0,0,0,400 ,ENA
0xdf892024e88dfe4b3c0f00a4a740dbe422a58712,400 ,0,0,0,400 ,ENA
0xd6b4374227fd3b757830aa3dced3efbd610e3b92,400 ,0,0,0,400 ,ENA
0xbfa666d1d0b7636cfd9173a18a46d6ca8c1cbc56,400 ,0,0,0,400 ,ENA
0xc6dbe1f8d7f26fe31322ec060980464b957cabcf,400 ,0,0,0,400 ,ENA
0x9f19a8f245800ae4f84088b8cdbffc91dd75f733,400 ,0,0,0,400 ,ENA
0xb8711487ca6519f81b88e5550f85b4de388ede5b,400 ,0,0,0,400 ,ENA
0x965f7e7d110762178f90f98a466957f3ac43a438,400 ,0,0,0,400 ,ENA
0x140ac709821e35d501ed9d2c0275a8505cb561fa,400 ,0,0,0,400 ,ENA
0x8edd4a5d571f898c5770b75a2018d98b5cf480c1,400 ,0,0,0,400 ,ENA
0xb9a90c50fc46f7ddce1ce97322792159b9d1d216,400 ,0,0,0,400 ,ENA
0x3f0db7af8ef5022ee21667a25cafcb9df62b79d5,400 ,0,0,0,400 ,ENA
0x47a5db40882c16382cc2921481fce647dcbddf9b,400 ,0,0,0,400 ,ENA
0x1410649a695564efb05e52ad489afcc0e0d061a1,400 ,0,0,0,400 ,ENA
0xc3415d12eb62d89c6dad3b6038867245a41c564e,400 ,0,0,0,400 ,ENA
0x76a20c5e8853b61313915c2d93d04d495de02b0d,400 ,0,0,0,400 ,ENA
0x5afdd5dbd1397cb71822f15e1b96088a7c954abd,400 ,0,0,0,400 ,ENA
0x1b6394b91656d48e665fc35ff2dfa89af0c93149,400 ,0,0,0,400 ,ENA
0xfa376d0628449ac8c5fa50d9dce8c2acbdd53fcc,400 ,0,0,0,400 ,ENA
0xca3022b970159286dfdb446e18a42ebd757f411e,400 ,0,0,0,400 ,ENA
0xd76e4fb3ec5083370a8c0f752c6744ca994fcaa9,400 ,0,0,0,400 ,ENA
0x7a4d12543392ddee0e63c69c7a41d03702cad92e,400 ,0,0,0,400 ,ENA
0x07f4ef870c9da39601dae8e5b5fb2d4c59881ccb,400 ,0,0,0,400 ,ENA
0x72d90686586a0714308d01da03948e36e6828a7d,400 ,0,0,0,400 ,ENA
0x68121877c24cedc726e7d2ce6c7926abc83cea90,400 ,0,0,0,400 ,ENA
0x812e32005a7c3687eeed15bdb590a87ba8d4d4a8,400 ,0,0,0,400 ,ENA
0xbdab1e7e20a7a88987037e3e6713b5d7e79b7546,400 ,0,0,0,400 ,ENA
0x3c8446a881029dd34b1e70458bfaf15c751f2e7b,400 ,0,0,0,400 ,ENA
0x41ba5a7260c7a7c0d74dfcc69d4cbb20225e6db8,400 ,0,0,0,400 ,ENA
0x198834f85cf37aed81b25e3dfe1a18bab27c259a,400 ,0,0,0,400 ,ENA
0xb627b451f1586b3c56ff5fb80564752a083d3f83,400 ,0,0,0,400 ,ENA
0xe8af22337faeb4500b9229f423596162896c08d8,400 ,0,0,0,400 ,ENA
0x09a2a1bb59a52c8272663d6c3bea9640cc73f646,400 ,0,0,0,400 ,ENA
0xac4e948d14038cae7c6d1adb08e3afbc9d207cad,400 ,0,0,0,400 ,ENA
0xdc78c5ab26dce700389b1ef06b26ff4b30874800,400 ,0,0,0,400 ,ENA
0x05f0f92a3a6f855427cf113c22f2a16a5b34b85f,400 ,0,0,0,400 ,ENA
0x54ec35f543a576a883bb7d5a260b5e534472590f,400 ,0,0,0,400 ,ENA
0x071e08f3e8234129d8aa80433a52be18335cc2b9,400 ,0,0,0,400 ,ENA
0xd3ecb96fafed1c0197a216376dd9674bb95e10f2,400 ,0,0,0,400 ,ENA
0x346b5b583ecae01015d057385490b429cf4adbd6,400 ,0,0,0,400 ,ENA
0xb7145396bca2be8d4b6bf2f573970eaf150d6c03,400 ,0,0,0,400 ,ENA
0x71776edd4fa13c189c01ed1672747df051cd7db4,400 ,0,0,0,400 ,ENA
0x91f30ef8129642bddfc2fc0ef2ccc53d6a43bcbd,400 ,0,0,0,400 ,ENA
0xc7f138ea1fe8ee11fd2c799deb7e08856fc1f600,400 ,0,0,0,400 ,ENA
0xcf77cadea1e444481c3abd29a59e68a0f24c38b5,400 ,0,0,0,400 ,ENA
0xa33c4041d8a96b13e50c0e73b7c2028e99f299f7,400 ,0,0,0,400 ,ENA
0x05565eff39af54264b0dd755812a8b959ac6f0d4,400 ,0,0,0,400 ,ENA
0x76324186f5df747ebd659ca8692548ad3b536a9c,400 ,0,0,0,400 ,ENA
0xe3aa7a6e0c20579c74cb0e2b20c8ca9aab0020c3,400 ,0,0,0,400 ,ENA
0x80fdda15b0bc91e3a8f3682ee5572e4659bcb410,400 ,0,0,0,400 ,ENA
0x53179bb0b778eaad5994ef12ec8f9d177b1859a7,400 ,0,0,0,400 ,ENA
0xcb661af7a5faf399bf24b79ae8a24e02cc847449,400 ,0,0,0,400 ,ENA
0xa8bbc89d823840de1430ea724e98a297555791fb,400 ,0,0,0,400 ,ENA
0x8739e30c9937b93861362bae998036d7e2d3f372,400 ,0,0,0,400 ,ENA
0xe1930a26c7b63c725aded97fe86c3986596cce82,400 ,0,0,0,400 ,ENA
0x57e6b9a02a1519b1fca9e9a6c6bbf728f891a5d1,400 ,0,0,0,400 ,ENA
0x2245c733dd052343b60f44130a25c9f574a696d4,400 ,0,0,0,400 ,ENA
0x4a6f9177e98a3c710351af024d28534385e8a983,400 ,0,0,0,400 ,ENA
0xd0c61133437fe2bf3a0a70ea59277c93aabfe2f0,400 ,0,0,0,400 ,ENA
0x8c94cc854b05157267a7d1998bc5df2295c422f6,400 ,0,0,0,400 ,ENA
0xff2969ded0b23e824a32e17e2ddfd931504c1823,400 ,0,0,0,400 ,ENA
0xc7a9adbebfe69fd167937a67986a846f837a6aa0,400 ,0,0,0,400 ,ENA
0xda0983632b910367cd972564e8f7627e25b42766,400 ,0,0,0,400 ,ENA
0xc2c207fd2052c8e8c3232c0a6a390826cafd4515,400 ,0,0,0,400 ,ENA
0xa37a3520c21eae3cb88a217535f81989d68d8f5e,400 ,0,0,0,400 ,ENA
0x8bece3bbd2f04a5b97f492c0e4c23ab216cfe3cf,400 ,0,0,0,400 ,ENA
0xbd3bb4f2bdb82e3f52e3aac24eb9831e7b3d1a0f,400 ,0,0,0,400 ,ENA
0xd457fb3a2a402f329fd95430903c49f2ce567e44,400 ,0,0,0,400 ,ENA
0xd6faf994a958a0f92b5655d79224b358e98fd119,400 ,0,0,0,400 ,ENA
0x592eccc78fd2df53843c4d5ba5e5daa1c185c8f7,400 ,0,0,0,400 ,ENA
0xeadb652f5d286011c884d490ed7a4400e74cd664,400 ,0,0,0,400 ,ENA
0xdd5e6d1ac98376868f8ed0fc2b26667b631665d5,400 ,0,0,0,400 ,ENA
0xdb335822711f0da95c8b4096d99d81cc6021afea,400 ,0,0,0,400 ,ENA
0x8f25e0be04aa66080b7fb12445e920e9fb620ed7,400 ,0,0,0,400 ,ENA
0xacb0d945b3eb9b977693125820b5de44af893978,400 ,0,0,0,400 ,ENA
0x31f6f120ce70933c754972c4f0f358ec0c5049d0,400 ,0,0,0,400 ,ENA
0x3ed3f15278e33b3f4cb2f0a7bbb1bda2d8a5a034,400 ,0,0,0,400 ,ENA
0xdc10aa20f8ab2afcd356f924084e399219c379f0,400 ,0,0,0,400 ,ENA
0x00e49e2a4b449bd8c907d398542e1447e069ef64,400 ,0,0,0,400 ,ENA
0x0165d4c93b7653c06be5be8c6ff15cced401e238,400 ,0,0,0,400 ,ENA
0xf7cb24ca68a521b60c410ce25304b1b6b5e7410b,400 ,0,0,0,400 ,ENA
0x7ba37662bee4d653e49c04c026dc540734bea409,400 ,0,0,0,400 ,ENA
0x1ab22ec4033a995c30a02458ce3af4e606bb4ea1,400 ,0,0,0,400 ,ENA
0xaa46dcb6e76fc2fb12f8beddc4423249166188dd,400 ,0,0,0,400 ,ENA
0x3c3e0b1f042cfd76a3b4f233d11d1c287f7db7b9,400 ,0,0,0,400 ,ENA
0xbe5ec7d333a4533fe9e3a70b2644db6cfc66bda0,400 ,0,0,0,400 ,ENA
0xccebf7e4c9034edefeb4977b71396009faf76411,400 ,0,0,0,400 ,ENA
0x2243db478e70eb5a29b4ee41c96d70f912f78480,400 ,0,0,0,400 ,ENA
0x5b49bab9ce8928c2171824827ad86e10f1e07187,400 ,0,0,0,400 ,ENA
0xacc7663b1673001f3597ff27a3cf89211ccc5667,400 ,0,0,0,400 ,ENA
0x78022c2480787613583093fb5b60f57f09cf9ede,400 ,0,0,0,400 ,ENA
0x7b0b2cd1e3fe6de6c9e1dae8a4f244606d60aa64,400 ,0,0,0,400 ,ENA
0x868a9b80f77927a6f1f3227b146bebff7a4dc9bd,400 ,0,0,0,400 ,ENA
0xc07ac3fd9d0934a0f118dca925f8794426128994,400 ,0,0,0,400 ,ENA
0x4f715deaeeba5b985fbfff8031e0c296691f02ca,400 ,0,0,0,400 ,ENA
0x5eb3be2d0e2b3a7a227022726b964506f81ec89e,400 ,0,0,0,400 ,ENA
0x1fcf14de2cf635a05fca1b045bae21dbbe97aab7,400 ,0,0,0,400 ,ENA
0x6ce27315be98c5a4b2ca2d380be0366fc236f039,400 ,0,0,0,400 ,ENA
0x8b6902fc0258adff1663f32c000446b2ea763ef5,400 ,0,0,0,400 ,ENA
0x55d38f66aa6821d96d39c03b139940339850f910,400 ,0,0,0,400 ,ENA
0x4263fdb4cc5283cfd959ea6b99d0fcc2afd4b924,400 ,0,0,0,400 ,ENA
0xd8b50a4636bf3444e482f36356e9eebbe56a3a1d,400 ,0,0,0,400 ,ENA
0xe4aedf20391004a2cb3f8acac9faefd36220589f,400 ,0,0,0,400 ,ENA
0xf33a4f4d9d3514bc2f6c1630c6ffa716c6ac3836,400 ,0,0,0,400 ,ENA
0x0d16753a2b3b032713b94ed07662f9066fc99113,400 ,0,0,0,400 ,ENA
0x4c0d4b7703bde0fe0bdfa5fc9b5df454d9948b10,400 ,0,0,0,400 ,ENA
0x4926e55b1cb343add4fbc11917a203f009e1fc4c,400 ,0,0,0,400 ,ENA
0xf51d859bee10dd2c7f9d473fd3c7d648d122c41f,400 ,0,0,0,400 ,ENA
0x65e37d8b520e3db3424120e82d74e3318ecb0101,400 ,0,0,0,400 ,ENA
0xa133923c002f8da1cadb9d16e4d802da18f3c1ab,400 ,0,0,0,400 ,ENA
0xc9d3fb995e270b3fd8249f16eb85e2513f222ada,400 ,0,0,0,400 ,ENA
0x8f2d289b4b3227f64901a57d4eea06a6bc9d898b,400 ,0,0,0,400 ,ENA
0x3feef3e8a351186b250f54b219f46eea342bbd41,400 ,0,0,0,400 ,ENA
0x9a4c463781830bc70198b39f0ac2a96489081721,400 ,0,0,0,400 ,ENA
0x136458ce3accd60f7e5f4a7338b175469abc1706,400 ,0,0,0,400 ,ENA
0x2f2e93d8066279fd9a130394d68fd519e1518c4c,400 ,0,0,0,400 ,ENA
0xa944f0c9908e82d25d47c23912b81fc944232b62,400 ,0,0,0,400 ,ENA
0xe86f797847b6bbbc4e4739beb0d49f26c2537a92,400 ,0,0,0,400 ,ENA
0x64ec11f9d9cfd338a1fb3d38f7d28370f7681226,400 ,0,0,0,400 ,ENA
0x6ebc0d947c01d676bf0223f3001b7c5c6f43e052,400 ,0,0,0,400 ,ENA
0x2a007ebac7208e2b516ac4f832077f1a1af6f3bf,400 ,0,0,0,400 ,ENA
0x8b2cf1069e09469fc0f3c91ce766109e7a707444,400 ,0,0,0,400 ,ENA
0xec662a4d9022558d11dba0a6564757706fee0cf0,400 ,0,0,0,400 ,ENA
0x26961c463218e7f945b90b2eaf5e54a235905a08,400 ,0,0,0,400 ,ENA
0x53faf5d1974825e3329e092494bdeebc19261d1e,400 ,0,0,0,400 ,ENA
0xe1f21ad5246a5b484c4925b26fa9cc77e4b99cda,400 ,0,0,0,400 ,ENA
0xe14478cfba9a0cbab50fe402da5acec2856120d5,400 ,0,0,0,400 ,ENA
0x5703bfe1f5da796e7b6fca49031eaa33802f1002,400 ,0,0,0,400 ,ENA
0x7350a927f600264ad817c047361dac697fa73b37,400 ,0,0,0,400 ,ENA
0x08195f9d5b39f8eef7b413e8568651baa958fcd5,400 ,0,0,0,400 ,ENA
0xdffb4f09d808e1c93d891077a1901ec6367f92d4,400 ,0,0,0,400 ,ENA
0x9c4f87f9317598ba6e12dc389fda95826a47f964,400 ,0,0,0,400 ,ENA
0x5412a8df1a8df12331da94bbfeb0e7b24edc18c7,400 ,0,0,0,400 ,ENA
0x613c7e4973565946fa2918a8a8173923b73d75a1,400 ,0,0,0,400 ,ENA
0x21e8bd31b7d94b943e5c9721e945c02a331f761b,400 ,0,0,0,400 ,ENA
0x2f4630b222913994d8e0c9afe7d8adc53a1332ac,400 ,0,0,0,400 ,ENA
0x2a40407b333e8d24fa21d48fef078035824f6a2e,400 ,0,0,0,400 ,ENA
0xbf252a572c7c67662e333ebf255b184ee7b838e9,400 ,0,0,0,400 ,ENA
0xc449cc083782551a547dfa3d51ec84ba10011e57,400 ,0,0,0,400 ,ENA
0x00a2adda53729a7e1fc77bc001a836710f0f50f5,400 ,0,0,0,400 ,ENA
0x6b83dd6d6103f54fccf2a7c022745e7d8a6199b0,400 ,0,0,0,400 ,ENA
0x1b0569201a243f67b108c4e156a25e4c58fd5580,400 ,0,0,0,400 ,ENA
0xb6a23d6bf099f86d9d8d5e14c737e7f1a8a0fa9f,400 ,0,0,0,400 ,ENA
0x58e79a0c44e9bf71152bd2e51fea4c88b8a05097,400 ,0,0,0,400 ,ENA
0x7de795a56f9ac90dc29eeab8f85a6dac14bd8f6e,400 ,0,0,0,400 ,ENA
0x09406c55dabd1ea832c5f77581389e823af7c628,400 ,0,0,0,400 ,ENA
0x92abe653c45a16154f665cf70bfb248f4186cc09,400 ,0,0,0,400 ,ENA
0xdbc9bd9b53a3e8ec9b56d1f3fb870fd8725cda79,400 ,0,0,0,400 ,ENA
0xd5e0d53808b3206f3aac5c104cbabf4ee560e836,400 ,0,0,0,400 ,ENA
0x5db1b40a5b7f714f8ce43657ec99e4f8abf05eff,400 ,0,0,0,400 ,ENA
0xf7b2829a88511867cee3662c760837a0cf755efc,400 ,0,0,0,400 ,ENA
0x23ffe77c28e2a3300d90568ff46a9863e33bc2bc,400 ,0,0,0,400 ,ENA
0x8d22e32512288a7b32aaa1a48473c160bdf79a2b,400 ,0,0,0,400 ,ENA
0x4d15b644100402c7bad1367421e7c3565f439744,400 ,0,0,0,400 ,ENA
0x2d647afd68080b5f0cd4c12c8b03c20408eec115,400 ,0,0,0,400 ,ENA
0x0925e952bc34027ad30bc0ce02ca2226b62ac72a,400 ,0,0,0,400 ,ENA
0xeeb6da190876ff4ce856ecf6fd82ba848b72a25f,400 ,0,0,0,400 ,ENA
0x484dc3e808e2535ff8cebcb780a0ad44669ef552,400 ,0,0,0,400 ,ENA
0x9047077710ae848665d32c401860eb90c0a446d0,400 ,0,0,0,400 ,ENA
0xfc07a9fc513df12e65b8b00de9aa767374fe648d,400 ,0,0,0,400 ,ENA
0xa747ec0f5a53d68af8ead353c13480ed16322f12,400 ,0,0,0,400 ,ENA
0xc065a9a01a9ca5785c0aacd00261d4d21ba09183,400 ,0,0,0,400 ,ENA
0x596df3ac982de2ee1a86ae61e0abf0224e737a67,400 ,0,0,0,400 ,ENA
0x3aceee347fcbdc7803cf6984b71e1d90320cc5f9,400 ,0,0,0,400 ,ENA
0x9b50dba2e4d6c25476f63f342c2c286f43b1c8fd,400 ,0,0,0,400 ,ENA
0x321cadc9ee4c02b6831359deeba6c37243e10aaa,400 ,0,0,0,400 ,ENA
0xcf3d77f7644f5f7dc4f97ce6e15c2627dd92c08e,400 ,0,0,0,400 ,ENA
0x26264267024a03e9c46c446e872b1451bad409a1,400 ,0,0,0,400 ,ENA
0xf7dbc1419ad3929d332ca1ab00d286029b3bc7aa,400 ,0,0,0,400 ,ENA
0x0dfc7ea6944a3e5dd6368557d35cfbc8c9020809,400 ,0,0,0,400 ,ENA
0x2b5c463ba9e7079e4e190cbca0d93f2afb675be7,400 ,0,0,0,400 ,ENA
0xe677f3c70aaa8f3b821dfdf467102825f9085745,400 ,0,0,0,400 ,ENA
0x446242a8c444c17f1e0a7f4ad8f1961cec03bfa2,400 ,0,0,0,400 ,ENA
0xe072ed1521405ae08551e94131e19ee6a7138c0e,400 ,0,0,0,400 ,ENA
0xc3f361f947c0aa7163f9158cf94c013bd875d798,400 ,0,0,0,400 ,ENA
0x68ad247fa5ed9219d07ca055a98b33c0b633c818,400 ,0,0,0,400 ,ENA
0x0a92535e874b69bef8532b4de07551582119be08,400 ,0,0,0,400 ,ENA
0x0d1f95388ed19ef3186307c89d1b09cf1fbf8149,400 ,0,0,0,400 ,ENA
0x9bbd00fb389c6cc640666bda3e82864a35276292,400 ,0,0,0,400 ,ENA
0xa9171dbeee1697f8fedf3212b133da9b40ace136,400 ,0,0,0,400 ,ENA
0x2b64a658e65c28126abb5b7ba178148e489f11db,400 ,0,0,0,400 ,ENA
0x7d1a432ae32457715ca262c4f74a28bd84f4aeb8,400 ,0,0,0,400 ,ENA
0x6c68a460352bfd3daab554e05a6f672b15643366,400 ,0,0,0,400 ,ENA
0x8262ecf933cf1f67417f06d3f5d71d4282043669,400 ,0,0,0,400 ,ENA
0x37231ca590e98fda81ac81a3b475411125d1780e,400 ,0,0,0,400 ,ENA
0x1c16e87a1f377f437c7c8735a5b4dcf653510298,400 ,0,0,0,400 ,ENA
0x80375da07933c19785776b89d0fb49842536b0e1,400 ,0,0,0,400 ,ENA
0xfef19365bbb4cd42550402cf1fa2eea14a514920,400 ,0,0,0,400 ,ENA
0x59f6c7790770aededf14512a4a208566a4911920,400 ,0,0,0,400 ,ENA
0xe68d220c3ed3c4cc7dbe1f9c4022ffae651cce39,400 ,0,0,0,400 ,ENA
0x6ea6668679cf5cac23b7a0aa54ff493410733de2,400 ,0,0,0,400 ,ENA
0x28274f06d2535aab5f4d8c37f96328ad9036ee07,400 ,0,0,0,400 ,ENA
0xf4bc8958e28870dd02e481fe14c80e671e40c36e,400 ,0,0,0,400 ,ENA
0x1f98d8e3ce46e4cf73c85a42134fdc27f1ada59f,400 ,0,0,0,400 ,ENA
0x05336063365020282ab627e2586fc0fe4df24d22,400 ,0,0,0,400 ,ENA
0x971f74180472f7ebdc0958bdb6bf6decf8ce8432,400 ,0,0,0,400 ,ENA
0x1708d710032425e7e7a5f15413f24849550f33cd,400 ,0,0,0,400 ,ENA
0x6ff41f5b1ade8a09a027363bc5836400985522ef,400 ,0,0,0,400 ,ENA
0x16c0c9265225334c4b1f53456cd380e0ad0f027d,400 ,0,0,0,400 ,ENA
0xfb1626c0311392c62723d06fd3c9160404da0f33,400 ,0,0,0,400 ,ENA
0x7343ab989ff6f9a9ffae24b39a26c50e3e68ae4f,400 ,0,0,0,400 ,ENA
0x19873aba4e2d6c119138694cbe31f2a7c6734875,400 ,0,0,0,400 ,ENA
0xc0ea66a0f856d8767e37d17304d116f653bd2a0c,400 ,0,0,0,400 ,ENA
0xb301082ddc23a1129104b7f6e1b4a9d7c0a0e304,400 ,0,0,0,400 ,ENA
0x7a2df67385c76484e6e5231a038feeccfa5755d4,400 ,0,0,0,400 ,ENA
0x475d0035c03662a804d8d63f615d5eb43d259bb3,400 ,0,0,0,400 ,ENA
0xce5f20097566374706019714996ab257d19fbbcc,400 ,0,0,0,400 ,ENA
0x45cc831dbd34c6e69d08a8cf1f9bd6bcc88da6e2,400 ,0,0,0,400 ,ENA
0x892af9cdbe168673cd4bf4cb414b08dad653cb4d,400 ,0,0,0,400 ,ENA
0xb0dc18aeed7d8806b15a9173d347b31f2f239813,400 ,0,0,0,400 ,ENA
0xaebfa4dc2ed38b09be3130225db49dcff6476cc7,400 ,0,0,0,400 ,ENA
0x1621de9eb1c4b51f9ab20abbc55209609de5ffad,400 ,0,0,0,400 ,ENA
0xb9602ccd21e83615393324cfb9a378faa2f57153,400 ,0,0,0,400 ,ENA
0x30b2aa0fa696456551b9ff808cf6084d7d5ffa14,400 ,0,0,0,400 ,ENA
0xb1b7ac0df4ff5d2c4625953345afb693b1f2188b,400 ,0,0,0,400 ,ENA
0x4d94a0d76dfd40b725dcfeb178c51b18c1c48652,400 ,0,0,0,400 ,ENA
0xe03f62777b95d185539157ff253cad0f2bc916f2,400 ,0,0,0,400 ,ENA
0xd563ad93290a883bfba3b70241ddb660c7d575ef,400 ,0,0,0,400 ,ENA
0x234bc0a87987e598a5fb4d936b56275a51494bc3,400 ,0,0,0,400 ,ENA
0xcf0fa56e5a99ccbb9f58a48a54cf17c20de046c3,400 ,0,0,0,400 ,ENA
0xedc3e30014eca4bcd9bcca94268e97b459ffb866,400 ,0,0,0,400 ,ENA
0xbfb2d771f04b0c54465cc3182c66033b82a5ba1a,400 ,0,0,0,400 ,ENA
0xe9246b93482889d6b2507f39696e467396c93217,400 ,0,0,0,400 ,ENA
0x0c37c00a8d2a5435d530615cba1641424939135f,400 ,0,0,0,400 ,ENA
0x48312ff6de26edcca32c023d2394f8d0c1707e79,400 ,0,0,0,400 ,ENA
0x66c42c789d40a854bb6aa9b6c7b46b5e5b42d273,400 ,0,0,0,400 ,ENA
0x89807ec1a6147c57cabf2d5cdc6060e5e483176e,400 ,0,0,0,400 ,ENA
0x124ed8398edaaab08d2de0904be61f390372fb0a,400 ,0,0,0,400 ,ENA
0x46b1c97bd77d6d6260154b118a16d1bd6ee00293,400 ,0,0,0,400 ,ENA
0x8a65e913485a92fc50a23067271cfc7681e380dd,400 ,0,0,0,400 ,ENA
0x2d658a1d2951a367dc2fd3c9ed395ed8ebbf0ca5,400 ,0,0,0,400 ,ENA
0x209afda9e8bd04682300d8ba7dcad998f855f7af,400 ,0,0,0,400 ,ENA
0x3c89ab51a480e9620fa84726c9401b9ecf09d014,400 ,0,0,0,400 ,ENA
0xd3bd583d52f32c5c90739eae60afa8b51345357f,400 ,0,0,0,400 ,ENA
0xcb00d11d646dfce17653f332358048c7d4e1ac4b,400 ,0,0,0,400 ,ENA
0xce938f6bc67887525ac4c3af2f48a52bc5f63c61,400 ,0,0,0,400 ,ENA
0x00ce0580759e1127874d2882be5a4eb71acab449,400 ,0,0,0,400 ,ENA
0x908e18bba51235d121e458d6c3b46a037cd43aee,400 ,0,0,0,400 ,ENA
0xaddb2f401a5eb19e2ead0166146d679cfcf3003f,400 ,0,0,0,400 ,ENA
0x933560039666c089ba52d2c301fbe494816eb1c9,400 ,0,0,0,400 ,ENA
0x8445ed523831bea03903898817162fc823e23d5d,400 ,0,0,0,400 ,ENA
0x08c182b771ef76350e6a2476a0773bf5f20dd3a5,400 ,0,0,0,400 ,ENA
0xafbae637cafa592935a3c4d8564b321164d6d529,400 ,0,0,0,400 ,ENA
0xac79fd6008b971723d16974cdb23ad70ecc00bee,400 ,0,0,0,400 ,ENA
0x04fccedfe733daad946cabaf1b5cce70c06807d3,400 ,0,0,0,400 ,ENA
0xd121f9c924d70e1321edd44c7c50d603f76f7ab2,400 ,0,0,0,400 ,ENA
0xcb068b666ffce23f4cb810bc2ebd8361967faa19,400 ,0,0,0,400 ,ENA
0x1e4df4ed98624de9ca276f103762a71e04958f46,400 ,0,0,0,400 ,ENA
0xce183c9b4061bf59f20cb339774e94ad005b74eb,400 ,0,0,0,400 ,ENA
0x21db66dfcbde11f2d70d765b7c08b076f592cdd1,400 ,0,0,0,400 ,ENA
0x813272cbd140535d7c9665f9d59fba9a8c5bb921,400 ,0,0,0,400 ,ENA
0xf839ab0780e66438cd151c58acab1f46bc15de42,400 ,0,0,0,400 ,ENA
0x499827cfc28f61bdcb3b9f581af4507dfd9317ff,400 ,0,0,0,400 ,ENA
0xf9b08f72b0eb95b17a156e22493c62ec0d2aeb92,400 ,0,0,0,400 ,ENA
0x249a2099858bfb1e3b092aa98fa5a4b816434f74,400 ,0,0,0,400 ,ENA
0x05b313a03c7a624a249ed53e7757fd9613a15a42,400 ,0,0,0,400 ,ENA
0xb70e0b6f86274cf44fc5f3c463dc28503735d4d1,400 ,0,0,0,400 ,ENA
0xfdfafeaf40f53d69f07948ad8b7b69b4870556ad,400 ,0,0,0,400 ,ENA
0xeb2ad70dd858b484e9ada450a3441de0842b7875,400 ,0,0,0,400 ,ENA
0x61790361cf0298d427293a96005a28eab270a514,400 ,0,0,0,400 ,ENA
0x9b2c57351c06652a09d01ad31e47e77401f84da8,400 ,0,0,0,400 ,ENA
0x1ac50edf06a42c10d2ff311fc2acff6ffcc5d5ec,400 ,0,0,0,400 ,ENA
0x415fc497ff69486f7ddf81f27e0d05489c581541,400 ,0,0,0,400 ,ENA
0xf7d42f83dd89e34679ad5a828dc72424e1b3cdd2,400 ,0,0,0,400 ,ENA
0xf50489f1fee8b15c34482d1ee8e771ee1bc52912,400 ,0,0,0,400 ,ENA
0xdba052232c860b34c067ae057c0099d1b1ad9dfd,400 ,0,0,0,400 ,ENA
0xf5ddfe9457866ab9dbf26f3ff277c255774d0a2c,400 ,0,0,0,400 ,ENA
0xa9f6b8ed266a41801dfadf4653ffa9094b3b4c0c,400 ,0,0,0,400 ,ENA
0xc1a433167301f992f0fe26f20606028296b8cc3a,400 ,0,0,0,400 ,ENA
0x5b5898b642501ab00269d139773c889e32492c60,400 ,0,0,0,400 ,ENA
0xea3b624be571159421e70a82059371672e335d28,400 ,0,0,0,400 ,ENA
0xcc9c70e66bb20c6ccc173010adebe388d825476b,400 ,0,0,0,400 ,ENA
0xf1ebd529839756d292dee759f15d7f397bad349d,400 ,0,0,0,400 ,ENA
0xdd871b8c2deca2954dcf60220c36308744da619c,400 ,0,0,0,400 ,ENA
0x9d5400ad61e454deed3a3295f9031a44d6712044,400 ,0,0,0,400 ,ENA
0xcf99cbbf3f8bd1aba7b2518779bc3df0a911119a,400 ,0,0,0,400 ,ENA
0xa1675154dd19413bb48c7a258278e57330186a1c,400 ,0,0,0,400 ,ENA
0x9ebe371d6194454f45782a0bc0dc94e47ad0b741,400 ,0,0,0,400 ,ENA
0xe52d2bae7243ec81556fd84ac12114e874cd3653,400 ,0,0,0,400 ,ENA
0x88b0fc7ee3d2cf4c6b5a3cacae3cffea499dede4,400 ,0,0,0,400 ,ENA
0x0496fe43f6f000966e853b4acec43aa671736db2,400 ,0,0,0,400 ,ENA
0x6ea8ebe1705f4dd542aa0ce6fc1335d5572a2d58,400 ,0,0,0,400 ,ENA
0xb909ec8e10f082bee962abb8e0b4781192670567,400 ,0,0,0,400 ,ENA
0x4fb4a931cbfeb63a3cad26e9db53c1b270c25e1e,400 ,0,0,0,400 ,ENA
0x3a36ae1bbd6b1d80d19d30327660d82847430765,400 ,0,0,0,400 ,ENA
0x845fd9d8cd4722514ae4d54620730de55fdf04d6,400 ,0,0,0,400 ,ENA
0xce4541201221b30faf27b2f7214b33533ff4c091,400 ,0,0,0,400 ,ENA
0xcbc8f28d9b6fb280393c5810c7e792ead6c7fbcc,400 ,0,0,0,400 ,ENA
0x32a59fd90adb4db56b431322ee9e6b642a4adfa8,400 ,0,0,0,400 ,ENA
0xa48c0b9429fa5ee4bdc69ca9bfa345559684ed71,400 ,0,0,0,400 ,ENA
0x6c7c97fea10145f894fd0bb19344937a7cc6f001,400 ,0,0,0,400 ,ENA
0xcfd7cb192775f92a9172ccfee2a9fa1f69d4be40,400 ,0,0,0,400 ,ENA
0xe305d76aa226727238d0263143f24cb3f11bfaf3,400 ,0,0,0,400 ,ENA
0x4a28da2d687a9807303f6ea6516add6e25df2836,400 ,0,0,0,400 ,ENA
0x9207f50d8d45ae5a07c50db41ee1b3be41997f54,400 ,0,0,0,400 ,ENA
0x764172d14110d7dff68b744fea4120424962aa01,400 ,0,0,0,400 ,ENA
0xaf98dff816eae5a3256075671b002d7ec990dd8e,400 ,0,0,0,400 ,ENA
0xb5b3154045d1b5179fde98d168d28ce2874901f7,400 ,0,0,0,400 ,ENA
0x9d763bed705a797b89d1b3de2f479df0f44bca6e,400 ,0,0,0,400 ,ENA
0x70317c3fb15518abacf8c1c5b1005e9456e20364,400 ,0,0,0,400 ,ENA
0x1de2df63e12e036180df52798be2b682cce72b60,400 ,0,0,0,400 ,ENA
0x43f0b0edef2d21bcb07130ff8eb7dbb5297d0d94,400 ,0,0,0,400 ,ENA
0x4147171bfa08ab8fa408da11a23dc94047ace0b5,400 ,0,0,0,400 ,ENA
0xe8b791f5638c8be55cb2555105399f20651cfdb8,400 ,0,0,0,400 ,ENA
0x753cd50c0fe63e335a691c769612bc80e359a9bb,400 ,0,0,0,400 ,ENA
0x324891beffd4c53dcf96767c953d64155bf73e97,400 ,0,0,0,400 ,ENA
0x34cdb4de8fb0143bab5dd85d82eca50e9e11f7ee,400 ,0,0,0,400 ,ENA
0xedabd0d4792fedbf90fdfb52659a7af532e95f74,400 ,0,0,0,400 ,ENA
0xc807341ea915dbea5c0792429ade1cfc76724504,400 ,0,0,0,400 ,ENA
0xdf3be1503149093f95035d7c927b6ece3d4fc7d0,400 ,0,0,0,400 ,ENA
0xc3e37b9e34e0e58b02827c1f1fdbcde13e74dded,400 ,0,0,0,400 ,ENA
0xb07014973b48d27534a079a47a3e9e036f0d8ccb,400 ,0,0,0,400 ,ENA
0x52f23477588d349e02ce0fef7946041828492a0a,400 ,0,0,0,400 ,ENA
0x8cfe6646527362d040893edd3f5a44eccbb1a5d6,400 ,0,0,0,400 ,ENA
0xa23afb6289dcbfd571cb36d6d0830cb7ea9de4cb,400 ,0,0,0,400 ,ENA
0x3eda775d82a1db0730d718e2cf9b273064a49580,400 ,0,0,0,400 ,ENA
0x1a6cb8af1241033483ed1ee51937e209a8b4d136,400 ,0,0,0,400 ,ENA
0xb514db47de705c9ae1dfb85f4760432f53700b7b,400 ,0,0,0,400 ,ENA
0x72744e5a7320a9debd689b7219b3370e9d6b1d63,400 ,0,0,0,400 ,ENA
0xf94e44d8e4c5ea275522a008b30a6710d7a2ab26,400 ,0,0,0,400 ,ENA
0xea8e59267b3796238ba840764048cff1dedf6b21,400 ,0,0,0,400 ,ENA
0x0e6e8edf920c7662545b83b2e89db4e46cd9f554,400 ,0,0,0,400 ,ENA
0x54a5fd9c0e117cc112c280b28f1115db38ea50ad,400 ,0,0,0,400 ,ENA
0x10bfa335538336144e0d3c385b39ffeaff7731a5,400 ,0,0,0,400 ,ENA
0x0c16159044145ab95bea9d4c7914975b8699ddee,400 ,0,0,0,400 ,ENA
0xf9baf7c4daacc17faa011d162b92a296da619d20,400 ,0,0,0,400 ,ENA
0x137ce95389793bd19dbe51ff6cd9ed2f5dc39158,400 ,0,0,0,400 ,ENA
0xa9775cd089f4336d1ac927bdb470ee9e78845d91,400 ,0,0,0,400 ,ENA
0x1f30f478b84ad14b061f0910c00e81044eb8984a,400 ,0,0,0,400 ,ENA
0xe2c93611b0c837b0de38f5c13fffd7354cce9b2d,400 ,0,0,0,400 ,ENA
0xe6f8076f77a4e6dda1f159f0c10800eb3d56b11b,400 ,0,0,0,400 ,ENA
0x60c0cd7644f0f091cdfb254816693b555f54c9e6,400 ,0,0,0,400 ,ENA
0x5f12d54a360e8cf00333a1ca5d4f98a8aee6c138,400 ,0,0,0,400 ,ENA
0x1f7dbc9bbd060a56f49a9d789601151bd60bdec7,400 ,0,0,0,400 ,ENA
0x705849686e5c8a2013ed09ed7d485d1fc90b1582,400 ,0,0,0,400 ,ENA
0xe19e26becff917f057ebb35217fdf4ab3252dffe,400 ,0,0,0,400 ,ENA
0xda076de3a89e53389fd84d924789474c44e10942,400 ,0,0,0,400 ,ENA
0xc0d212c8816858f8e62e5e88c1812ee16366625b,400 ,0,0,0,400 ,ENA
0x72bc6d53ae0ba92e6fd429a6e0006466b142da5b,400 ,0,0,0,400 ,ENA
0xc9000ebee6c2c28e61c616f888a21083dd01099d,400 ,0,0,0,400 ,ENA
0xd337dedaa64c7172ee501f9b3bdb91c51082a77a,400 ,0,0,0,400 ,ENA
0x9f23001ec9a2d34ec22996d3c8508e73b0472d83,400 ,0,0,0,400 ,ENA
0xd90b6d48c984e6594a6980deaea2b018f127655e,400 ,0,0,0,400 ,ENA
0x1fb95b6fd1b2a9375589d36338e97ce97adad5e4,400 ,0,0,0,400 ,ENA
0x9d1e10cef1883ddc118d90e485b694ed7706c076,400 ,0,0,0,400 ,ENA
0x33c8c1990efca7f0d0cba442fcfee6982215839d,400 ,0,0,0,400 ,ENA
0xdc0866b68640f2bd525ebd64a7bb1a032c1b39a0,400 ,0,0,0,400 ,ENA
0x8491a5feb9b6864fa13f8822fe6f0b2863763d45,400 ,0,0,0,400 ,ENA
0xf1b5876421d9cd2b504c64dab1e89099f28b8d4b,400 ,0,0,0,400 ,ENA
0x131a402ed03fca17342be43f8a44f350c9c8861e,400 ,0,0,0,400 ,ENA
0x65a98fc1b48896b777cc49029ffb6f67abae4207,400 ,0,0,0,400 ,ENA
0xcfe013dc930c92faa309bee6e5150ed6551546ec,400 ,0,0,0,400 ,ENA
0x9025706950e34943dec132ed7f0c05fdf727ede4,400 ,0,0,0,400 ,ENA
0x786bac05259a6e86568cae602ff549d3c432d25f,400 ,0,0,0,400 ,ENA
0x319b023e74a243230eb872f87b8b52fe8e83521f,400 ,0,0,0,400 ,ENA
0x08ed524aef70889fc13c0f1c9bcb2f9c8f905979,400 ,0,0,0,400 ,ENA
0xb91cc80a5e1a381e3a58498bfea41dfa477cb507,400 ,0,0,0,400 ,ENA
0x3a57db36e15f62fb0cf6510fe12cff12f4a431df,400 ,0,0,0,400 ,ENA
0x20b5f42a64c862768d92db0a3a35c363fe7b1d45,400 ,0,0,0,400 ,ENA
0x6bc08585ab76ce3e54019d221a6646c87d0939ab,400 ,0,0,0,400 ,ENA
0xfc35a29cec98ffb5773dcee893d6203aef132401,400 ,0,0,0,400 ,ENA
0x530ae3371fc23c06af8be5dc312da5c36815c72e,400 ,0,0,0,400 ,ENA
0xd1dedb0c84f216eaa8e05af7f6ab3142be2403b8,400 ,0,0,0,400 ,ENA
0x78f1128ccef72ffe5ee394695720be1839c34a83,400 ,0,0,0,400 ,ENA
0xbeccb260ae64b8dd105d18d93c2faec47291ed0b,400 ,0,0,0,400 ,ENA
0xda1ca4e892736c337047936d63782060da029d97,400 ,0,0,0,400 ,ENA
0x67e07f0496b60792d6d62c49844cbfdc890e2e71,400 ,0,0,0,400 ,ENA
0x881de5e26271fc6f9e9523a424579b6762b3ee8c,400 ,0,0,0,400 ,ENA
0x0dbc5043ba9342b687a9648c8af94997f530a34a,400 ,0,0,0,400 ,ENA
0xf2fa9315fe064bfaea19512aad5ca07d7912a182,400 ,0,0,0,400 ,ENA
0xc7ebcc10b56709a576f4a99c14f711fb0631de56,400 ,0,0,0,400 ,ENA
0x4a20edb160f84b71f9d23e9cf37746e6389f0940,400 ,0,0,0,400 ,ENA
0xf6342a23940f932506f470688620767a0ba0fb7e,400 ,0,0,0,400 ,ENA
0x0febbef8c22fb7137e8d796d2061218823a6d49c,400 ,0,0,0,400 ,ENA
0xf972e65addaec6be6fda9873232f06508f18123f,400 ,0,0,0,400 ,ENA
0x2132ebf4154679e8d16e363e89c9f02b69da1174,400 ,0,0,0,400 ,ENA
0xad856bc3884ebd9bd0e99338b1738dd85a628f1b,400 ,0,0,0,400 ,ENA
0x081d4f5687b711f64fa5713324ed04f49e84b9c8,400 ,0,0,0,400 ,ENA
0x542814da442a4d28dd03499ace82ce63a864a6d7,400 ,0,0,0,400 ,ENA
0x396541783080095bf64ee6c242355fbc70716342,400 ,0,0,0,400 ,ENA
0xb111d4cac5fb8a36fdcb67d477c5f48ab9a5ef5d,400 ,0,0,0,400 ,ENA
0x2fe541a4738fac976a40a02ccf43c3232282d13b,400 ,0,0,0,400 ,ENA
0x30a595f98c697f575e27d648294167c496780583,400 ,0,0,0,400 ,ENA
0x18c512f19ea706b1899e8b5bd386b99d93253e0f,400 ,0,0,0,400 ,ENA
0x86065b056ccbfbd540f69535da45dd902922c24c,400 ,0,0,0,400 ,ENA
0x669e41e77b69296d233a1a17ddb00af43bac3e39,400 ,0,0,0,400 ,ENA
0x8ab508f0002da74a5dcff5221ab6a710e4f16b87,400 ,0,0,0,400 ,ENA
0x53e96e43b658b46b553c3d142c49caf33178e69d,400 ,0,0,0,400 ,ENA
0x0a49e30820846494606b1b23bbb06fc2a51b0525,400 ,0,0,0,400 ,ENA
0xc3158e411f3403d51d7c8a8738b0dddd21c7d254,400 ,0,0,0,400 ,ENA
0x3dcfb2db35f86ff12c2b54a5cfcca47fad5a83d2,400 ,0,0,0,400 ,ENA
0x65c2737c6375c2980ddc20aab1e6946d31c7af97,400 ,0,0,0,400 ,ENA
0x2f4e0dc08b93e80b309936ad12a45ed5e1577512,400 ,0,0,0,400 ,ENA
0x4ede9e9aa58becbb6022fb5e3f10a011b7a42576,400 ,0,0,0,400 ,ENA
0x9549a30df4795543cde84399d7b2c5fe29a68d05,400 ,0,0,0,400 ,ENA
0x7cd6bdacc58d922e22d32cf187c30839fc3f9262,400 ,0,0,0,400 ,ENA
0x1a3e2fa6926ef8db07ba9f4d3b35f5b2d6db4e6b,400 ,0,0,0,400 ,ENA
0xe8fc6295424befff96e0b61f4892883c0a0e4c8e,400 ,0,0,0,400 ,ENA
0x57767193dca307e1841b7bbecaf9f70d5a81a067,400 ,0,0,0,400 ,ENA
0x1a9b82e72c92bcd724985d1d92ec96ccabdd7afc,400 ,0,0,0,400 ,ENA
0xddd660baf83bd8055184a22c3ed94acd0f6897d9,400 ,0,0,0,400 ,ENA
0xe197d8b8967b9bd6f2b8e3f12c4469eca52a3934,400 ,0,0,0,400 ,ENA
0x2980362136697f945b768cd400cedbcc344ec469,400 ,0,0,0,400 ,ENA
0xb996a8b26a16269af1934ea2a75959262520b7cc,400 ,0,0,0,400 ,ENA
0x1020cb084ea91b73ac90eeca5864eb851693a56b,400 ,0,0,0,400 ,ENA
0x9a3793d4b125fe79e04e9199f91d0548a5303599,400 ,0,0,0,400 ,ENA
0x9d8cb3a81f37d195e3600b6961b60ad238ec243d,400 ,0,0,0,400 ,ENA
0x98632a4fb579f3a347043023e19540055bd7cdde,400 ,0,0,0,400 ,ENA
0x4e630cdf25f09030319758190b697bb5b0623e8a,400 ,0,0,0,400 ,ENA
0xdbdbb3bdc26e9c5120f6c5d370c9ceb6c1ecc54e,400 ,0,0,0,400 ,ENA
0x06218a5bf0bd004438ada3468de48c0c974ae89a,400 ,0,0,0,400 ,ENA
0xa7bf1d4e743be765e814a3a3207fbf12a30cf548,400 ,0,0,0,400 ,ENA
0x414e80269eef1027ea3012bf8622840b10f8feb4,400 ,0,0,0,400 ,ENA
0x7b0dc9f2d990c7df53fe8927a91247d59230b049,400 ,0,0,0,400 ,ENA
0xe3db8db94b27a84c166ac4d52224cb7ebfd5d566,400 ,0,0,0,400 ,ENA
0x8ad74434574d4189cd8b825044371286737f07e9,400 ,0,0,0,400 ,ENA
0x82d989f7df07411ed7d9c1358b8b975d3ce0cfd6,400 ,0,0,0,400 ,ENA
0xae24de622a3f02a2922837e92e5f6cf0e319997e,400 ,0,0,0,400 ,ENA
0x92d09c5233f4360a1d6df082c952e2b2f9721d9a,400 ,0,0,0,400 ,ENA
0xfcba4ae8f19a06e240ad94509d0ba1c4f5c21259,400 ,0,0,0,400 ,ENA
0x83e30f4bd8dc69108fe4552a83e01079462774ab,400 ,0,0,0,400 ,ENA
0x180abb297c2a70bbe8c8fe14a0425e8919fc0c9d,400 ,0,0,0,400 ,ENA
0x7771fa0f95b0ae0b1f9c2d7ac6a9a0f472436915,400 ,0,0,0,400 ,ENA
0xc714b87dbe54f22ef6d8b423f9d678b887609052,400 ,0,0,0,400 ,ENA
0xbf527163abf1a8f9990067f7db1664000248a4a7,400 ,0,0,0,400 ,ENA
0x1534ccdacc93b289d57b2ce27cf3596106a3b4b6,400 ,0,0,0,400 ,ENA
0x31e8d862b33400702e102e6df3df5cec1725b111,400 ,0,0,0,400 ,ENA
0x4353bf90b2c5413be516f677de5cf12fe2422c9f,400 ,0,0,0,400 ,ENA
0xfa391dce3b0250d03c98c914acfe34eb5a917e64,400 ,0,0,0,400 ,ENA
0x856244e116d6f8582be0f11cdf3b1ef603c4ce1e,400 ,0,0,0,400 ,ENA
0x7212e2c1e35dbfe534900988206ff8de18ab10d0,400 ,0,0,0,400 ,ENA
0x80d7c3167abcdf15727f5044ed2df7a16076efda,400 ,0,0,0,400 ,ENA
0xfb9eaf764d426b83bea42eea1f4ce310e905975b,400 ,0,0,0,400 ,ENA
0x6202c94a6c09883601f94cba7b07f5578ccfafe4,400 ,0,0,0,400 ,ENA
0xdea6ca6e86a0d4f74f6d4dd68122daeb9de9de42,400 ,0,0,0,400 ,ENA
0x67d302569bcdaa375928791cc496ee22a9aa4d8a,400 ,0,0,0,400 ,ENA
0xa2571460d60a77b7e8c990b2710a7362ba4ce20f,400 ,0,0,0,400 ,ENA
0x13e5a90af6c25aed3b90a446490ddd21016c6cd0,400 ,0,0,0,400 ,ENA
0x9b30157c3bd0d5c051388962b46287c36e389bc7,400 ,0,0,0,400 ,ENA
0xd4812ceb1e40fd7f0a1e86a922769572a2203860,400 ,0,0,0,400 ,ENA
0x4cc88984de062c9655af3f6c5484e097d465f57e,400 ,0,0,0,400 ,ENA
0xbf3ffb1e4182340080e21327d82b1d4c832b490a,400 ,0,0,0,400 ,ENA
0xa9051a5e41e2934ecd9ae687db8db395215ad6f8,400 ,0,0,0,400 ,ENA
0xc6286bcbbf54b46e496f439d35004d335cf37ebd,400 ,0,0,0,400 ,ENA
0x2e489a5aa377797080fa9219aa3796326204718b,400 ,0,0,0,400 ,ENA
0x4e760188e0a324ec92ae2ba3f0d1fb2cf8d71466,400 ,0,0,0,400 ,ENA
0x9a7f4a7226d8a73fcb7080b8b5703a32fa40dfbc,400 ,0,0,0,400 ,ENA
0xbf58004f1194d970ea3ff2f7588d02db54061632,400 ,0,0,0,400 ,ENA
0x3c1ea2a5cdf21e9280cbdb2b8c977e4b22217249,400 ,0,0,0,400 ,ENA
0xbb1fd904982ace4d37d7f74530e8227bfd96fd2f,400 ,0,0,0,400 ,ENA
0x1585e40cd1e195bd89d94f144a1d1dbc6c7ab157,400 ,0,0,0,400 ,ENA
0x63921844250c4321c1a909909625481c80822557,400 ,0,0,0,400 ,ENA
0xde83ba737e3d5de6b513d9849df4e6f2892f1800,400 ,0,0,0,400 ,ENA
0x01ad37dfab5584e0603503398935189be7662c96,400 ,0,0,0,400 ,ENA
0x4a74e532b7b1706bd918a23a2283143cab0ad115,400 ,0,0,0,400 ,ENA
0xf52eec3ce4481dc362524ab20629dad1bb88bd96,400 ,0,0,0,400 ,ENA
0xa725fc08eb900b5fc2be53404a4482a4fdc47b50,400 ,0,0,0,400 ,ENA
0xbe683a6ec12e72b90df7118b51ee7fbfdc39a63b,400 ,0,0,0,400 ,ENA
0x574b50238b59bc74b9a2ff072b2fe91399bd2d38,400 ,0,0,0,400 ,ENA
0x8cc4fa7491ebef749e5ffb8151df816ff46ee9d8,400 ,0,0,0,400 ,ENA
0xa7e41523045b4e49dff6ff40f44334e522e7f0fd,400 ,0,0,0,400 ,ENA
0xd548e38f9ef32613ecda080e51c54500022de4c5,400 ,0,0,0,400 ,ENA
0x2fedffb094852a64524a1ab4f654b5563faf65f5,400 ,0,0,0,400 ,ENA
0xbcf09f94b78d54da6b35d15781cee96d159ab3e9,400 ,0,0,0,400 ,ENA
0xb3518d65838a19a881bf2e5323aceda292641e7b,400 ,0,0,0,400 ,ENA
0x56fb702eb9c8064ce0cf940d43018cb175a145f6,400 ,0,0,0,400 ,ENA
0x8a2b5fbb95d39a41e5d840ab49b573e2a4d17ae0,400 ,0,0,0,400 ,ENA
0xffcda549fa7e3c1cd16d930bab0751e2ef033102,400 ,0,0,0,400 ,ENA
0xb138c6ad6cf1e5e81c2e5584a78a2398f11ed2a8,400 ,0,0,0,400 ,ENA
0xb2a08c4164cac9f3c9858a6f9be1a842a2c34ffe,400 ,0,0,0,400 ,ENA
0x3a2c3dbff895bff9539e54d60139377ec1c16837,400 ,0,0,0,400 ,ENA
0x2c2edfca7c21d0644d847697a1ad58089094a812,400 ,0,0,0,400 ,ENA
0x763156839515ba7606b9600d010356ed5b7b4e30,400 ,0,0,0,400 ,ENA
0x27be5574ec87c9640de1ee5149b5d71727273bf3,400 ,0,0,0,400 ,ENA
0x8c0a4e8a9f4e466526abc1ee1ba0e13433902af1,400 ,0,0,0,400 ,ENA
0xc0cf1c66f29def3d3998ea71329be55e61a97ce7,400 ,0,0,0,400 ,ENA
0xa2777bb1fd5fe0a6702d4ccfc6d229b081739e90,400 ,0,0,0,400 ,ENA
0x3fe26fcffc77e5799038428fd457e7eb715998a3,400 ,0,0,0,400 ,ENA
0x092fd75e7e7bb451c5ec3d43a828e9e0540261a8,400 ,0,0,0,400 ,ENA
0x07ddff004832cdbc4bd758db9f49e489b41bb035,400 ,0,0,0,400 ,ENA
0x47223166bbebf9583b2d4c1c3599b0f557f937d0,400 ,0,0,0,400 ,ENA
0x9567b0e67fad6bfa9999f635ccae065cb86cdded,400 ,0,0,0,400 ,ENA
0xcebeb2b395b25e3f469a5cfc8cc262da2dcc7aa5,400 ,0,0,0,400 ,ENA
0xd1cc6444fa70665f5daebcd9e23cd31b764fc76a,400 ,0,0,0,400 ,ENA
0x0060569570e485eba558ee8ab9be1edb3aacb0c9,400 ,0,0,0,400 ,ENA
0x9b9cbb29997a5985cde57fa029065e99f85d21c3,400 ,0,0,0,400 ,ENA
0xeae8a340f7828dc0b4f8445e7d3453d1723ffe06,400 ,0,0,0,400 ,ENA
0xf9aea3427d9cf0312f75a65fd0a8f57d27bf04b6,400 ,0,0,0,400 ,ENA
0x1f2f16c2c3d705d7066d5554e553501ec76c52a0,400 ,0,0,0,400 ,ENA
0x83f5caf26a54b570f3a253e991db3f08636cb05c,400 ,0,0,0,400 ,ENA
0x13636488b4446126677797cc543f76b3fc18b627,400 ,0,0,0,400 ,ENA
0xcda34fd11ea2cf29305da3810f3ec3b66031ba8b,400 ,0,0,0,400 ,ENA
0xc632f3582fee8eb54e71f9013bcc5ef2fda4f985,400 ,0,0,0,400 ,ENA
0x71af1bfb72cf0e88860b5532304d26040fa6809f,400 ,0,0,0,400 ,ENA
0x533da6f2f87bf0827ee285c2d153cc9a82cc69c8,400 ,0,0,0,400 ,ENA
0x3b96cedb1c008f1abf38fa5b5d19e908327711f1,400 ,0,0,0,400 ,ENA
0x207298fffe537902b61525ed55cc98e96e8f47bb,400 ,0,0,0,400 ,ENA
0x62e710dca1ae59d76ae901040f1d452b64fa1a27,400 ,0,0,0,400 ,ENA
0x627bb282d8454131b0c992d4135c62f479c9e4ea,400 ,0,0,0,400 ,ENA
0x50aebfebcf000a86d9021600d53de5089aca67a0,400 ,0,0,0,400 ,ENA
0xa3f943836480af93f4e55945f18de1cb921bebef,400 ,0,0,0,400 ,ENA
0xc167771ca360f4dec6ef60c077ba42e8f24b80bc,400 ,0,0,0,400 ,ENA
0x219b228acf86da12f95c667b5e5ccd3e1e1f7b33,400 ,0,0,0,400 ,ENA
0x304b6f0c09221ecccb021f11c5f9717f0bba4778,400 ,0,0,0,400 ,ENA
0xb30d456c73ca9d7c9534957d3728df3872275345,400 ,0,0,0,400 ,ENA
0xa17a0904d265673b9626341b26af0273bb4737c5,400 ,0,0,0,400 ,ENA
0xe2f8d96739c64a6645fad94fb6343ead9b5bc724,400 ,0,0,0,400 ,ENA
0xedad809c0b7d26ed93c039e6f557e627e86827e0,400 ,0,0,0,400 ,ENA
0x1442e080de7642b1155ee0b848ae61a295739e68,400 ,0,0,0,400 ,ENA
0xec025a12330a08aa7268f477a202547b5d2bdfb8,400 ,0,0,0,400 ,ENA
0x618d17bac9de6d2cf4d8bf4b7646e92378d30dfe,400 ,0,0,0,400 ,ENA
0x5415f0b163ecaa3c39298824d1adfd26c93d83af,400 ,0,0,0,400 ,ENA
0x00046aaaaab4e7dec3c261ac4acf6ba5890c5980,400 ,0,0,0,400 ,ENA
0x14c020f10c73fba280913cd24eb94ea8b159ffef,400 ,0,0,0,400 ,ENA
0x54d6640e77d32e7dd086d32e028973607917511c,400 ,0,0,0,400 ,ENA
0x316db9f9a67ea8f93ed38d80458c51d46ad8b404,400 ,0,0,0,400 ,ENA
0xc32828129cbdd119862823c917f99417dd84325e,400 ,0,0,0,400 ,ENA
0xfce746e4be6b80c4fb374d77dc88e5c6033755fe,400 ,0,0,0,400 ,ENA
0xacd6ae395ce581ede3de5ccb3b844c5d9177974b,400 ,0,0,0,400 ,ENA
0x4232936a3dbe2a9a2a59377ce840c9619083051a,400 ,0,0,0,400 ,ENA
0x6a16880c9e05cb297e197e83681b789eae1c9bdf,400 ,0,0,0,400 ,ENA
0xba45b9c3d0eebb3fe75f54cadf21b349ef7d800a,400 ,0,0,0,400 ,ENA
0x23685d18d1a36b255631ac3088614ce8cb350e98,400 ,0,0,0,400 ,ENA
0xb15be497b50b56c61ad0c49a0dab978d4f337bb4,400 ,0,0,0,400 ,ENA
0x5b610d0f73884b37533d5db4284bb9d499448200,400 ,0,0,0,400 ,ENA
0x015ca5429036113558fa1f8ef88c1c49d379cdd5,400 ,0,0,0,400 ,ENA
0x216adc6f48839c94ac018c2744949b2a3c0f7ad1,400 ,0,0,0,400 ,ENA
0xe0d3c9be5974b28f09eb222340f57a044a0f8a8b,400 ,0,0,0,400 ,ENA
0xd48c5cfd5fd7473aca8181b425d9db1d417ddc4e,400 ,0,0,0,400 ,ENA
0x2502c7097f028615cb8868416af6b2ad875cd608,400 ,0,0,0,400 ,ENA
0x0890f7b1f9f77933fd0cd25e9a965dfabe0d125c,400 ,0,0,0,400 ,ENA
0x194dc5a72731aa9c1c44c7120959384a671fccef,400 ,0,0,0,400 ,ENA
0x1f58b096bed80fb09c275fc924a1c8d3b403908c,400 ,0,0,0,400 ,ENA
0x141fe002ae40aace9d1bfbf3fd9655b6bf3a8b55,400 ,0,0,0,400 ,ENA
0x9dabd3b8f243a3f778ccf4c6a074c7ece421c621,400 ,0,0,0,400 ,ENA
0x5dd1d2f6aef23541bc8fe40f58bbda87840d68e3,400 ,0,0,0,400 ,ENA
0x32fefabf55f4f804c1b6a6d381d18b947b422cf1,400 ,0,0,0,400 ,ENA
0x1349690541612a2d209d402d9c727d39ad7f8d83,400 ,0,0,0,400 ,ENA
0x13f579cbc7437c7e78af0607e4bd64c8516e9852,400 ,0,0,0,400 ,ENA
0x0eaa72e98aa54dcc687edf47ecf9c876e8a7b6d1,400 ,0,0,0,400 ,ENA
0xac724ba71a60fe8ca3176876def8cface6a66192,400 ,0,0,0,400 ,ENA
0xc8861c7c9ae0bd37884b89ce60e8cf2635efb846,400 ,0,0,0,400 ,ENA
0x4780a7e21a5b76090cc82d6a663df13c9a5e97f3,400 ,0,0,0,400 ,ENA
0x05b9fc008b15770df5501370a86dcfc8c39def68,400 ,0,0,0,400 ,ENA
0xe33a2df5685e4b64a810236492b6f4c2d87a180b,400 ,0,0,0,400 ,ENA
0x50ca5e371c5516f6b0f99385f606124d2e63b933,400 ,0,0,0,400 ,ENA
0xcb34792262714327f24ebe6c3265768c0c43715d,400 ,0,0,0,400 ,ENA
0x7007c16986d61c9513520a10d7ca42ef6f1b238d,400 ,0,0,0,400 ,ENA
0x582a0c38387226d597e18205f35e93c4dbfe703b,400 ,0,0,0,400 ,ENA
0x2e9ea018b662b532844ed87dc135876cae3f2156,400 ,0,0,0,400 ,ENA
0xdcc0fcd176528fadd0d81d8d3d4a965d986b416b,400 ,0,0,0,400 ,ENA
0x04f60a92153b17a7980059ac946e713de4670057,400 ,0,0,0,400 ,ENA
0x6a676a7894fd39ecc8244ea2df4c1376d2de646c,400 ,0,0,0,400 ,ENA
0x1ac11a49107b671a04fae4f283e2fe26d7c9aa6d,400 ,0,0,0,400 ,ENA
0xea6c809b73c94481db135de7c6e0f40fc9833fa8,400 ,0,0,0,400 ,ENA
0x7fe7bc5d3e5d81ee4580821839da745e7f93b5be,400 ,0,0,0,400 ,ENA
0x6319940cf5598cdcd5e6c90384821229bce025e5,400 ,0,0,0,400 ,ENA
0x7c9d54f6d9aba965db3978335a8f30d528680436,400 ,0,0,0,400 ,ENA
0x7505b1ad3ce9bbfde5c23bdb90cf2f0ce7852361,400 ,0,0,0,400 ,ENA
0x7199b842273cecd18f501e1a70d11b9e1f4c8de5,400 ,0,0,0,400 ,ENA
0x1aafd6e08b46f3b390b901f31e9f7f0d9d9abe8e,400 ,0,0,0,400 ,ENA
0xc0f3fadffd0ac34d67032526c9c9e10cb84f014a,400 ,0,0,0,400 ,ENA
0x4f91e7da2a9f417e9875b66be1e2fefca395cef2,400 ,0,0,0,400 ,ENA
0x82aba35991b7a633cdf36387e1553d006fe20dc8,400 ,0,0,0,400 ,ENA
0x8dff08518da9e3a590261f94f0459fa0b8a1e265,400 ,0,0,0,400 ,ENA
0xd69eeedc50cdccadff9013a92ad6762c81e8bb0e,400 ,0,0,0,400 ,ENA
0xfe82accd9d911cfe502ba710a688fc27274ab754,400 ,0,0,0,400 ,ENA
0xbff76420c3e044a1ca0521cbe5014e7bf8b3a5e1,400 ,0,0,0,400 ,ENA
0x6024ce9174be64e7d19d6d5b66e00a466a3a5054,400 ,0,0,0,400 ,ENA
0x102b30b346847d99c0086003c4a3a6da7f9a6b2a,400 ,0,0,0,400 ,ENA
0x01a1220c9963a00ce998a6ddcbec663e8aa06dc7,400 ,0,0,0,400 ,ENA
0xab761f36df2669846bb436a8d324f1b6f673146c,400 ,0,0,0,400 ,ENA
0xbe13f7321bfbbe7d506ef571aae9743ce3882730,400 ,0,0,0,400 ,ENA
0x27996c1bfe5148ac785929551c7dbfb0e804ba0f,400 ,0,0,0,400 ,ENA
0x9f83670ffa7f3f2fe88f2690ae3618814c814c21,400 ,0,0,0,400 ,ENA
0x00e3fcd5daa78e129dd862944f20231b687502d1,400 ,0,0,0,400 ,ENA
0xbfb080cc71b34840553808d23d9f73311c72d1b9,400 ,0,0,0,400 ,ENA
0x91227a25c02001edd560534be00637b1468be984,400 ,0,0,0,400 ,ENA
0x1353736cf8534851782a3de005850bd94d169ef6,400 ,0,0,0,400 ,ENA
0x9ea2ed8399a78c6cc722761124eb8d06b1e8943a,400 ,0,0,0,400 ,ENA
0xd935af452061c12b43903834ada07c1906082999,400 ,0,0,0,400 ,ENA
0x98d98b64c2b74a8ad66ccd0cd010bf36c87a9dd1,400 ,0,0,0,400 ,ENA
0xe5a8ee5aac603f944ec903dafd01366564a91be1,400 ,0,0,0,400 ,ENA
0xf8f855a973de2f3724dd91d00eb7e5f03b08b45b,400 ,0,0,0,400 ,ENA
0x7b3dc7666572ca0e780fc1d71d9d5a938cb2fb71,400 ,0,0,0,400 ,ENA
0xcce3315cf8ed81b730f41d7fadb2aad90858f3aa,400 ,0,0,0,400 ,ENA
0x668e3b24f18fddd99b4007a5040f53409713e7db,400 ,0,0,0,400 ,ENA
0x366f9ebaf1ab705ab3c34d1622f483c8d1ca35eb,400 ,0,0,0,400 ,ENA
0x35c9f30444e699e400d93be8b6b7b4bf4dbfea6c,400 ,0,0,0,400 ,ENA
0x7b32576c8ad8cc2d24f76cb66c6d59279e161edb,400 ,0,0,0,400 ,ENA
0xd27d64ce9f33ed952521cba7d715a3c17820dbd5,400 ,0,0,0,400 ,ENA
0x0c944c4960ecb8119124c1bd6fa9295c1be5269d,400 ,0,0,0,400 ,ENA
0x5b728b9e50a22a68c1c5ea255f39b33e3b18b8a9,400 ,0,0,0,400 ,ENA
0xcd4eeb49c7dc3ae8b279403ed07d74ed065bc2cf,400 ,0,0,0,400 ,ENA
0x277f30684244f57ddc293f0560922818e5072bd5,400 ,0,0,0,400 ,ENA
0xc363cc678e23d87fc2b05faf59485c26feb51844,400 ,0,0,0,400 ,ENA
0xaf772cc720f2ef39d2c866375ebffe623749e415,400 ,0,0,0,400 ,ENA
0xbb7f04933f2b40c08f896f9c6befcd11c4e2f1d2,400 ,0,0,0,400 ,ENA
0x387d2a90e6be2476f27e3d320ca0b158a5b9f1e7,400 ,0,0,0,400 ,ENA
0xb7c034483cafd1bda98aefee31380b0311039f56,400 ,0,0,0,400 ,ENA
0x4572e383996f9f6c545cfe250bf3988c4a7f1103,400 ,0,0,0,400 ,ENA
0x5ecf214252a79de9be00d453ffde92252a3f6880,400 ,0,0,0,400 ,ENA
0x7c85a0391dea3035017c509cbd1dfb2b49803bb0,400 ,0,0,0,400 ,ENA
0x34b36a5628d3e58043d7c9a5565634dcfa3672e3,400 ,0,0,0,400 ,ENA
0x65db6fa2dbde2fe4a5064a748db7e6aed3a3462f,400 ,0,0,0,400 ,ENA
0x1e560580a5d6f2161b99d44f302951d9900996f5,400 ,0,0,0,400 ,ENA
0xaca37906e5ba7546a50f42d6c5e5f62087ee96a0,400 ,0,0,0,400 ,ENA
0x5119637356d470c485f27c658d5329c66f28dc96,400 ,0,0,0,400 ,ENA
0x72f02771999f7949f95c779340a5b0f0c0a194e6,400 ,0,0,0,400 ,ENA
0x8f1e56805e2d5e71396c8f87c9cea32964c1eec6,400 ,0,0,0,400 ,ENA
0x616841c588fa68362bff18440b6f62213797e7de,400 ,0,0,0,400 ,ENA
0xc421f8ad61f3042d3b11a2d386fb3744a7265365,400 ,0,0,0,400 ,ENA
0x45223efaff442f8ad98f07939fe25e135bc73d4f,400 ,0,0,0,400 ,ENA
0x8dd797f7d6e24d4b5a9b80e86e28f00ab847461f,400 ,0,0,0,400 ,ENA
0x346e8e174bebab618d1ba39e9ec5badfaedab61b,400 ,0,0,0,400 ,ENA
0x0f3cea79685d127ac818c8463523fac481c5a599,400 ,0,0,0,400 ,ENA
0xafbf7a4cbe2cbd68318ad62beef5f02122983863,400 ,0,0,0,400 ,ENA
0x4592019d5c5a0575df7a9fe223e38bb81c8be7f0,400 ,0,0,0,400 ,ENA
0xf44e48f2647d6a3de8ff906c04fa165eb0cce660,400 ,0,0,0,400 ,ENA
0xb8a487004986812035f80e3324d897909f16828e,400 ,0,0,0,400 ,ENA
0xc954b7fedacb6a81dca8f5b9d1f075adfc48242b,400 ,0,0,0,400 ,ENA
0x9466705b19f2213289a60463c7ab0e2c10bef57c,400 ,0,0,0,400 ,ENA
0xa2dd886c48d3aba3a4031bdf364424b71f53ba0d,400 ,0,0,0,400 ,ENA
0x37a937d3ff9623c49bf454bf5d14542e1b8dab18,400 ,0,0,0,400 ,ENA
0x2b81e4a09f669e1de7bf7810921bfad8dcbbf24e,400 ,0,0,0,400 ,ENA
0x76b386cb27e423302860f9633c7e1152e41b1633,400 ,0,0,0,400 ,ENA
0xe5817bf4a0081c632164cf86bc09180929653df2,400 ,0,0,0,400 ,ENA
0xb5e0f9e5e04882c4a64e1b423b76796d2329eb17,400 ,0,0,0,400 ,ENA
0xb8f63092b534066445930ae3584102501b5ecb66,400 ,0,0,0,400 ,ENA
0x1d629d619aa9b0905293f23d19f887075fd5a0df,400 ,0,0,0,400 ,ENA
0xd630053edb8e09d6b118fe5387628ecd35f25b45,400 ,0,0,0,400 ,ENA
0x2358fed55a0c002fb130f053ba4de5747424861e,400 ,0,0,0,400 ,ENA
0x5377f77cab9b062db43fef85457bc268ed4bc05a,400 ,0,0,0,400 ,ENA
0x6242ddcd2299c6e9d2d42e3f2fa3b878048b26b8,400 ,0,0,0,400 ,ENA
0x46ddfdac5c9b000ae718db121938d703dcc316b7,400 ,0,0,0,400 ,ENA
0x3257616e1c94592885e7cae60c6efba6d82dc1fc,400 ,0,0,0,400 ,ENA
0x940eca1647ebc1a7e97c1c3697ea01590305c275,400 ,0,0,0,400 ,ENA
0x7db8a2f875eae1cfb049d6b87e13253a826102d6,400 ,0,0,0,400 ,ENA
0xd14caaa0bc124815e092ac64fbd1ce1475cda76a,400 ,0,0,0,400 ,ENA
0xdc0af6cfd140a035721d700dc824d5112862dbd1,400 ,0,0,0,400 ,ENA
0x8d367c2b6592c74b314b51d508873b123f532bb6,400 ,0,0,0,400 ,ENA
0x274b616bf83483239193e348bb9644b57d61a611,400 ,0,0,0,400 ,ENA
0x6b8fd3e14b474b81dfaa8bcb4e221e6c48ac63fd,400 ,0,0,0,400 ,ENA
0xe2fba12fc887346e1fb61c0e78b2daa274a2b8f3,400 ,0,0,0,400 ,ENA
0x2f7a7e3f5844da6c13dc408cd1f48b2b90b21ebf,400 ,0,0,0,400 ,ENA
0xf75ca0b1f797ea0febe283974dc0d694b9217249,400 ,0,0,0,400 ,ENA
0x038c5e258c044110dd4e9a2937f134a22a695e8a,400 ,0,0,0,400 ,ENA
0xb245c910317ec9721c96f76d7de037fe9d09dd84,400 ,0,0,0,400 ,ENA
0x88cd9664532aa0bdf19cd4fe63c5e56b9d9b6354,400 ,0,0,0,400 ,ENA
0x6551a92a85158f7012eb981b36b40d5f7697b74e,400 ,0,0,0,400 ,ENA
0x280c3a3d3128695423222318590a594a23caeff8,400 ,0,0,0,400 ,ENA
0xd34cc7d99a7ac81e9ed323bcc0901a355bfdfac7,400 ,0,0,0,400 ,ENA
0x81ad4f4250da0272667268d59958c0b9163899a4,400 ,0,0,0,400 ,ENA
0x88a6e8f73392e211ad3c64f03354dd1237167230,400 ,0,0,0,400 ,ENA
0x92f5b777e75aaedca7e5459a393f4cb55e081a60,400 ,0,0,0,400 ,ENA
0x703a78893200dea222ab96c9bf11b17497b7ba6f,400 ,0,0,0,400 ,ENA
0xa397198cc140d338f2391176325ad22cad9c8b1d,400 ,0,0,0,400 ,ENA
0x976dd050ec792beea4f3ed6668bfe596657e57d1,400 ,0,0,0,400 ,ENA
0x2ed7eea2a38743b94c6437bd319184f0b1238ffd,400 ,0,0,0,400 ,ENA
0x9bb23f464cdbc2c0fd109fda0f70cb318ac6e002,400 ,0,0,0,400 ,ENA
0x70f0e321e774a8b2d1f5deed9e986a43f74cf688,400 ,0,0,0,400 ,ENA
0xd73c27c799db720668fdd06c3e187d2d4d827b1c,400 ,0,0,0,400 ,ENA
0x24272c11c8a81bfba016265373f80e2a56164dad,400 ,0,0,0,400 ,ENA
0xda2b70f411dcb0a8f88c5c0411f4843f9047b58d,400 ,0,0,0,400 ,ENA
0x1baaf50ab8af213a0eb6343bf6020537e615bbec,400 ,0,0,0,400 ,ENA
0x37eba09300ab252c88481897339bb23a3cb49422,400 ,0,0,0,400 ,ENA
0x5f42835be4264d25f0ae30a2d5365308ccdc2fc7,400 ,0,0,0,400 ,ENA
0xf156356955ed97873af9125cab5dc33e75a8428c,400 ,0,0,0,400 ,ENA
0x8eb29589fb0915adcb718950032015b3378c7d02,400 ,0,0,0,400 ,ENA
0x9604c3730c9eb16ec7041c3f0a3e5fb5dec0a019,400 ,0,0,0,400 ,ENA
0x4d59a9fc215a8948b74f3014a218fe7088f5a5bb,400 ,0,0,0,400 ,ENA
0x6dd24bfb2284b1c7a8b8c70d71a9f0550b8490cd,400 ,0,0,0,400 ,ENA
0x1b956849c9ce4c66ed3ba995a27a80ea26e24d90,400 ,0,0,0,400 ,ENA
0x79e243bea74b858102c3850202bd6f020fb94f6a,400 ,0,0,0,400 ,ENA
0xdcba36ec49cec58a57c39b2e87ef9f62ea59d966,400 ,0,0,0,400 ,ENA
0x7d61d3afd2a90eb97709a0fb9cb10f1717c8aa84,400 ,0,0,0,400 ,ENA
0x3a0aeac5781fe08ddd2abc3a76c540502e224f9b,400 ,0,0,0,400 ,ENA
0x66dcaaf4ecaf8a90fe6e37820cdcc1cc1be05569,400 ,0,0,0,400 ,ENA
0x99f846df5d95aba065b5c8f6b8a4b7e0817bac68,400 ,0,0,0,400 ,ENA
0xdebf659b513ad61c2ee9485adc2331e03effc080,400 ,0,0,0,400 ,ENA
0xe5b95406cf33530a912b5740c075a07a7feb1718,400 ,0,0,0,400 ,ENA
0x89e884d86943325fddb4cb09f7c9736cec3fd06e,400 ,0,0,0,400 ,ENA
0xb7ac250f43c8e05a9e199008cd94abb531af1642,400 ,0,0,0,400 ,ENA
0xd269400d088e4b503a3ad897d66d58f61018047a,400 ,0,0,0,400 ,ENA
0x363edf161c22db63cb29eb36412c578bcb4f9c48,400 ,0,0,0,400 ,ENA
0x904bfe933bd53df656a5039dfb95bb7f134dba47,400 ,0,0,0,400 ,ENA
0x0a31940bcaf2c533309e1ced624e14d8bc69617d,400 ,0,0,0,400 ,ENA
0x5bc3f457fbd9f5154774c9fdcaa2cc58eaf3314c,400 ,0,0,0,400 ,ENA
0x09a73439b35ab18c9d917937ee9253d8abbf0496,400 ,0,0,0,400 ,ENA
0xb8cfb53ddeb8302b7693c8cd23a22805ea3a1379,400 ,0,0,0,400 ,ENA
0xff14f17b3604e531b152d17506a5d5283459cdad,400 ,0,0,0,400 ,ENA
0x1e7be747b465ee15fddccca8ac551779fc8ca5f2,400 ,0,0,0,400 ,ENA
0xdb855fad57a44ff1c52aa3e974eec9b6d3191f84,400 ,0,0,0,400 ,ENA
0xd4aaade84c25b217a19e17b2f972d4e3d918184c,400 ,0,0,0,400 ,ENA
0x39e8cbeb1a7b458d06a5d9968485abe68d12d513,400 ,0,0,0,400 ,ENA
0xc472f865c182de3ba043f5a8eb08cbd59ff1a707,400 ,0,0,0,400 ,ENA
0xea4c647eea2eb38776c68269c8ab3fd73d012784,400 ,0,0,0,400 ,ENA
0x93f1eafcf055097b6813590a3ce7849f3f82f124,400 ,0,0,0,400 ,ENA
0x15d68111040d2388035c641721bfc81d858bd488,400 ,0,0,0,400 ,ENA
0x6f202f6bd808a411f1a19c0aabafdf0d9ac66c0d,400 ,0,0,0,400 ,ENA
0x4babea35f09bdd43c1884b34056c0f1274f63ade,400 ,0,0,0,400 ,ENA
0xc6d342f015c43b99b9548e04d77e452415296dde,400 ,0,0,0,400 ,ENA
0x2bca3300f13f2cf8d69468143027579458b97927,400 ,0,0,0,400 ,ENA
0x6b68e5729cc09497374f14db96564fa3ffbdd669,400 ,0,0,0,400 ,ENA
0x4b08bce8c88835ded3ab1a8cc5270697ec8badcd,400 ,0,0,0,400 ,ENA
0xddd000b43e9bd41a58a5cd5f2de4879c04b03790,400 ,0,0,0,400 ,ENA
0x59b8e400d25e6447d8ece68500bbb85445305eba,400 ,0,0,0,400 ,ENA
0x62d4d77d9c137ae65fa31ba80e2943f217c7492a,400 ,0,0,0,400 ,ENA
0x432329bdf66fb8c3017e6554c24ec1ceca5692ba,400 ,0,0,0,400 ,ENA
0xf3227b51eb01a9164dc9d0a7631dd99b9cfda863,400 ,0,0,0,400 ,ENA
0x7a436258f556f0d991c8175b926c29ba0bf047b0,400 ,0,0,0,400 ,ENA
0x4cf43f230fe6556d7c5e8593c18276400ac5bc5f,400 ,0,0,0,400 ,ENA
0x3bc9ddd77fea9507a3c8b8b64f123ae07602e0dc,400 ,0,0,0,400 ,ENA
0xe30589ad3098f1b5a646e0ca161b80d82ca41998,400 ,0,0,0,400 ,ENA
0x37a5d506657bf4d94072e66605071e060da6f5b4,400 ,0,0,0,400 ,ENA
0xfaf2f39e270df3a0e69bd6ca987d8450e7ce908d,400 ,0,0,0,400 ,ENA
0x5f8fade709684b81fb92c1a876670336a1287fc2,400 ,0,0,0,400 ,ENA
0xa102ecc931478f106e9378b69bc98936595fc117,400 ,0,0,0,400 ,ENA
0xd80af04ea1f65ddd81a9c9ea85ab23256044a7b8,400 ,0,0,0,400 ,ENA
0xf0e7942cef05c0add16035b633bc8ff04312ac15,400 ,0,0,0,400 ,ENA
0xea3e6b1d04fcde82e1d336a633f23e523b8a3828,400 ,0,0,0,400 ,ENA
0x5a9f6aaedf3bc3a336fa08e1129d340e1205748d,400 ,0,0,0,400 ,ENA
0x6a5beb81f20a3434a946be8bac82d4f761f5a0a9,400 ,0,0,0,400 ,ENA
0xf387d92eaf6f1e88fcddebc0e667203c4c3bc5ad,400 ,0,0,0,400 ,ENA
0x1281c22cce4dd22f7bee8ebf9cb65c82dd773a57,400 ,0,0,0,400 ,ENA
0xa7f638ed10613616ece5dc18abb11c3568f936f7,400 ,0,0,0,400 ,ENA
0x34ad9567a6548c43acbab460c288063fdafe7317,400 ,0,0,0,400 ,ENA
0x61ea3d8f2f86ee0f6a8cf54601611e399b30d4f2,400 ,0,0,0,400 ,ENA
0x06c5361939531e52250e84c758e3f9c577fd1466,400 ,0,0,0,400 ,ENA
0x86de1db2026577d959d8753e275d73fa7b208f1f,400 ,0,0,0,400 ,ENA
0xe545d45da8077061e628e079eea6343f90902e1a,400 ,0,0,0,400 ,ENA
0xf5209c5e6d14bd1bec8c3b0b97715ca3dffe881c,400 ,0,0,0,400 ,ENA
0xc8c16f995573e96202e1220aadc89c37c594281f,400 ,0,0,0,400 ,ENA
0x7e6acb9a34d64a806c2f85714906d42f242506c6,400 ,0,0,0,400 ,ENA
0xba04acb0ffc7acecf1af83a3b94de3dcd0d5192f,400 ,0,0,0,400 ,ENA
0xebf485980118f858c232ecb57037f61045ea2610,400 ,0,0,0,400 ,ENA
0x0171b78a872c30558aadfbfba9fdef56e18beb78,400 ,0,0,0,400 ,ENA
0x754b7002d906c577f8c7ed501ebdd341fe3e6258,400 ,0,0,0,400 ,ENA
0x5eb9b5d83b56e1089f7f6b90cc983fe3ea14fe9f,400 ,0,0,0,400 ,ENA
0xcc0738927903480399d70ed4056e67f3ff25cfb5,400 ,0,0,0,400 ,ENA
0x094961b52f00a6089808c9583f79858e743ca36b,400 ,0,0,0,400 ,ENA
0xfec5baf38c6074d4532d985437b15b7d13ad1490,400 ,0,0,0,400 ,ENA
0x7369cc9d90adc25e6ad8a7912588a4a038ed70d5,400 ,0,0,0,400 ,ENA
0x7e9dab07a45666210de633e50a29827cf6316658,400 ,0,0,0,400 ,ENA
0xa5546f9aa2f104706c1a60411fe0f1dddf4f3694,400 ,0,0,0,400 ,ENA
0x440c9a1556ada7042c25b3d5ae13f4b6ee1cb648,400 ,0,0,0,400 ,ENA
0xe6d37303aef126695c74f2fe4ca657830fec2e93,400 ,0,0,0,400 ,ENA
0x065f27b998163c5c34a9ce2622fc06d1faa1a3b8,400 ,0,0,0,400 ,ENA
0xff69c47f76d86b34bf19473ea45b0150756ef4ae,400 ,0,0,0,400 ,ENA
0x9e129eff13fc9a5d42b1f67af4f62e357d1c38da,400 ,0,0,0,400 ,ENA
0x249354712bf732332bb3673d12ad01c2c242a96b,400 ,0,0,0,400 ,ENA
0x5c72059ed589422437ef92cb699e4cfad5a6882b,400 ,0,0,0,400 ,ENA
0x1c313c3ed4d34134f783f1da3a7328ac1bcd9080,400 ,0,0,0,400 ,ENA
0xeb11fceba0cef6afd9281393b0b8fc8e1b86ba7f,400 ,0,0,0,400 ,ENA
0xa859ca373e1537ebd93f03b010503c44e84e5862,400 ,0,0,0,400 ,ENA
0xefd0c482952964839fec8ac247a09a38977999b1,400 ,0,0,0,400 ,ENA
0xef665af21a52fe3c9f0c4afe0ebe825975d687cb,400 ,0,0,0,400 ,ENA
0x8eb1c98771f7b416a009bbe67640514e03f6a688,400 ,0,0,0,400 ,ENA
0xc115a6d02fc10b78491747df069980e4816afc40,400 ,0,0,0,400 ,ENA
0x0e676f6a8031dfce1b556eaa38d9bfa37eaf67f1,400 ,0,0,0,400 ,ENA
0x723cf148058d632ef8538c1433d4026eb3487d4e,400 ,0,0,0,400 ,ENA
0x6d695ef656ec909bf220d724b1d9f43a7da012c3,400 ,0,0,0,400 ,ENA
0x5e6ddb8b28c7b2e864149efe78dea885cdc8d87f,400 ,0,0,0,400 ,ENA
0x87c93520e7eb6ac6ff6568b03484739aa70cea2d,400 ,0,0,0,400 ,ENA
0x7225739db3a8751dcce24036af8d97716df47c42,400 ,0,0,0,400 ,ENA
0x244384df728219ac79ef61c3807ceb1bb7ba78d5,400 ,0,0,0,400 ,ENA
0xb08e91be963d2f971360dbed900e002f620217ce,400 ,0,0,0,400 ,ENA
0xc30b71a019685f31a29eea87473603f03443032a,400 ,0,0,0,400 ,ENA
0x9308d5a55bfad8607f9a939550ce569c3e0f4afb,400 ,0,0,0,400 ,ENA
0xde4e2a277262af929578ec80c25153dd9ed8fc31,400 ,0,0,0,400 ,ENA
0xc828fd20cb62f99bdfb3fe2293800657c1bf8cd7,400 ,0,0,0,400 ,ENA
0xde682931e31f4e6c8ed65646b816c8a66132736d,400 ,0,0,0,400 ,ENA
0xb7b47324dfac92332cdfcf1763b88c2d54cf3c7d,400 ,0,0,0,400 ,ENA
0x444cf5c704136efcd59329e1d35be7d9a668db10,400 ,0,0,0,400 ,ENA
0xf9da3817ea18fbcdd766fbd4b4816ac924a4c6c1,400 ,0,0,0,400 ,ENA
0xac627cdf3a042688241debff59a458765a398e18,400 ,0,0,0,400 ,ENA
0x93d7e0e64620a0bf31303eba5e52400aca88d352,400 ,0,0,0,400 ,ENA
0x9d810501c585b497e649a968b72101934678e1d9,400 ,0,0,0,400 ,ENA
0x9efb72769b1af796b9bbd8bd3011565cb3bf9b38,400 ,0,0,0,400 ,ENA
0x4a85472d0c0e29ab66dfc2c4bebe31477e638eef,400 ,0,0,0,400 ,ENA
0x9a0212361c4630621ac9d5d7bc6564bc4efbc6a3,400 ,0,0,0,400 ,ENA
0xddcace9d691780ee0012f1bcffda9724ab802cbb,400 ,0,0,0,400 ,ENA
0x270261bb622eae9146cdcf31c7013c18fef384a7,400 ,0,0,0,400 ,ENA
0xa7efff8ac07182c2949e25d45647e5996788770c,400 ,0,0,0,400 ,ENA
0xd6b38241564d85ccc201a152eb1cdc2d677c6311,400 ,0,0,0,400 ,ENA
0x6c82af047f417363905cd80f5cc0643edfc4c7d8,400 ,0,0,0,400 ,ENA
0x677098bc84d03ec940628989001ec85b5020e8b2,400 ,0,0,0,400 ,ENA
0xfa8f66922f0b12a157b3ac69af9737ed28190788,400 ,0,0,0,400 ,ENA
0x9a35c19897241a10f902fc9da0ed1e39f1167ab0,400 ,0,0,0,400 ,ENA
0x68e4a06613c9eb8ba2d3e115b92b97857f387ef4,400 ,0,0,0,400 ,ENA
0xa8411a9a75ad7099436c28a41671390ed07db2ba,400 ,0,0,0,400 ,ENA
0x73b98c9b4e59b49058ae3f9236fdb970bf4ec00a,400 ,0,0,0,400 ,ENA
0x8a305781733d0bf08011f0f9d917f3280f5983bd,400 ,0,0,0,400 ,ENA
0xa336e52b7b3cb8c3bd488943a1829b84403168ce,400 ,0,0,0,400 ,ENA
0xc8f4f1856d3a85c4cb546227cc1b88587b009c4d,400 ,0,0,0,400 ,ENA
0x83c348a62f746f7f56e764f7789b876d26f9aeda,400 ,0,0,0,400 ,ENA
0x2ef56cad88acc9cf4061370ce4b8aedd2473184d,400 ,0,0,0,400 ,ENA
0x86908af4e5f23a4d3a1f0991817c8f0fabfb759a,400 ,0,0,0,400 ,ENA
0xf5cc32be567156a8d7f1b89fd08243515a9f9e12,400 ,0,0,0,400 ,ENA
0x3e9e56c97584c3ac648ac87b65157d6587aec9b2,400 ,0,0,0,400 ,ENA
0x1ce25bfbc46bfd24c6d2b5bfcf562987bc52123c,400 ,0,0,0,400 ,ENA
0xe9e1d19d23af434e90a0819854b52ff41361dcfa,400 ,0,0,0,400 ,ENA
0x932666323fb8fe897bb924a43dfc8110ebbbec7c,400 ,0,0,0,400 ,ENA
0xeea95bada3fea6fd27ab7aaa2349ff55d417e8ae,400 ,0,0,0,400 ,ENA
0xd06fc3f412e443e18a55d387f28e7bb966ebbb79,400 ,0,0,0,400 ,ENA
0x08192319f8e5bad4c3ac911f2ac86a893bb6fa13,400 ,0,0,0,400 ,ENA
0x977da3a63cd59141708ddb45c4fc4c7ab03d386a,400 ,0,0,0,400 ,ENA
0xce78e925bb50f6b2921b04efcfcc7d390bfc542b,400 ,0,0,0,400 ,ENA
0xc7b3c9b95d42d6a20539ad2f75a381e12e49d9ec,400 ,0,0,0,400 ,ENA
0x0a58e46a0e0c9232a0c69bce1dcf9bb2e06d879a,400 ,0,0,0,400 ,ENA
0xcad7bc04da35d4b6324e5d153d54c6a06628060c,400 ,0,0,0,400 ,ENA
0x295318be66d8b4286e605cb6b00a6b0fe8dc6155,400 ,0,0,0,400 ,ENA
0x7d1718f955e83b96c74fbac09df60cc0e4ea6428,400 ,0,0,0,400 ,ENA
0x089a3c4b345e4c0a18fa657a73a1c79f42504b74,400 ,0,0,0,400 ,ENA
0x9b367f556632df8cefd8d7581fdf33b3e1b68411,400 ,0,0,0,400 ,ENA
0xa7633001217877c8840c4e69da6227cf767a089a,400 ,0,0,0,400 ,ENA
0xf9d2eca2be28773513c5b43a6d8b09ad8fcb561c,400 ,0,0,0,400 ,ENA
0xafd9f1ef8f4ccf0132d2dc50532202f3b245189b,400 ,0,0,0,400 ,ENA
0xf82b2622b31ff69d8f0f44ea78f1dca150f9f31a,400 ,0,0,0,400 ,ENA
0xe46d3c251e47e059a6d1b3509502b39add445e02,400 ,0,0,0,400 ,ENA
0x6c84c2d5e7567f656192a98d4002065dc0bbe972,400 ,0,0,0,400 ,ENA
0x8515c613b86d66bc101f6a6f0e93822cd11743e1,400 ,0,0,0,400 ,ENA
0xf6ea014e0cad29068cadf942a981dd797dc8a045,400 ,0,0,0,400 ,ENA
0x4bf724708972fee1eb89ba7a594c60814da83686,400 ,0,0,0,400 ,ENA
0xb08fbbac2d882c5d0911c0755337f57cff3e0df1,400 ,0,0,0,400 ,ENA
0x4d7569cfe6c001d9927c9bd2feef42c4f64bfaaf,400 ,0,0,0,400 ,ENA
0xa7c44858251b521af9fd445a58329a7f52f36c65,400 ,0,0,0,400 ,ENA
0x1269412a5209192229c2ead3963d3c438f6ef9c5,400 ,0,0,0,400 ,ENA
0x2804bf64a2f0e749d877cb65407fc69d55712601,400 ,0,0,0,400 ,ENA
0x8ad1221159ee58ae5d39282a9e2048c43cf3cf35,400 ,0,0,0,400 ,ENA
0x6d3eeae7b21e71e2649be9ff579de0c6161e68aa,400 ,0,0,0,400 ,ENA
0x69224783554b89fdb45ddb73f66250469e9a2890,400 ,0,0,0,400 ,ENA
0xe568919e72a4e4cf65856b25004ff63627d8a1a1,400 ,0,0,0,400 ,ENA
0x90d0058dafddb62c3269aa4dce4ed6ef8fbd2536,400 ,0,0,0,400 ,ENA
0x4fbce25bf43ff2290ece404022d310a8a642c465,400 ,0,0,0,400 ,ENA
0xecd346b5bac211f8bbd8c0ee58e6c4db70886c3e,400 ,0,0,0,400 ,ENA
0x7f50ccdda969f0b08871a855efe329c059830a2c,400 ,0,0,0,400 ,ENA
0x9bcd26268c2e67956f711a74894f3f28b95d6279,400 ,0,0,0,400 ,ENA
0xb695318cbaf7f4b979e79786db3dc74dc8a01e98,400 ,0,0,0,400 ,ENA
0x592f145f4e4987ed5cade9df6f9fb4f22498fc43,400 ,0,0,0,400 ,ENA
0xf1b8614574ca53b11976c5c5ff2299a1b8e274e7,400 ,0,0,0,400 ,ENA
0x874de096543317e443efd55d0aaa2bebd485f747,400 ,0,0,0,400 ,ENA
0x2adacebbd0638442d315af4965503f02e9fdfcd7,400 ,0,0,0,400 ,ENA
0xc522970ca8ca9b862c238c48250c97ae17dc96e9,400 ,0,0,0,400 ,ENA
0xf6dd93d6e20f2d28fc875611c252405a3325b28f,400 ,0,0,0,400 ,ENA
0x70fdb460c192a8ed8f63fa8720bd2359f56ee66a,400 ,0,0,0,400 ,ENA
0x35dba6be81a0fe3b25ab41750fb50e12687db4e4,400 ,0,0,0,400 ,ENA
0x7ae9d2411b7808ff9894b605a3f3c875f18e06ff,400 ,0,0,0,400 ,ENA
0x9dd4ece79f2b9bb95f0ed8a2a8d1571899cee401,400 ,0,0,0,400 ,ENA
0x012b23ae954bbe12292aeec5dc9e1cf59dd43704,400 ,0,0,0,400 ,ENA
0x0d3d72d827ac529318f16c8dec20e84b913a2524,400 ,0,0,0,400 ,ENA
0xf4b3d6ea84a03478a826e7ba84fe23e6cf5a8044,400 ,0,0,0,400 ,ENA
0x99bc2dadb2138ae58b3d4e384e76f03dae5aea7c,400 ,0,0,0,400 ,ENA
0xb8fc9dd2576bbde9e2fd1f84b62023ce31529d26,400 ,0,0,0,400 ,ENA
0xbee7ac4e67d7837b2caf661c618e91c62f9c0175,400 ,0,0,0,400 ,ENA
0xa015f4264dc593c48a887c2d1977371430376c00,400 ,0,0,0,400 ,ENA
0x33b16388227bbf32f9b5ced47d149caa42631321,400 ,0,0,0,400 ,ENA
0x1f31697005331456cc8fb5a20351bd08796b6920,400 ,0,0,0,400 ,ENA
0x61f92536bb05f74072250de71682610380b6b46e,400 ,0,0,0,400 ,ENA
0x0f46cbf0e5f09278293103cbf9f422a748e2217f,400 ,0,0,0,400 ,ENA
0x4514c3c581645473fedc21d8cdfb72e7af151bbd,400 ,0,0,0,400 ,ENA
0x278201387555f773d86fecfd75d69248760874d3,400 ,0,0,0,400 ,ENA
0x48ff1431d65881fc5d86dfbdc740fd77f34ae19a,400 ,0,0,0,400 ,ENA
0x111a255de68cd024398905941469c4edd6b6bc8e,400 ,0,0,0,400 ,ENA
0xcd4f7d0765ebe46216dd2b5626f8730e8bd57ea1,400 ,0,0,0,400 ,ENA
0x3a02959ef3bb73be4ec92a92e1825714d2a8c60e,400 ,0,0,0,400 ,ENA
0x43742f27aa5c2152fa59ad4c35dec75dd1abb9b8,400 ,0,0,0,400 ,ENA
0x34d2d02cd0599fbef0954cc6baa7e52f39eac27a,400 ,0,0,0,400 ,ENA
0xcdb7108a0a9ad6bca9dff75e5433d078e9ce5e73,400 ,0,0,0,400 ,ENA
0x52db81788a19b442a2a6b19d5296e425bf500578,400 ,0,0,0,400 ,ENA
0x844d57f47ed212ff3ef671a524c243ae82054df5,400 ,0,0,0,400 ,ENA
0xc5ddad4bdc74d419d86ce055407a8c106ad1100c,400 ,0,0,0,400 ,ENA
0x741b96bac4f73fa6f5a690a33d1853321d85d548,400 ,0,0,0,400 ,ENA
0x12669f1bc6765e3c71df3f9741e29898efb3f165,400 ,0,0,0,400 ,ENA
0xdddf4ae7f330a37e92a1b00765ae22386a520564,400 ,0,0,0,400 ,ENA
0x4eb4b7c70025541bb9ae1cff15d43ac7c1d8da0f,400 ,0,0,0,400 ,ENA
0xf4827a2458f1c7cc558945ac847b541876200c0e,400 ,0,0,0,400 ,ENA
0xaa801d3a99d43d75e4244722bc80d2ce74c21a65,400 ,0,0,0,400 ,ENA
0x58ce7eb44ae575fb3b3974861c1138dad3c5aee4,400 ,0,0,0,400 ,ENA
0x6156fedeec6690d9d4757b5769a8043e63e30a02,400 ,0,0,0,400 ,ENA
0x02f3b8a0bb828e1b5c8a2b603604989f75b310e2,400 ,0,0,0,400 ,ENA
0x4423a36e88178d1023f8dd27da58c86bd9adba80,400 ,0,0,0,400 ,ENA
0x3e707a39f75f8dfa85c424a004d65e38645208a1,400 ,0,0,0,400 ,ENA
0x6b6f9c634769dfb2e7a44a43d5658a28922cea04,400 ,0,0,0,400 ,ENA
0x2c4bedc0648f1620f00b39066b878a759b692821,400 ,0,0,0,400 ,ENA
0x1ef40a25b55cba1ceb51d9d7a99c910843644323,400 ,0,0,0,400 ,ENA
0x8a5444b3bfdd7484e6f8fe1dcbe0dc16c5af893c,400 ,0,0,0,400 ,ENA
0xd02e3550604e86c42d806f24af3968a55e37d18b,400 ,0,0,0,400 ,ENA
0xd141b2d0140947212d7e1181065052c584d208cd,400 ,0,0,0,400 ,ENA
0xd003ba4d51a1af838e53e88ab37ca06446deeede,400 ,0,0,0,400 ,ENA
0xa60174ea9dee2f1e8499e5907965b24acc9e7e08,400 ,0,0,0,400 ,ENA
0x271aa95876f0459dc88173b6d84f8db6ddd7f147,400 ,0,0,0,400 ,ENA
0xa7bb445566e1b02b20ef92c354abf7b015fa14ed,400 ,0,0,0,400 ,ENA
0x9c8715ab08014bee617836bf38d3947bcd535ceb,400 ,0,0,0,400 ,ENA
0x59aab60409b04445af89c622888af338d6a3ea0e,400 ,0,0,0,400 ,ENA
0x0e69d5dd0ea321626b333b05a96cd88cf305aef5,400 ,0,0,0,400 ,ENA
0x4a857aa5da9d73e6f8ebe4c3c2465f5e8cd4f4b5,400 ,0,0,0,400 ,ENA
0xe20b4c62e314c5d2218664a58ba60e291772dee5,400 ,0,0,0,400 ,ENA
0x3df1173430141e7463160aeaae12fe1fde2e770b,400 ,0,0,0,400 ,ENA
0x0adcac33ca383185055d64a5178e5dce35f37c39,400 ,0,0,0,400 ,ENA
0x15217a37411a74424d908c9c4eb8a4ffa26f602e,400 ,0,0,0,400 ,ENA
0xce2192f2ae41c6eafbddea45a6deed921b9644dd,400 ,0,0,0,400 ,ENA
0x3f29d2267af1bd0b15b5cd717a4492cedc984e2b,400 ,0,0,0,400 ,ENA
0xeaf441567b492d6a7028edd3a20bf1362864073b,400 ,0,0,0,400 ,ENA
0x98136bf1ed9badaf65ce4d9d6e46ee7064913301,400 ,0,0,0,400 ,ENA
0x78e7b12c5f109393027a617f57ddaff80ff6880c,400 ,0,0,0,400 ,ENA
0x06c9ea4f0069d726f8f7d11744f02b6679dff176,400 ,0,0,0,400 ,ENA
0x45e89d8b1bcdf1cba16573c116d6e462a1f7f1a3,400 ,0,0,0,400 ,ENA
0x9c5c427fddb8954f9a0b96c1d5277f86cb5e66e4,400 ,0,0,0,400 ,ENA
0xae0c111a87cdb0f2d69f347ffc3eb6f8d9c15608,400 ,0,0,0,400 ,ENA
0x1598256e89942b9dfb6f71bcd10e5d29c8a1581d,400 ,0,0,0,400 ,ENA
0x885875884e6545a5530723b729c2bda86d84bc42,400 ,0,0,0,400 ,ENA
0x902d42754435c9cde5b915d37e8cd85fe81df68d,400 ,0,0,0,400 ,ENA
0x09e704b5afd48e56a5f6eb3df27abf4d623470bf,400 ,0,0,0,400 ,ENA
0xdaeb4e849942f359db4e5f3e1f6d560d832ba066,400 ,0,0,0,400 ,ENA
0xb550ff41dfd943f17d2d31d5feb9a70b67f3fd04,400 ,0,0,0,400 ,ENA
0x8db7a02c9b8d8f6c8a0893741b0962523420b35a,400 ,0,0,0,400 ,ENA
0x18e30af2b8f19427315daa9da25262ed9e523681,400 ,0,0,0,400 ,ENA
0x69640bad304f887dfff93e4de0279f57f155c320,400 ,0,0,0,400 ,ENA
0x8ea999fa322975d0698ca2f9031f54ad840a077b,400 ,0,0,0,400 ,ENA
0x1013b7dfb969bd4f8d2638d5498d2bb3eaf8f3d8,400 ,0,0,0,400 ,ENA
0x0369b14a4ed0fe04482ebe770e1216bacd3dd7b5,400 ,0,0,0,400 ,ENA
0x4d44e8655d294937d3a29106ee0e182489a70ed6,400 ,0,0,0,400 ,ENA
0xc306e18bb0fb1672416d5c2f8ba49813fb67fe12,400 ,0,0,0,400 ,ENA
0x6055a791d0db246a4000e4611ad455dc32f41eea,400 ,0,0,0,400 ,ENA
0x598b2ff038e352c8c311685470eaa4202866f92a,400 ,0,0,0,400 ,ENA
0xca25200ffce2a366291731bacf10fa33cded05ab,400 ,0,0,0,400 ,ENA
0x48bed350e5644a4198ceec8272cc0b4c5fcfcb4e,400 ,0,0,0,400 ,ENA
0xc274033e881da6dde30ed846cb2f1912999e75b9,400 ,0,0,0,400 ,ENA
0x835732b462e47180c8f2cbde0729c98cd98e0799,400 ,0,0,0,400 ,ENA
0xb0ed6ade781fa9fd9a7e8d1c72d71b956826fc73,400 ,0,0,0,400 ,ENA
0x11cb2cc5b37bf6aa2aaafd51eb66fae2f5cafb4b,400 ,0,0,0,400 ,ENA
0x139de43af01ab7a2c757025e802cd1ae2ecbda28,400 ,0,0,0,400 ,ENA
0x6d2cc73fbf33a17124c503b20c7c61ffe9965712,400 ,0,0,0,400 ,ENA
0x99779aab0a6d27e796f3fcf92d729a284f112b86,400 ,0,0,0,400 ,ENA
0x92a77f0672710692cc1aa9881bb917d3d5c620c5,400 ,0,0,0,400 ,ENA
0x63d065ee890e8e448f5c641f1dc66d9d0c395f0a,400 ,0,0,0,400 ,ENA
0x9d5c41fcb0bb2d409cff4751139516c572ee19ac,400 ,0,0,0,400 ,ENA
0xf93a1e2ef642a6ca027cd6fbd600462bd26f5eec,400 ,0,0,0,400 ,ENA
0x93beca36d5bcdc7be0f9ca38b1b5f5f5292aa859,400 ,0,0,0,400 ,ENA
0xe042a85ffc4d431e866c8a77112314d7be023c33,400 ,0,0,0,400 ,ENA
0x999453bb242631dcc686715b2ba888a73f0844e7,400 ,0,0,0,400 ,ENA
0x2c25d0a7d058ed20728d50dac15e14093de38f97,400 ,0,0,0,400 ,ENA
0xb9ee7c3763a5413ee87e204f0f83fa087786a109,400 ,0,0,0,400 ,ENA
0x1fefb70c29e19aa2ec8cebba54d2453d9dd0aa0a,400 ,0,0,0,400 ,ENA
0x3091e480450c14da3da6f1153583755850f883d0,400 ,0,0,0,400 ,ENA
0x45a86a86c5d0d6fa1652625378a658ec93a640a4,400 ,0,0,0,400 ,ENA
0x85d9100fcbe95147d35f44019d915daf02969220,400 ,0,0,0,400 ,ENA
0x2ad1aa9be039849e1a223be28d66f4d0122f1fb6,400 ,0,0,0,400 ,ENA
0xffea43748a6b79d9bf26dd07318dc6bfdbeca938,400 ,0,0,0,400 ,ENA
0x4f89fb6893499c2ada917c2aa67405c201a48253,400 ,0,0,0,400 ,ENA
0xabb3639ac7ea3fbd7e9bfd4d8fd46cad6c3056f6,400 ,0,0,0,400 ,ENA
0x31a4fad51ec0547af6f98b4f1ad9464ca87aa6d8,400 ,0,0,0,400 ,ENA
0xc2bfb7a194837af7f7e0421b29821d7f376cda5a,400 ,0,0,0,400 ,ENA
0xdad6aa00686b4dee0442e915c750a98395cd784a,400 ,0,0,0,400 ,ENA
0x2ebe89dd8ea6b6aef2553755bee4295541b9c587,400 ,0,0,0,400 ,ENA
0x49deb22e586d687a78d2234220e578761c056a12,400 ,0,0,0,400 ,ENA
0xfe132b7576eba84cb51e3d12ce14c6237743b129,400 ,0,0,0,400 ,ENA
0x440e83e3c737295dfcf20cc7fd878b6d66b43729,400 ,0,0,0,400 ,ENA
0x482f71eab7c42f21ac3d9d924a96ddf54847c353,400 ,0,0,0,400 ,ENA
0x8398545ffe45f0b3a3582387362dc83dec8c86c6,400 ,0,0,0,400 ,ENA
0x34de6c82a361432c638cfe4575f8cda0fce5cb21,400 ,0,0,0,400 ,ENA
0x2d013d9959617323c27e5ada33c7122f9b771096,400 ,0,0,0,400 ,ENA
0xf9b65de852c5dbaa31a650c00cedc84ae72cfee5,400 ,0,0,0,400 ,ENA
0x2e37dbf46e9664b3c7fcac49bdd88b5d5b31d89c,400 ,0,0,0,400 ,ENA
0xfa331976ac322dbb780b126041b6dd1ac8a8cee9,400 ,0,0,0,400 ,ENA
0xb6fddf2bf6355a339d791e11cfd55ced7847b072,400 ,0,0,0,400 ,ENA
0x84ceb3728a06f07c09225103994369efc024ecf8,400 ,0,0,0,400 ,ENA
0x0c2e6b653ce4448d2fa88c74124f1f5a11c8377a,400 ,0,0,0,400 ,ENA
0x92a51044cadb48188f734b07aaf059fdab9504d7,400 ,0,0,0,400 ,ENA
0xfcb2673acbdfd09e58f1669638ba33a7b90a34a8,400 ,0,0,0,400 ,ENA
0xcf91756c48b3a2ae209fc121e519705f382c80fd,400 ,0,0,0,400 ,ENA
0x1a987f9cbb782def49040f4d7f1240678ea5fb66,400 ,0,0,0,400 ,ENA
0x74c85e8cf1cb25bc168b20495c0ec8e216feacfd,400 ,0,0,0,400 ,ENA
0x177ac43f7c549016ceaf1ef96abc0166ed072482,400 ,0,0,0,400 ,ENA
0x80bdb714bf7e75ddf5562404fc5118888fbd329e,400 ,0,0,0,400 ,ENA
0x31be47879b512907de0084ffdb694160afffc37c,400 ,0,0,0,400 ,ENA
0x0a9a93b5b08bb1398c0b92350b49c84a7f6b9a17,400 ,0,0,0,400 ,ENA
0x7eff3da556834fd1b3413a6b8c8b76b56965f279,400 ,0,0,0,400 ,ENA
0x5ec4c80ea21186dd12e6f79921c55bcab51ec3f5,400 ,0,0,0,400 ,ENA
0x11a91ac360d29ec437eccd20d5317cf38e24a227,400 ,0,0,0,400 ,ENA
0x24db586023599ce34c0c1813f47ad9cf42e58545,400 ,0,0,0,400 ,ENA
0x131a45ad9eb213e9f3ea2cd22a7cbbe30521cc47,400 ,0,0,0,400 ,ENA
0x7ded457730c5ef2f9933bf798e6514e565e3eac1,400 ,0,0,0,400 ,ENA
0x6362c5c4df381a3e8b53138b7821d03d5d156be5,400 ,0,0,0,400 ,ENA
0x4cd7e0bba776fcc484533c00f1ac120a6dd735d4,400 ,0,0,0,400 ,ENA
0xdb2a7bc14010441b6f8651d4154ee885afa1fb7b,400 ,0,0,0,400 ,ENA
0x49ffb93141b7e4fa48727ad616dbe36a29efc8a6,400 ,0,0,0,400 ,ENA
0x06fb500b6f93f8ef61d6ed313c211c0bd7964d6e,400 ,0,0,0,400 ,ENA
0x215f2cbfa2aa2602a5f52e1cd213e72a6fb416e7,400 ,0,0,0,400 ,ENA
0xe5e0d52388852ec2d5db849cbe6e09d226eb62dc,400 ,0,0,0,400 ,ENA
0xb101020497dceebd6d4dc2fde2c2685147466f39,400 ,0,0,0,400 ,ENA
0xbb896da4ac64e7870f527ea016e5f4f294dafeb9,400 ,0,0,0,400 ,ENA
0x6c8f36557509c686e425a35ba2c29280b107d1b2,400 ,0,0,0,400 ,ENA
0x4a0b2a65c2487a69be0b0a5201032be202537fe2,400 ,0,0,0,400 ,ENA
0x2c032e227c79b06ce7ee6f040bff6ee82e957dbc,400 ,0,0,0,400 ,ENA
0xac37c9a47c892f445f0afdf25d7d89dced047df5,400 ,0,0,0,400 ,ENA
0x2104bd667ddb9b697575c8e5b3def0291a084af2,400 ,0,0,0,400 ,ENA
0x61b599b230dfd68799a9cfb083032168f725c771,400 ,0,0,0,400 ,ENA
0x06e39921dc2c06a921895cfffb57bf3cbca23477,400 ,0,0,0,400 ,ENA
0xba405116e6b412256d9f5e42da009eebdc9d6a33,400 ,0,0,0,400 ,ENA
0xcfb1b0f0bd871f3045e1ee94c1e4647278d6e33b,400 ,0,0,0,400 ,ENA
0xe20c229eed917cd489bac70bf00830182de92f6f,400 ,0,0,0,400 ,ENA
0x4117202e3a242c62bd363387a649dbc77e39cc19,400 ,0,0,0,400 ,ENA
0x06f841a12304aa8a0a4a5df8bca01744091e797c,400 ,0,0,0,400 ,ENA
0x3564f6a92d16d76d78743b071235f2ba7eed8b5d,400 ,0,0,0,400 ,ENA
0x04cd7b72e30d6d252b2f46f4415c134f38b637d8,400 ,0,0,0,400 ,ENA
0x2083fa6d67edd3de998cb58bda6dc3d5d6ff6c21,400 ,0,0,0,400 ,ENA
0x34c65c81937f6fa8bac5f6732fe6215b04aa0119,400 ,0,0,0,400 ,ENA
0x2488bfa39ed4738c09c1ff490159a07e87c7f54e,400 ,0,0,0,400 ,ENA
0x556896e8653d7323caee6ce24f5c4a94505d991d,400 ,0,0,0,400 ,ENA
0xc16634698059722fe26e6b39743a2039d7ff85bf,400 ,0,0,0,400 ,ENA
0x3f205bebf5eb9ea67052a09b3f8557ac3db93294,400 ,0,0,0,400 ,ENA
0xf4f9da82a62fa39d1130d4a41bbae7c294c95583,400 ,0,0,0,400 ,ENA
0x0ce40b6ede5b05424f2694f14c4a7790f616f91b,400 ,0,0,0,400 ,ENA
0x61f020e1509934678d44a4783a6fa458961364aa,400 ,0,0,0,400 ,ENA
0xd805b37ecda709ae9a64384fb8d448b21d8cac4e,400 ,0,0,0,400 ,ENA
0xb6f2c666309c56253b9c882fa7bd9cb800c3a8fd,400 ,0,0,0,400 ,ENA
0xde5a8ff7b5b84e638afe1acc901ee26d6cc3e9ad,400 ,0,0,0,400 ,ENA
0x8e570bdc97f4543d39aafbafb5a09de6d0b18ee1,400 ,0,0,0,400 ,ENA
0xcfaa140885f9d57d0441c088f64f133ccfcf6298,400 ,0,0,0,400 ,ENA
0xe70b757d5959cb21c93b027d5085c7ad8c3f9c50,400 ,0,0,0,400 ,ENA
0xedcc1b57c6f29d26db588b389f9a643e810897ed,400 ,0,0,0,400 ,ENA
0x4819d07170ac9a227a2d7b4d92e77c60f126be52,400 ,0,0,0,400 ,ENA
0x8931c46b34802922f8b404c9edb0c5162242c425,400 ,0,0,0,400 ,ENA
0x6da8980885b04d30f207d2f020733285cb27db92,400 ,0,0,0,400 ,ENA
0xe5e0d1945452072e0665a1ce3fd901de472cec1d,400 ,0,0,0,400 ,ENA
0x064242723c862df5378e0cdcbe5f3627c0e35ec9,400 ,0,0,0,400 ,ENA
0xd45d91436f14718c2649f7c17cd84c6fbe02a369,400 ,0,0,0,400 ,ENA
0x6f83181c7c2162c8270d5db18d50d9d5f0165b09,400 ,0,0,0,400 ,ENA
0x657c79bec8dcd761cd5aa8c0419ea59e1515ec1b,400 ,0,0,0,400 ,ENA
0xcbe2276914d9e6da22b4397f9b5ef2730b52bc85,400 ,0,0,0,400 ,ENA
0xdb526d9e82932661642738fe67cc8241f075dfcf,400 ,0,0,0,400 ,ENA
0xe91c28b7cd95a29b0319a534820f75bfd3421428,400 ,0,0,0,400 ,ENA
0xa996c1896619ab08bf3c0664366a01d54cc62a71,400 ,0,0,0,400 ,ENA
0xf3307e7454eaed6f72bf6df8e105fa2396f34002,400 ,0,0,0,400 ,ENA
0xe5321aaa78e68093319ee556b56414055ed8fa11,400 ,0,0,0,400 ,ENA
0x3d4149987567cbc933db5b7d25ad4f730e765023,400 ,0,0,0,400 ,ENA
0xfebe325ea31b85e59dd58038a54341a2df682c72,400 ,0,0,0,400 ,ENA
0x6a365ecec3fcf34e1389a385c747a6e31587261e,400 ,0,0,0,400 ,ENA
0xf8a42c7eb88e0aa7516e820256f1ba90f5a924c5,400 ,0,0,0,400 ,ENA
0x052c4648b25a7428337088b2b4df5ab94176dc43,400 ,0,0,0,400 ,ENA
0x5039f443a4353f9699aab232715348a25a053e42,400 ,0,0,0,400 ,ENA
0xa29898e8e5546bd4b58e06e2938c251e61e2efac,400 ,0,0,0,400 ,ENA
0xf39a7acd886ff8aaa587081f3e5a9ae717042878,400 ,0,0,0,400 ,ENA
0xb5f5c0a2758ef058a3c45bdf8101d5b691ab6e2d,400 ,0,0,0,400 ,ENA
0xcba5144eeab39d58ebd5bdae0c84a2a4a96dcab3,400 ,0,0,0,400 ,ENA
0x018c514eb1c92b26467ee087c6887a520b4858e0,400 ,0,0,0,400 ,ENA
0x7b89b16c21e3979c8c506e68e4670242dc042b0d,400 ,0,0,0,400 ,ENA
0x7c95ddc66811933451eed5422a1d666628a3a2ad,400 ,0,0,0,400 ,ENA
0x9aa662c80b2374bdee3e28430447562132427b32,400 ,0,0,0,400 ,ENA
0x639bad333fae387fde897543faa0b2344714c275,400 ,0,0,0,400 ,ENA
0x486e65b353ac269c807cd3702fad11f526344235,400 ,0,0,0,400 ,ENA
0xca2cbeb2f78ea72bed3fbd4d7005a813cae5f33b,400 ,0,0,0,400 ,ENA
0x348ae3cf718d16374fa54c726818dbc2b1ab5fa3,400 ,0,0,0,400 ,ENA
0xc4a8b5ff280508daedf604ad30d5a33d4ea67849,400 ,0,0,0,400 ,ENA
0xe61e9e509164de8d2bad5d3a6fa5cc5b546903d8,400 ,0,0,0,400 ,ENA
0xc6c9ebd8606359714751723548feead0420c267d,400 ,0,0,0,400 ,ENA
0x309e878312ca8e7a807358428ec7d6e0f8f6c79a,400 ,0,0,0,400 ,ENA
0x801586fbe56f084c1db0625c2a951a140c989a45,400 ,0,0,0,400 ,ENA
0x4c1ab76a6808baed87d403c127e0aa29fe61b3ec,400 ,0,0,0,400 ,ENA
0xae2563410943ad5f464387f31f788d35e3b35c61,400 ,0,0,0,400 ,ENA
0xc0ec71dccacad31b277b7d943db5662e23d392dd,400 ,0,0,0,400 ,ENA
0xd4b348a896e4ba8ddcaf66cb0b50f14b5c68604b,400 ,0,0,0,400 ,ENA
0x21b968e1ad5798d4f3d6d80e5cc6dda0c109499b,400 ,0,0,0,400 ,ENA
0x6a42706ac01b16e1c4dd0cf5cfa5c2bf88de50a1,400 ,0,0,0,400 ,ENA
0x62266048c8f2027254aad75ea9c0245f1c4ad93b,400 ,0,0,0,400 ,ENA
0x89fb1fa62850c0cb1026761b6306fdca0949c49c,400 ,0,0,0,400 ,ENA
0xabf29187c0def9bbe65965bffca4ba9111877501,400 ,0,0,0,400 ,ENA
0x3d081773c3c51774cc536bfea28edbfb85be1f8d,400 ,0,0,0,400 ,ENA
0x23923b5316295b560bce4338648da18ab6399108,400 ,0,0,0,400 ,ENA
0x4a3309705a9129c65fcf494f18aa200200060249,400 ,0,0,0,400 ,ENA
0x300dd03ab28d7c5ffc6c73e7c92b48d2139515f4,400 ,0,0,0,400 ,ENA
0x0fdcc4261cdc8e755312d40fb53f3d8bc5902dc1,400 ,0,0,0,400 ,ENA
0x286227ab41fcf3ec5e4c6f3ea19ef4807756f747,400 ,0,0,0,400 ,ENA
0xa876e9edc241785b38b2221a368bdf72e9ad8b65,400 ,0,0,0,400 ,ENA
0xea0734e88909348704f66b28b8b4f2ebe663f523,400 ,0,0,0,400 ,ENA
0xacd5cda39d067b8a64fff6dc09e9eafe952d2d47,400 ,0,0,0,400 ,ENA
0x26e56b8c3f7f848a107361b5ca06de070d9233fb,400 ,0,0,0,400 ,ENA
0xc496cd616d5113ec5ab5978a7de01ba07bc27c73,400 ,0,0,0,400 ,ENA
0xdf194e99fbfd5369e60b0c952349ba66eee949b4,400 ,0,0,0,400 ,ENA
0x48f45a18e3c01b3af7f303ca2a2eb4547ad8f4be,400 ,0,0,0,400 ,ENA
0x176c352f6224716e1bb1ad4ed8e227eda7c0c569,400 ,0,0,0,400 ,ENA
0x63acc15150660a241d9d8e303e9cb0c8f86c5e7e,400 ,0,0,0,400 ,ENA
0x6039697d6c7b80a7baaaa39775ef594d65024324,400 ,0,0,0,400 ,ENA
0x16a718417744ce1d133f034c1178fd10473ee6af,400 ,0,0,0,400 ,ENA
0x0922dffaf4ed64f97f1e5cbe18a9071a918bd323,400 ,0,0,0,400 ,ENA
0x66b7e2d4ca746dd7ff3a683c076429833b099a4f,400 ,0,0,0,400 ,ENA
0xe0a66ffed4ba75b6b86fc8ae6469eaa9ef47656a,400 ,0,0,0,400 ,ENA
0xfbf4488a14da4364fcf6a264321aa3dd566e15cc,400 ,0,0,0,400 ,ENA
0xf0b62391a749b0c701a3a60c6c53b098e801b36c,400 ,0,0,0,400 ,ENA
0xc43f41145750a4092c9f47ff998eba20481e8ed9,400 ,0,0,0,400 ,ENA
0x6783914be2ca6056af3d485e0e18124121f86546,400 ,0,0,0,400 ,ENA
0x7c521d0731422cd06c84b555ecfd2e31c636c966,400 ,0,0,0,400 ,ENA
0x50eb4af0754dd834ebb6ed6a505d122812695ab7,400 ,0,0,0,400 ,ENA
0x82d58a6d34a7a8c23496981d79194f8b8135f590,400 ,0,0,0,400 ,ENA
0x87e1b99c7b79059ed4a70789e5912a5f7b714428,400 ,0,0,0,400 ,ENA
0x83c3d2a3b27b9d863fbc744b2fdd4134b67366b7,400 ,0,0,0,400 ,ENA
0x0f8998ad1f557df041ed7219a2564e9f4c20f78a,400 ,0,0,0,400 ,ENA
0x7a3fa7bc6bf40ede1d5396c7b037c20d9dc33d93,400 ,0,0,0,400 ,ENA
0x7933eb542cf7b0936127caaa2645b2db5c5b5152,400 ,0,0,0,400 ,ENA
0x17769ecdd0080ee068db16188be0d9cf4d520960,400 ,0,0,0,400 ,ENA
0xba78aaa6138546f1a33f63d0cedaecb6778b866f,400 ,0,0,0,400 ,ENA
0xf0d40b1b371350aa2090dcd4b7e1385037bb0ba1,400 ,0,0,0,400 ,ENA
0x842bb01109cd95ce6efb8c6dddbdf3dae6d0a390,400 ,0,0,0,400 ,ENA
0x056c37237e009e7bd0082ad8b2db95f970f76ca6,400 ,0,0,0,400 ,ENA
0xde550351e4944f51007ab7ec4297ceaa9bb2874a,400 ,0,0,0,400 ,ENA
0xb024d6b9a94c16a9cfc5c872102bc3270127685f,400 ,0,0,0,400 ,ENA
0x58dfb7585393d591c16cc91a1363c7582dc90ecf,400 ,0,0,0,400 ,ENA
0xd4553be8bd58f17f5f0ba225552e06c87a83fd53,400 ,0,0,0,400 ,ENA
0xda047aa7058114d327625b81376685c92f4f2f8f,400 ,0,0,0,400 ,ENA
0xcc0c57f99aa9453d096be3362ef096287df36cd8,400 ,0,0,0,400 ,ENA
0xc708ed15675b6cf8694cca877d0949cd7168a02e,400 ,0,0,0,400 ,ENA
0x908750a2e14a998af046a8216a04668a7756a9af,400 ,0,0,0,400 ,ENA
0xe66c17e96e699269493ebb3395a34b63da83e212,400 ,0,0,0,400 ,ENA
0x4809183bef66d7c79725318fb1c6e89af0192dac,400 ,0,0,0,400 ,ENA
0x72bf4d686684b39967666b87ba883ea2f09405f2,400 ,0,0,0,400 ,ENA
0x5b1590cd9f800f0bff87be1a9c8fc41b49dd4412,400 ,0,0,0,400 ,ENA
0x1b4bb44b3f13b6f6eb497abe4110f61f3a8300d2,400 ,0,0,0,400 ,ENA
0x063e80d36b610465c3e9191629fb2fd68222de65,400 ,0,0,0,400 ,ENA
0x914c5827d91d5e8621a19935fef6376a9d6e5564,400 ,0,0,0,400 ,ENA
0x305419ca98225f3ef67231cc23bdac54ec6ec5d4,400 ,0,0,0,400 ,ENA
0xa90cf14185e317ccda97a350dbbe4183f4875535,400 ,0,0,0,400 ,ENA
0x2710094cd5e3317d66593327f13d3c1553470425,400 ,0,0,0,400 ,ENA
0xbf49cce5470486b9c700c76b258526f34021ed03,400 ,0,0,0,400 ,ENA
0xd01da363ce2478c1b7e4c53dfc09721518fc103a,400 ,0,0,0,400 ,ENA
0xdd6e9aa290a3d0f03d1f0cc3f331e749d5a545fa,400 ,0,0,0,400 ,ENA
0xd5053daaa4f920b3e73feccd70b938f78761ea86,400 ,0,0,0,400 ,ENA
0x9374555a5e6493e00865fbfd230dbd4874ebaec8,400 ,0,0,0,400 ,ENA
0xafc9c03909cd9551fabcb8a901314a253154a28d,400 ,0,0,0,400 ,ENA
0x8dc851339673ee0dec40421aff32ce7d6744dc26,400 ,0,0,0,400 ,ENA
0xf3948a19a19e56220560c19a498471dccf6f1b66,400 ,0,0,0,400 ,ENA
0x4ee185fc27811ea6d436495ded42e0f57f5d3a41,400 ,0,0,0,400 ,ENA
0xb2b6ea1a97fe805ff114064381afa85a8468f8ad,400 ,0,0,0,400 ,ENA
0x7240a55d7cff015db85f9cccb4c29aa92b6104c3,400 ,0,0,0,400 ,ENA
0x99b9e37ff2698a8cec651a1833a6ab1569d23736,400 ,0,0,0,400 ,ENA
0x51cfe384d71201af4801a2061b98a182a9114fff,400 ,0,0,0,400 ,ENA
0xbf74094b1617fa5daccf6430202a674142255ad0,400 ,0,0,0,400 ,ENA
0x740dc3941d1117b907f009387251f3861d2fe0f3,400 ,0,0,0,400 ,ENA
0x1e0e5e9d85ac1996b1f1b1559ba9f69f310f84ab,400 ,0,0,0,400 ,ENA
0x315a85a2518f1fd80aad0952f1b9fbcde40fe046,400 ,0,0,0,400 ,ENA
0x92a231a88914e1969f665a1fb964d65a0da943a2,400 ,0,0,0,400 ,ENA
0x6e4af56ae22388a3bc5031e2a884737a7462a816,400 ,0,0,0,400 ,ENA
0xbc677f02ee216fba9e4567019a5c68398d387e28,400 ,0,0,0,400 ,ENA
0xc7cf498cc4f59e0d22e46c5d3d1a2106359bba91,400 ,0,0,0,400 ,ENA
0x5e2355ec2677e580b1994e0d26916bb8abad7fe4,400 ,0,0,0,400 ,ENA
0x717ad95539a23566487d2b0d83959511d2051387,400 ,0,0,0,400 ,ENA
0x27fb30b2f6b48bab6de527d85638263938a1cc8e,400 ,0,0,0,400 ,ENA
0x226019ec390496030ce704a0eccbd222348528b5,400 ,0,0,0,400 ,ENA
0xed8053d59dafc4b49c68bd1e4da8e71a9e2f59ee,400 ,0,0,0,400 ,ENA
0xedd33b6cb5668dfcf5a0f451d5b62660f4e7b4fd,400 ,0,0,0,400 ,ENA
0x1dda1a73cc565648f53d9e37425d17bbb5d932ff,400 ,0,0,0,400 ,ENA
0xd3f013efb825b6488544af86515e16bad857e9e0,400 ,0,0,0,400 ,ENA
0x6b6b2a2a2cb83ad068e0cf022c65f36c4dfc725c,400 ,0,0,0,400 ,ENA
0xbc0fcb46410b6c9fd7369b9e31c369e991b9893f,400 ,0,0,0,400 ,ENA
0xad57f8efb72d5308bd1ed8e0ccc63bd2180f5cf8,400 ,0,0,0,400 ,ENA
0xcddcdbbe7cb044d25c135042aecfdefc0b459db6,400 ,0,0,0,400 ,ENA
0x076ac367acc26c398420b69a18aa86ff1bfb039e,400 ,0,0,0,400 ,ENA
0xeb97cb4655ea4d15a688bee88182f3c89cc1b850,400 ,0,0,0,400 ,ENA
0x03b39b654051766acb98bae6d140e5a02bc54064,400 ,0,0,0,400 ,ENA
0x00c58d97ac62a93b42afaef0746d0b1989e7225f,400 ,0,0,0,400 ,ENA
0x8f076cb235f59a0b266ed50c63068e5ad67168dc,400 ,0,0,0,400 ,ENA
0x0266fc1b0ba16bd59ef6d07db16daa30327a0a6a,400 ,0,0,0,400 ,ENA
0xdc3ee2f6a5929d310e0d26dec5068df7ef4e8af7,400 ,0,0,0,400 ,ENA
0x7350a43089b3b10e9fc7372b9ca01c54af3ae080,400 ,0,0,0,400 ,ENA
0x6c0833da401b6a574e158101ebf2e42e4c3517a7,400 ,0,0,0,400 ,ENA
0xf534a7c9b896c65b8684b0943f6e1a61df396989,400 ,0,0,0,400 ,ENA
0xc5f9e2fc4e58ad4b0a5d69dc483ae56f9fc8b874,400 ,0,0,0,400 ,ENA
0x7e719542dfb92ef5ccd2e213d1f5d381e6f901b1,400 ,0,0,0,400 ,ENA
0x5dbefa8258aad34e35391c6f62ac8e9a0674002c,400 ,0,0,0,400 ,ENA
0x4e9980b20f14ab9f4df43933a090cbbbe4b06354,400 ,0,0,0,400 ,ENA
0x8c932accb8cd763aa74509a9c5ce480f60756b2d,400 ,0,0,0,400 ,ENA
0xc56864752633377fbd03d017e628fbc79a597076,400 ,0,0,0,400 ,ENA
0x2777e6a0db708a3f2970f5a6752b91125f0be386,400 ,0,0,0,400 ,ENA
0x7ad928e1c713171c9172f872c7f1c6b57222f75e,400 ,0,0,0,400 ,ENA
0xd291afbe8d381704a0ac61fbe76988eab9a34bd8,400 ,0,0,0,400 ,ENA
0x860d7ece16afeefa03b770bca11eda79ef5206d1,400 ,0,0,0,400 ,ENA
0x46ec542008de0059d5e11628a1742fc792ec0d73,400 ,0,0,0,400 ,ENA
0xb4606acc9a0addff65caf23320327e0307bdfa24,400 ,0,0,0,400 ,ENA
0x7ef1d46f3478d3cc1a6f8f1c39380ff2ddd7b402,400 ,0,0,0,400 ,ENA
0xf61eec1c305ec8ea437da9124cf57babb76bee37,400 ,0,0,0,400 ,ENA
0x51177083a5d2c19be93775fe0a7e68c5b0776a82,400 ,0,0,0,400 ,ENA
0x5f7e7f86e48cb58a5acf48252b43b37cc4de2524,400 ,0,0,0,400 ,ENA
0x9a1d53dcebe2cf401470614451bba689e2fc21d9,400 ,0,0,0,400 ,ENA
0x58f7c17f6b844d2ae971f4b082e226c4b1969d4e,400 ,0,0,0,400 ,ENA
0x1c18b861f348b0a67f20eacabf5a95f178994581,400 ,0,0,0,400 ,ENA
0x083b52182f7847ac9651d31a339850e4c32af2f0,400 ,0,0,0,400 ,ENA
0x71cf568ff96e09bd7f443f3ddf2188702cb78248,400 ,0,0,0,400 ,ENA
0x0b05622e8039ed8c2b0ceee987da82c075c1d762,400 ,0,0,0,400 ,ENA
0x786669bf255ac9ada75149b0d5784b71e7795a3e,400 ,0,0,0,400 ,ENA
0x483dad2bd3349ba84330231e948d3c8f641328f3,400 ,0,0,0,400 ,ENA
0xc17c53f3191349c09bef452770dcf85f9c221f29,400 ,0,0,0,400 ,ENA
0xe487fdbcc4de240e60526d86475f93374f6a4c03,400 ,0,0,0,400 ,ENA
0xc668c98fc42dc5399c1e6e1d69cc78e2249945cd,400 ,0,0,0,400 ,ENA
0xfa32c780163620ef4f527b9a3c29656fcda8295d,400 ,0,0,0,400 ,ENA
0x2279684f45fe0b374c724937715bf9c528f27e3d,400 ,0,0,0,400 ,ENA
0x7f90de296eaffc41cafbdeea0186b5370c81651b,400 ,0,0,0,400 ,ENA
0x894c886de83ff96c19d58828f125ff31c8340fd6,400 ,0,0,0,400 ,ENA
0x18e0ecf26bf2c77aa0a30abcc628de3a4d58ef94,400 ,0,0,0,400 ,ENA
0xa079456dd282374b21403ad2bc2539311926c1d3,400 ,0,0,0,400 ,ENA
0x92d4040e4f3591e60644aaa483821d1bd87001e3,400 ,0,0,0,400 ,ENA
0x567f7ea86cfbffad1085c26a646f95a4b59d7209,400 ,0,0,0,400 ,ENA
0x82fd17af28c445a1d4d9748eb12b8bbe9bd5ef2f,400 ,0,0,0,400 ,ENA
0x1575cfd150fb1ebed9da371e4c008f0569ba51bb,400 ,0,0,0,400 ,ENA
0xfd99dba99c51171cf86efcd9c680292ac932514f,400 ,0,0,0,400 ,ENA
0xa34c9e0f2b2c042901ccfff6e9fd65f3eeb0a430,400 ,0,0,0,400 ,ENA
0xfc1bfe8338af05ccf50c2bcf226ca6350081912d,400 ,0,0,0,400 ,ENA
0x2dabae4a3e8b18ed1cc534d0b95c8f7315030b11,400 ,0,0,0,400 ,ENA
0x5b704a3b2a6e3f311c2e6a9840613e1f61558f2c,400 ,0,0,0,400 ,ENA
0x32bd5a2518b12dcea2599f2e8b0dcd6bae89e150,400 ,0,0,0,400 ,ENA
0x38c9c476b0eaa50909711e82da540df41ba22702,400 ,0,0,0,400 ,ENA
0xd94ad8085e7b9df6b40befe10c4578e074102c77,400 ,0,0,0,400 ,ENA
0x5e886e0e929c73459423e9c0c6af7d2721b2480a,400 ,0,0,0,400 ,ENA
0x32ccf4a12f327538debf9c10c92762db783e2a7a,400 ,0,0,0,400 ,ENA
0xe20a9707fd0b0c6869227e8ce18f833471e5bd8b,400 ,0,0,0,400 ,ENA
0xe529ef5a0f16f49b5b6204a99c299e334da1f565,400 ,0,0,0,400 ,ENA
0x2c73a3137a5be3df30c86b66e6477b318ef979d9,400 ,0,0,0,400 ,ENA
0x3a0b2bdb79e45972abb8778ea8d9632079c05c41,400 ,0,0,0,400 ,ENA
0x6d8a676718f25bc9b9130d6c348cbced5407462e,400 ,0,0,0,400 ,ENA
0x93337774a1d8fdc6913b5f7456b93094d6dd591c,400 ,0,0,0,400 ,ENA
0xe1ffefc74e4a4ef03c6f0f0176430b8ef8885303,400 ,0,0,0,400 ,ENA
0xc85685572e888ac63e7d4dbfd91b593afe23d6ad,400 ,0,0,0,400 ,ENA
0x2120f6966eedbd0a78c4d23e889ade6358ba5d7b,400 ,0,0,0,400 ,ENA
0xc7da419ede0e21b5ce33d2aa4fc71ffb72ad137b,400 ,0,0,0,400 ,ENA
0x41a374c1645201ae63a55eb15f1e3f4fda7a6227,400 ,0,0,0,400 ,ENA
0x2fa6a92b5af370440da05405c813004d75e44a43,400 ,0,0,0,400 ,ENA
0xfb5e2c68f01cf1a52347e3879c11ef2d40e407c0,400 ,0,0,0,400 ,ENA
0xc99d48f8d1118abadc32d5008abe1fffc6d0279a,400 ,0,0,0,400 ,ENA
0xea07d5ba99fcae5c14193f83edf835ec7debcae1,400 ,0,0,0,400 ,ENA
0x3e3e3374233b02d56c35be51e064d31b65d5c3c4,400 ,0,0,0,400 ,ENA
0x7d72fd740f4ab61db9f9e1ef896cc0c6a066b4a8,400 ,0,0,0,400 ,ENA
0xcb72af559fe6f7a6a462c5de78d357339de7f0d1,400 ,0,0,0,400 ,ENA
0x76c577122a40cd36209e3d548288ec33dcd98eeb,400 ,0,0,0,400 ,ENA
0xe973c23d252fe2e8572cfb5f001857d3738478a4,400 ,0,0,0,400 ,ENA
0x66b8288d54ff07fe32a8fb0bac120090d092e274,400 ,0,0,0,400 ,ENA
0x1397884403abf2ce75d810d417717f68f0e2eabc,400 ,0,0,0,400 ,ENA
0xf78446d3ba37ba7a07b571d487000877ffd12e75,400 ,0,0,0,400 ,ENA
0x6e85e120e08882b9d3cbe624d294b094689895be,400 ,0,0,0,400 ,ENA
0xfd8cd1828313c780ad6f243f913786bc2c891933,400 ,0,0,0,400 ,ENA
0x9b7a80da345a3fd322c88528fe28a36f135688b2,400 ,0,0,0,400 ,ENA
0xe655e771804fc06421e9c6153c82ea8b0665f390,400 ,0,0,0,400 ,ENA
0x4fc3f434360462339542b43dad2f64db86c55ad1,400 ,0,0,0,400 ,ENA
0x1aa5325e674bc71828ab25c3f0717b78d04c30ce,400 ,0,0,0,400 ,ENA
0x17f62d9bfaee16bc0d631ff082707de07ea7136d,400 ,0,0,0,400 ,ENA
0x3571ac1c648691c785e81d305d148e665915de01,400 ,0,0,0,400 ,ENA
0xcf1cc35edbeb5321ecde362289cba6f25795e153,400 ,0,0,0,400 ,ENA
0x88e4ed76ab146ab4f9fe9bf1deb974aef83e9293,400 ,0,0,0,400 ,ENA
0x674f3dfb6ccf62e64135cae98b282195af724df1,400 ,0,0,0,400 ,ENA
0xdfaf16925b20c76e7f6308137f23a163214176ed,400 ,0,0,0,400 ,ENA
0x26471143b38138a17687de9e7db22d5da7d7d55d,400 ,0,0,0,400 ,ENA
0x0a2871b27544911d82bb98f8b11cbd42aad03d06,400 ,0,0,0,400 ,ENA
0x1ef9bbb092e137d5a11785961bf5a0a8cdec166b,400 ,0,0,0,400 ,ENA
0xe7cf26116b59fadecff9ddd0e57bb1bc2a10c415,400 ,0,0,0,400 ,ENA
0x05f63b2c850968263b5418d4d6a7339c921e895e,400 ,0,0,0,400 ,ENA
0x21440db37c73bc0518d98405d30c01d64c188b84,400 ,0,0,0,400 ,ENA
0x811a3e0a7a960790692ef98a5eedece304bcc16e,400 ,0,0,0,400 ,ENA
0x7d76d662d138cd20ada9fe73690652f8c02cb3ab,400 ,0,0,0,400 ,ENA
0xf607c8457145aba935fbb04b93ae0fea22435757,400 ,0,0,0,400 ,ENA
0xf5a4e394e459f205c0ed9f7e78385fa5f3821312,400 ,0,0,0,400 ,ENA
0x83c7fb240a06372c1c14bf4b5ab1ee0f6d841c4e,400 ,0,0,0,400 ,ENA
0x72b1699ae006ac94ab4e695e7b0b8e0f08dabd17,400 ,0,0,0,400 ,ENA
0xce88c1d0991655994c952608b7fbf3f03be78480,400 ,0,0,0,400 ,ENA
0x9a3fdfff96e639d113714e7e3ecd4c5ee3cba0f9,400 ,0,0,0,400 ,ENA
0x757bae7980536fd7a5f915af4fd09d2a361de0b8,400 ,0,0,0,400 ,ENA
0xa172764028348cbd2b14022784562e54595978f4,400 ,0,0,0,400 ,ENA
0x60525ac2bd411ca80fa636cf187744d3fc4983c3,400 ,0,0,0,400 ,ENA
0xbc86c513d31e3e4bdea401254189ec397557c92c,400 ,0,0,0,400 ,ENA
0xfccaa72945d6ded0f135ce710ac91cfad025e039,400 ,0,0,0,400 ,ENA
0x02d926b835ca2545821c70133eff7070094608e5,400 ,0,0,0,400 ,ENA
0x84a4fa04c5e4270c79ec12d317693771d8e52a29,400 ,0,0,0,400 ,ENA
0xabf71186756fb8e04b93864e4154c3b777fcbeeb,400 ,0,0,0,400 ,ENA
0x7431aafd2ba0049f6db5904f66674d86f08f03d5,400 ,0,0,0,400 ,ENA
0xd2bb39b5539e55f4da02a862e031004c3bcb0da9,400 ,0,0,0,400 ,ENA
0xd0216344df567e6b6dbc48305d8108efa06eb06e,400 ,0,0,0,400 ,ENA
0xc7ebd2d951aecad25c6ea709da71bad22322ed68,400 ,0,0,0,400 ,ENA
0xc6bc85aded1c1291b298391cb4279839f251b38b,400 ,0,0,0,400 ,ENA
0x9e7ff02752a278562db68c98247214870c8590ba,400 ,0,0,0,400 ,ENA
0xb686a3102cfaf959f07006e9d20836a15bfbfd8e,400 ,0,0,0,400 ,ENA
0x26fce3de34bfaec1eae3c8d021d894eae24d12aa,400 ,0,0,0,400 ,ENA
0xf209e7eabb9b826d50e48244e055633c58ee9ffa,400 ,0,0,0,400 ,ENA
0x4d4629eb43c348d64fca38430fc82285916a25ba,400 ,0,0,0,400 ,ENA
0xe85144ab1d5a66694eaf2658e0848f6d4a377ec5,400 ,0,0,0,400 ,ENA
0xdd2591fd02c3c12ad7df3debef9a9d152d0bd88f,400 ,0,0,0,400 ,ENA
0xd8829e2cc2ed8a82887ad56a6bd6b5bc38a2d998,400 ,0,0,0,400 ,ENA
0xa97cc3a3e8409a79eafc2f922c030c2c642dab22,400 ,0,0,0,400 ,ENA
0x5900f3ba8b941746f30cae4e8dc23666e43cf5c3,400 ,0,0,0,400 ,ENA
0x42d4461bdddc2ba15d01608c97ba55e91cfe12d3,400 ,0,0,0,400 ,ENA
0x9b8043c9e633fd1081c25f9683db427ac12f1b8a,400 ,0,0,0,400 ,ENA
0x6502a71d679303d49a0b29e407e023aa97498c07,400 ,0,0,0,400 ,ENA
0xb969bf1e91f91f87b47524274e3c30733092ddd1,400 ,0,0,0,400 ,ENA
0xd226d474ef0f0d47e67c562b2be0c3743916f253,400 ,0,0,0,400 ,ENA
0x67e1ff66c017348a27e351af15771a1fb6d0adcd,400 ,0,0,0,400 ,ENA
0xccc2539a7dc5bdcc63e1859234033e5ba0974885,400 ,0,0,0,400 ,ENA
0x59155e5643dc776eec1bfcc71b9126ba48782a3e,400 ,0,0,0,400 ,ENA
0xfa17cd751bc165da7399d3ce27ceb7ae39da6a77,400 ,0,0,0,400 ,ENA
0x67ba3b13faa22eeba6b020ad95a83dac4afdd9d0,400 ,0,0,0,400 ,ENA
0x96fe8ac07877152e29d1855d7903844258e5c0b0,400 ,0,0,0,400 ,ENA
0xd471c42004cbe3a3dd330f1ce6af75edd3ccdb7f,400 ,0,0,0,400 ,ENA
0x8815ae61f6f83077fd7514e65000ca68982f9987,400 ,0,0,0,400 ,ENA
0x5e7b6d008f09399923335cda755393c0c1803e44,400 ,0,0,0,400 ,ENA
0x598a6956ce844e941ec3d1831eca9b432698d34d,400 ,0,0,0,400 ,ENA
0x7508ebca022052e853ad5e4f7bc4f2b697fbb061,400 ,0,0,0,400 ,ENA
0x449a7f01f0b1d04cd89295aa03604bf4733aedbf,400 ,0,0,0,400 ,ENA
0xa7c65375f4407b485b873d4de715785b4209542a,400 ,0,0,0,400 ,ENA
0xa0718b5b2fd14191f13bf192db0f2270ba740ca8,400 ,0,0,0,400 ,ENA
0x426214c01b197c73996db1ebbfbf04639d26701c,400 ,0,0,0,400 ,ENA
0xd74c3fabb616e76c9e11a9e37097ae624bd996ad,400 ,0,0,0,400 ,ENA
0xa65f7520308973d8569012684d4521544821b45c,400 ,0,0,0,400 ,ENA
0x23676a253711cf7526bd8491feb4ec0df3ebed27,400 ,0,0,0,400 ,ENA
0xcf903038bf92002b21ee4c1c810c692f3d96dbba,400 ,0,0,0,400 ,ENA
0xf57583d85e93d4383f4798a15a64b1b67d0d86f3,400 ,0,0,0,400 ,ENA
0x1907d318e815e478ca8aaf3354e80cacd4f2839a,400 ,0,0,0,400 ,ENA
0xdbfee12f3b0c6c0ba4f4728cb2883eb5522d721a,400 ,0,0,0,400 ,ENA
0xbde1214bb22eaf4e391cd89025dc7304969ed9cd,400 ,0,0,0,400 ,ENA
0xc84db7d7e40ad7252c2d30b3ddfd936120d0805a,400 ,0,0,0,400 ,ENA
0x178b5846ce9ffe4160401157a08f40fabfe8ec1f,400 ,0,0,0,400 ,ENA
0x2905936879b459a9266f165809d0ca6b6c9ba433,400 ,0,0,0,400 ,ENA
0x64013b0a959d48aed9ea7244e19a10fda574eb85,400 ,0,0,0,400 ,ENA
0x702b177d95072afd99959f4f9c675a19385225a7,400 ,0,0,0,400 ,ENA
0x74bcc0d0b8c5bfdbe68a1b5a8062dad27216642f,400 ,0,0,0,400 ,ENA
0x1fc1df9d3ef90bcbac3ec90f55c005769c3d3807,400 ,0,0,0,400 ,ENA
0x7b2d401d2125163a79d706a5d80d18eca31535a5,400 ,0,0,0,400 ,ENA
0x085e52ffda0230d94274d99b10d40b4949d98bb4,400 ,0,0,0,400 ,ENA
0x5dd3e59a84e901f7aaa7da5237f5b87e6646cd0d,400 ,0,0,0,400 ,ENA
0x32483edaba4a6b06355aef4e752a3aeb06bddbc6,400 ,0,0,0,400 ,ENA
0xb091ed1c3c6db629ce5a228a214d26ee2d0b7d90,400 ,0,0,0,400 ,ENA
0xb5131cc63aba7fe6cb7782988d3fc23cb0148391,400 ,0,0,0,400 ,ENA
0xd69540865fd854a685d4b7d3982a3860f7545b0a,400 ,0,0,0,400 ,ENA
0x1fb126573ce5e0391a28a3be33f7ef6cea221a11,400 ,0,0,0,400 ,ENA
0x2f2dc2c6c9039d70893b9f6446fc179a6b765d3c,400 ,0,0,0,400 ,ENA
0x769708d0d2bafc76336488e1f80ea69a4e83fffe,400 ,0,0,0,400 ,ENA
0x3b6f6f6a052cdc742e30e3d515e4f1f9cdf4f86d,400 ,0,0,0,400 ,ENA
0x6046ad83bc3e7e01bb0ab55b8792e9cb0e12f95f,400 ,0,0,0,400 ,ENA
0xad31adcba227bfc9ba4b23b160bb1d0646d62a4c,400 ,0,0,0,400 ,ENA
0x4e709c2c79f2a6e45a68a5e2629c6d4375681671,400 ,0,0,0,400 ,ENA
0x99a4e9358412f0f1a15e4e8e008ebadbf3261cd5,400 ,0,0,0,400 ,ENA
0x3f42e8fb715f5fbddb09d6baba9bcc455c564e66,400 ,0,0,0,400 ,ENA
0xa1b3c9f4c9f8c8765f6dcde48725243c81588eae,400 ,0,0,0,400 ,ENA
0xb3086dd0506979d35cc3a4b73d88f43b65addaca,400 ,0,0,0,400 ,ENA
0x34a5eb06ec63a563f51df0b37972b2f323f378c4,400 ,0,0,0,400 ,ENA
0x8af929a6d25db28e2f45bb993eb6a0414240ca2e,400 ,0,0,0,400 ,ENA
0xeaf6051085e437779347a891bd79e9cb271dd23f,400 ,0,0,0,400 ,ENA
0xbda77f6abe1885eff03ecac3cb57fb344c39ffbf,400 ,0,0,0,400 ,ENA
0x87480333f13f661be1fbf4e4b3e9c55a4f215fac,400 ,0,0,0,400 ,ENA
0xbbe3dd0176cd5daced1a3ef6d26731c6feda3a5a,400 ,0,0,0,400 ,ENA
0x0385bbd98960541cda34e169a4b458dc3ddaf386,400 ,0,0,0,400 ,ENA
0x312f91792aaccdbd6556ff70e7203ffc419d7b6d,400 ,0,0,0,400 ,ENA
0x97cedead217662f720c689726544ec5fe2cca63d,400 ,0,0,0,400 ,ENA
0x35bf47268ffec052029a8c06b66135c10f2b819a,400 ,0,0,0,400 ,ENA
0x17e018ceaf844bb27c3fc650a11202a3dd8e0dee,400 ,0,0,0,400 ,ENA
0x53fd032544967d7654b806d9b61a74b817c017ca,400 ,0,0,0,400 ,ENA
0x5fe2dcc31832914d555888898791e62a00779ae6,400 ,0,0,0,400 ,ENA
0xa9b87ce3ca8cd14070b553df5e72e449854bcb80,400 ,0,0,0,400 ,ENA
0x28250eb2cd52b06838b0cf9aaf8091176d711656,400 ,0,0,0,400 ,ENA
0x6ae7eaf5063ede4c07be6e4b407c4e97cf52c8e1,400 ,0,0,0,400 ,ENA
0x2d99888f4a48ff717b22f23d88f898c9c252d16e,400 ,0,0,0,400 ,ENA
0x9e16fc8de56b123d185f134c66f7936934bd5be2,400 ,0,0,0,400 ,ENA
0x4d7917bfe601a1c2cd74a9dec8fde4064a0f24c6,400 ,0,0,0,400 ,ENA
0xe73543b5257ea6b759ad0aef5314db6eae87850d,400 ,0,0,0,400 ,ENA
0xc7eeb225edb06d6bb3a0a11131f909c9ed6648b9,400 ,0,0,0,400 ,ENA
0x0bab80aa184d342c20ec9e4d0ee73505e513596c,400 ,0,0,0,400 ,ENA
0x63ab9361a89f0c722031943f10b7a30b62a6bf48,400 ,0,0,0,400 ,ENA
0xe766992018eb21a1806929fbc998ce6e5620a56c,400 ,0,0,0,400 ,ENA
0xee684eb2a4ad84fe4d32e53825d8e1d5e515242b,400 ,0,0,0,400 ,ENA
0x348d8e23140cd38870c90c0bfd1e21cda48d9709,400 ,0,0,0,400 ,ENA
0xd2f52c6c9206106e72183bb6adfff4e34c7fc4a3,400 ,0,0,0,400 ,ENA
0x2453bbe60f8294dc41d27d67c40c58310a350b69,400 ,0,0,0,400 ,ENA
0x85b25082826c842f0a44b038319e689640145e79,400 ,0,0,0,400 ,ENA
0x3fb21d5cf310ff323dadd920b482cc7644f7fe62,400 ,0,0,0,400 ,ENA
0x7a94082263c5a0915e5a91f5b7bedc7063f2924f,400 ,0,0,0,400 ,ENA
0x9607312e9a1d0103f369601f26a61e5c2137bfcf,400 ,0,0,0,400 ,ENA
0x06fa933760e2564e38dd5e926dfe7e43c143d5f0,400 ,0,0,0,400 ,ENA
0xc7e8f57cd3e00599c52323ae9daeb28cb979c1d2,400 ,0,0,0,400 ,ENA
0x458519261aaf8bdf949a170b7d26d4b0f8c44500,400 ,0,0,0,400 ,ENA
0x84de97906d01e7839ecadd868b99d582cf8f8ef1,400 ,0,0,0,400 ,ENA
0xc466fe3f353b2ace3a3b2ce8679559bc367849ef,400 ,0,0,0,400 ,ENA
0xf6415c36d30839656e9c0e36691e08e32eba19ba,400 ,0,0,0,400 ,ENA
0x8bbd00a6d6500301548a74ad83d84966794a1f5c,400 ,0,0,0,400 ,ENA
0x17a4199329820f7e6cf677b5d51716ac584cedf9,400 ,0,0,0,400 ,ENA
0x95dfe04cb18a6c275bbeb4feb2a0d882abfec63a,400 ,0,0,0,400 ,ENA
0xa3dd2810619a702b86dabe8ce78f83655c765fb5,400 ,0,0,0,400 ,ENA
0x939ac5b0421e0b97187dcb809037129e2e689492,400 ,0,0,0,400 ,ENA
0x10aae650f6ad58a851c44cd78ec4a04b41ef8677,400 ,0,0,0,400 ,ENA
0xa67d5e8de8fb142a671593bd790e7612df56c0d6,400 ,0,0,0,400 ,ENA
0x5ef45d2b38f023a917d52b9c2655db549cebbc51,400 ,0,0,0,400 ,ENA
0xc5ee314571f248e18ea7e6d6afc11cf7f2a5d8a2,400 ,0,0,0,400 ,ENA
0x0803041982040b7484c3a9aa0b9c2521275053d8,400 ,0,0,0,400 ,ENA
0x73f80af50cc82cbcdebb409ccceb088c30ed9641,400 ,0,0,0,400 ,ENA
0xdd3a52ad0a884eabc4744b28a6a4045ad670d86a,400 ,0,0,0,400 ,ENA
0x1a434e56a7968c9ec42aa1d45b0abc1ecc599de6,400 ,0,0,0,400 ,ENA
0x0a62df0aa9eac20915a3b0413fa6d6110ab9808c,400 ,0,0,0,400 ,ENA
0xaa2afd137706104e8daf0fec268560fb4182ea00,400 ,0,0,0,400 ,ENA
0xfb1058dc07e0eb4b7c3a99506535e387de564850,400 ,0,0,0,400 ,ENA
0xd5a58c44feb419c23780d309c87fe9845d481278,400 ,0,0,0,400 ,ENA
0xe779b15ecc2692781420a06c5785125f1d9d3b68,400 ,0,0,0,400 ,ENA
0x072163b76c4dc5e9d18b1c3c3b8f17cfa827d795,400 ,0,0,0,400 ,ENA
0xcf7a2796c95fffe907da301e758a8e646b8e10ee,400 ,0,0,0,400 ,ENA
0x602ede5ef065c2995d5a3ba1a8c51e6eaa7bec4f,400 ,0,0,0,400 ,ENA
0x7e5cd2fe05f85b9a4ce9d9e36ac5255a1b19117d,400 ,0,0,0,400 ,ENA
0xaf21ca899adc4635432b9d479f0c67a53d4f1470,400 ,0,0,0,400 ,ENA
0x9845932116035fcca5a4798ba0d00d99230d6843,400 ,0,0,0,400 ,ENA
0xd61dfa6afb860beb5bfa763c2a4708952003622f,400 ,0,0,0,400 ,ENA
0x88f77266700e8bf81713cb274e0e6bf1cda60a72,400 ,0,0,0,400 ,ENA
0x8e4427bd8a2563f6afd525534c27affb42fabcf8,400 ,0,0,0,400 ,ENA
0x7c0154c6aa7f8d3f909587953ba4c280a369ae0d,400 ,0,0,0,400 ,ENA
0x43f251eee15c79eee2bad67656395f5334318474,400 ,0,0,0,400 ,ENA
0x74fc21065f313f3efada518574a498cda4f77925,400 ,0,0,0,400 ,ENA
0xa87bca239de5240de422d135038095adf1b1ae5a,400 ,0,0,0,400 ,ENA
0x44a7a43486034859608f6bbf0329aeaa3b396907,400 ,0,0,0,400 ,ENA
0xb481e0098530c905a9434293409b7c05d55bdb20,400 ,0,0,0,400 ,ENA
0x457926b3190ef73433c69cbcce5a995f8caa9147,400 ,0,0,0,400 ,ENA
0xd6cb45bb6929e380f3db186b24f998c8d3735a40,400 ,0,0,0,400 ,ENA
0xb31de9abe787887500565341f885ce8a4f814e9c,400 ,0,0,0,400 ,ENA
0xe16a7413470c08d3a2b8f2c93260bbf952d3b252,400 ,0,0,0,400 ,ENA
0xd2c232b1932c674495dcce7fe9fe7b4c807880b3,400 ,0,0,0,400 ,ENA
0x804c092012ea4e752abdcdb8ca7eeb267d24ffff,400 ,0,0,0,400 ,ENA
0x8c8618fa9d9add2aa6a3375dacf827508485f61d,400 ,0,0,0,400 ,ENA
0x64b06216d7589512e0e19d7b0f65517002fa40a9,200 ,0,0,0,200 ,ENA
0xe2650a2ae3c5ddb7389f7ceb32c84053ae129655,200 ,0,0,0,200 ,ENA
0x91df3e7e223eb0bf71f84c2e38b87a77a28068d5,200 ,0,0,0,200 ,ENA
0xcbff054ec132d17a8a0f2140141c2af28a18efae,200 ,0,0,0,200 ,ENA
0xdc14404024238f267dd7c78e05526bcb1a5e084d,200 ,0,0,0,200 ,ENA
0x72dc483a323adbc8e68e376cd70175a3d9ea13e3,200 ,0,0,0,200 ,ENA
0x138df6ce53b654f0972d28772a1470c17e9cc010,200 ,0,0,0,200 ,ENA
0xc632c1c43cddebb313ab5e42c483e298ad02e1bc,200 ,0,0,0,200 ,ENA
0xb80a283b1a4e0493ad624c089ac40d201cae0817,200 ,0,0,0,200 ,ENA
0xb4f3ef885379e53866b10ccfb419b692301bd99f,200 ,0,0,0,200 ,ENA
0x86a1e214df948fe3fe6d8cdf6aeedd630acdc87f,200 ,0,0,0,200 ,ENA
0x0e1060bc8e1e98a8b9f958f125668a55af298b2a,200 ,0,0,0,200 ,ENA
0x21056b72bacdb3b6c2a5dbfdcb494fac19b23574,200 ,0,0,0,200 ,ENA
0x1b53f32b8b841e30b60b0bd2c61b1df204a63bdb,200 ,0,0,0,200 ,ENA
0xa15fa77449243edfbeb7c35f5c551ece256a472e,200 ,0,0,0,200 ,ENA
0x9f0d369d3453e8e173b7d4ecb5c7e8d51dd4d99c,200 ,0,0,0,200 ,ENA
0x99ea9724d4c42a9be926ce5a78545bfd6f6e2426,200 ,0,0,0,200 ,ENA
0x201d52c375bb8c93a7f59482c5002b36ee4bef64,200 ,0,0,0,200 ,ENA
0xd3f27ca1984e6d595d2028e666d289e0f737da5e,200 ,0,0,0,200 ,ENA
0x4d02af17a29cda77416a1f60eae9092bb6d9c026,200 ,0,0,0,200 ,ENA
0x87c2fcafaf180b5e3e51999840e581ab36ed72a1,200 ,0,0,0,200 ,ENA
0xa745a3051d67b7915ea612dc18a84bce5b41e879,200 ,0,0,0,200 ,ENA
0xf2b99d6439a49480edce68e45a934bd2393a12cd,200 ,0,0,0,200 ,ENA
0xa50454e5870ebd0ecbbe10144b7ab71c2dce6e81,200 ,0,0,0,200 ,ENA
0xec1e47007b6425ea163e1bada3e884d0bb282484,200 ,0,0,0,200 ,ENA
0x6e9520b62d71d653a9dd6a0598e7ade38619866d,200 ,0,0,0,200 ,ENA
0xa4b0417b046601eecb865e656186421f477b1559,200 ,0,0,0,200 ,ENA
0x6133fb619d63caf5f119ceb35010a391f0fc1218,200 ,0,0,0,200 ,ENA
0x0dadb8106e230311fd454cc5a52c3d58b38d4350,200 ,0,0,0,200 ,ENA
0xb92e1425ce9e4329d562f8c4b8ae85826fe33ffd,200 ,0,0,0,200 ,ENA
0xdf004d35e24f7f3dd1eec8c1a6682a4e74badb14,200 ,0,0,0,200 ,ENA
0xd169fa1d830962ed09ecb55b212c26e10c981082,200 ,0,0,0,200 ,ENA
0x215d9696e9b9b30d8452aa55d427d777ec31f1e4,200 ,0,0,0,200 ,ENA
0x32c5770eff443df44bf3eadc501fefbcf32febd9,200 ,0,0,0,200 ,ENA
0xf17fb366c0c18977fc3029bb12f465e02623b18e,200 ,0,0,0,200 ,ENA
0x68b4737c1e0437c1c188e9c93ad2c33c562803a8,200 ,0,0,0,200 ,ENA
0xb0e327cbf98d32eec38ef2aebc268959b63f4cc1,200 ,0,0,0,200 ,ENA
0x8114d5adcca5cbdae4321fbdab7a3248c0b3614d,200 ,0,0,0,200 ,ENA
0x5fdb7dda33664b8158d2db7f429e2cce12ab0e75,200 ,0,0,0,200 ,ENA
0xccfc3f44800c851b60a1a0608190c00575471565,200 ,0,0,0,200 ,ENA
0x033de3098e36bc986ffea093a105991c86e4e00e,200 ,0,0,0,200 ,ENA
0x26a40679077ed5c7031fde92e49cffd48c92fbe1,200 ,0,0,0,200 ,ENA
0x358d859dadb44edbc1290b089da951e48280e431,200 ,0,0,0,200 ,ENA
0x262d9413447f06758bb0d0a647e54415fce06f36,200 ,0,0,0,200 ,ENA
0xcaff4c3a6eaa459186386770a7c93480eb557459,200 ,0,0,0,200 ,ENA
0xe7f2c4a4e9f7720b291a011ccf6324207f1771f3,200 ,0,0,0,200 ,ENA
0xf1fc64affa7ab84c77d435fa6a6176745b8c029e,200 ,0,0,0,200 ,ENA
0xa7bdbeab6b1bf6c39188b33b5beaa984f4c50687,200 ,0,0,0,200 ,ENA
0xde340004658ba3f3be37d21f71b18fc6560e7dd2,200 ,0,0,0,200 ,ENA
0x0af96b94d3476412ae7b1b47c64328a09359c23c,200 ,0,0,0,200 ,ENA
0x85be3b3d8a5360171795728466de9c8425917ba2,200 ,0,0,0,200 ,ENA
0x56321a745b2aae94048f20d49f1dba07825475c8,200 ,0,0,0,200 ,ENA
0x6f36af0e9f6d029fa8014cf48280c43cc117a35c,200 ,0,0,0,200 ,ENA
0x7553237b209ef25cd728fc3ded69a74ce42cf281,200 ,0,0,0,200 ,ENA
0x6a91bd2b70053344c63ebdee7610961fe6ff4a32,200 ,0,0,0,200 ,ENA
0xccb9658f2158223b1c0f2c353073d79b506d4b77,200 ,0,0,0,200 ,ENA
0xccb773b85829eab9ff82586692c53c277e647580,200 ,0,0,0,200 ,ENA
0x542dc1934bfb5e42a8cc33179b34a609ca423588,200 ,0,0,0,200 ,ENA
0xca0d50cb8ef97bce22544d2b14157ecbafb5077c,200 ,0,0,0,200 ,ENA
0x4b6320678e0bafe306a0ba2873cd0ce288458e36,200 ,0,0,0,200 ,ENA
0xd6068635f7167b0ac023c48fd785cfe1e57dcdc1,200 ,0,0,0,200 ,ENA
0x62a6788cb21d23bec244c73425c115c2149b901c,200 ,0,0,0,200 ,ENA
0x8caaddd59e9507a4918e28cfe27249e216f71080,200 ,0,0,0,200 ,ENA
0xad8ec0d0fc9150c4b023fe0688159e945c1064e9,200 ,0,0,0,200 ,ENA
0xfdcb446d85ff9a9d793e563f115dc94c969e8f33,200 ,0,0,0,200 ,ENA
0x7cadf48ee6c2a71fa05aa29c3b785566ac83c5d2,200 ,0,0,0,200 ,ENA
0x23421ecb56dc85001f3d52eabbdbf71801991345,200 ,0,0,0,200 ,ENA
0xb900332c8f1032b1f6004757edf6351d6850d6d4,200 ,0,0,0,200 ,ENA
0xadcd069fa82080f2453cabcf689f1d8d06d2c386,200 ,0,0,0,200 ,ENA
0x934133b5764cc27b376116d419d0a05724f8f300,200 ,0,0,0,200 ,ENA
0xda890d10cf8442fdec1fb086db3a56c5752f2b17,200 ,0,0,0,200 ,ENA
0xbf1b21c0074f98a3cda270610bdb31be211a3038,200 ,0,0,0,200 ,ENA
0xb2829d352c7cfb8ed2f2f7e237f42afd26df8799,200 ,0,0,0,200 ,ENA
0xfb4a1217ec68f317956f71363070166dd7fa00b8,200 ,0,0,0,200 ,ENA
0x2742e91ca903e57606df881f615c9be70dae7250,200 ,0,0,0,200 ,ENA
0x1f6f4d58ada0296bd17cfc7ccc226e2c7cecdcd4,200 ,0,0,0,200 ,ENA
0x56d7ffa650f52c5d6f005054011e5d5f5b4f53b6,200 ,0,0,0,200 ,ENA
0x958744cad417ff00065ba178d21d5d49cb8f863f,200 ,0,0,0,200 ,ENA
0x7b3b3fd57f31b6edcea764b74007edbd6cae39ba,200 ,0,0,0,200 ,ENA
0x2e1811ac11ae3880e69cdcfedfcaa1cb715567df,200 ,0,0,0,200 ,ENA
0x5d8083013c56dad64401b3b78db809aa9b86edca,200 ,0,0,0,200 ,ENA
0x598c1c504e492d469728c445a7b17bbe17bde757,200 ,0,0,0,200 ,ENA
0x80da944b9a8194b742a91f58b9db6c5fad6bfa6e,200 ,0,0,0,200 ,ENA
0xa59c6c59bc1b9ec9faa616c4061b5d028cf53065,200 ,0,0,0,200 ,ENA
0x69052caec2b503272d57bea9a1f6783e7bd3e181,200 ,0,0,0,200 ,ENA
0x4288a3e9c5bcef3ebe56963b041e3e3a29bf2ba4,200 ,0,0,0,200 ,ENA
0xe15d285220c44364596afc145ec1a8f95114295e,200 ,0,0,0,200 ,ENA
0x7e8f9c797852f90080815f4223234db3e10b28cc,200 ,0,0,0,200 ,ENA
0x2123d73945e89cb73faf3c211142e014fe6270ff,200 ,0,0,0,200 ,ENA
0x52fab9cd114da69bc1b5dee9b596d9fb3fba0f33,200 ,0,0,0,200 ,ENA
0xee4b3b466e1c1963ce6242acc21ef8116713a276,200 ,0,0,0,200 ,ENA
0x1cf0933acf434e7696812e53edc269b98a4763db,200 ,0,0,0,200 ,ENA
0x8d30eab20e0584f48866e3fadeceb434c950e8b4,200 ,0,0,0,200 ,ENA
0x3aa02f6b5de8cc436ae301b2994849b9fb1f179d,200 ,0,0,0,200 ,ENA
0x7bb3f75671f56905410391c37fe1723865086959,200 ,0,0,0,200 ,ENA
0xd52b222175ecf788951e530fda48bb773965ecd0,200 ,0,0,0,200 ,ENA
0x795a59933ca26df0c5c072ade87150f76a0f7a8a,200 ,0,0,0,200 ,ENA
0xc3360cab0a9af8be138e01c6079a1ef518154f52,200 ,0,0,0,200 ,ENA
0xe287bcb3d7791f844ca079cd85b1e66aacecc64a,200 ,0,0,0,200 ,ENA
0x84207a93a48edb008be196da5c0414e5e72a017b,200 ,0,0,0,200 ,ENA
0x8d47ed270fca9be19de55f9187b54c952854a68f,200 ,0,0,0,200 ,ENA
0x714acbb73791109c12b68f5350360b0a5af1377d,200 ,0,0,0,200 ,ENA
0x36419e675eca7f4beb2c487affc19a412eaab69c,200 ,0,0,0,200 ,ENA
0x55010eb86a1d7493609ac2279fff7fe00f71305d,200 ,0,0,0,200 ,ENA
0x077d462588b3c567dc2a3b55a2d41aea4f97251e,200 ,0,0,0,200 ,ENA
0x95f12174e151e1f6ce4193476cc587571beac6f6,200 ,0,0,0,200 ,ENA
0x4079d9e8a4592c98eccea935115c264fde62418c,200 ,0,0,0,200 ,ENA
0x014728cffd56a828b6f29c7023ff0127b79d1962,200 ,0,0,0,200 ,ENA
0x76eefc5f112f1b72d65a1262d2d5d920191f15ed,200 ,0,0,0,200 ,ENA
0x775e6523e8987d7d3e9fba209dd7a48e4fe9fb89,200 ,0,0,0,200 ,ENA
0x38ce8d007f1f7431664bfdc526b30e52ec1f53ca,200 ,0,0,0,200 ,ENA
0x9e254478d4cb7dd0f9aa2da7a22ac7f0f970a902,200 ,0,0,0,200 ,ENA
0x34df4c9a11210e67b6de4bf83ec21e13fd6ac7ae,200 ,0,0,0,200 ,ENA
0x609f2db8a60a68d5e0108f05a6d4738485dbcd3a,200 ,0,0,0,200 ,ENA
0x34fbf94f979b3ec5c1338d924cc8b8c78dbacd61,200 ,0,0,0,200 ,ENA
0x8414c2c0b86fa43698260d4e68ef01e1d8f58883,200 ,0,0,0,200 ,ENA
0x8168bc5da5b1ad08588ffbd67f2309e451089ec1,200 ,0,0,0,200 ,ENA
0x17727071fcebf88fd6e1159f162d422024ac7155,200 ,0,0,0,200 ,ENA
0xa1167330a8bcff75e7233d71ec3ff5e118a19316,200 ,0,0,0,200 ,ENA
0x1f67e0dee81a92c0fc32dd618e53b1d55adc9fcd,200 ,0,0,0,200 ,ENA
0xb9e0c1daea532b796602eefd891a82c457366180,200 ,0,0,0,200 ,ENA
0xdcdee6e8998f9dfdbbf2f9902d1aed3aa0da0883,200 ,0,0,0,200 ,ENA
0x20bd9eed43a5845a30adf05da56eb7f78ee07da8,200 ,0,0,0,200 ,ENA
0xf15ac539f2e0f858717affce976a7f3c2ed8fa54,200 ,0,0,0,200 ,ENA
0x1e88fc2ee03bbf9569db0cca288168101fd72abf,200 ,0,0,0,200 ,ENA
0x424a379ce60ddc917e2411db9816fc1a58e81c22,200 ,0,0,0,200 ,ENA
0xf3ea84e4710278f4a303e467f2da82dee3bed611,200 ,0,0,0,200 ,ENA
0x6d5e399cdb24d5e260a119ffc118f9b7bc349530,200 ,0,0,0,200 ,ENA
0xb2cca385e3579367618cf2de06ff2e9ca38e279f,200 ,0,0,0,200 ,ENA
0xe5a779b41ba04979881010c261b91640afb2284e,200 ,0,0,0,200 ,ENA
0x2cb70ba77aae00967c1e2726be530ea4605e331f,200 ,0,0,0,200 ,ENA
0xb2e07ed272e339d1dd421ff64073173f6886b0f0,200 ,0,0,0,200 ,ENA
0xf19ed961582492dbbaf7b77872124085130b1b2e,200 ,0,0,0,200 ,ENA
0x11d6ddf90aa2a7e1acf9e8efd4a604e90287b518,200 ,0,0,0,200 ,ENA
0x6c2dc673af00d72fc171f8e5aaf97a7b8ca1bebd,200 ,0,0,0,200 ,ENA
0x88d89729f8977264426d229252c5a9dae3edf4c6,200 ,0,0,0,200 ,ENA
0xbb3d242875af55fc16b4368dfbcebda3cd36cbba,200 ,0,0,0,200 ,ENA
0x9c67b78edb947aa3382320c9fd651f8ad1400dd3,200 ,0,0,0,200 ,ENA
0x565d14ed91b301b51c98fddcb2cc06a76e2b9f29,200 ,0,0,0,200 ,ENA
0x6b938c7ac321d79f567a1ae45c5d94964a31d84a,200 ,0,0,0,200 ,ENA
0xdd8445ff3d2dac4e6f4640d10041e352b2f53c1f,200 ,0,0,0,200 ,ENA
0xb36969576587255e5f0172fc819fa86c73e36541,200 ,0,0,0,200 ,ENA
0x8774dcd0325553e140b6382b8a26dd713d3135fe,200 ,0,0,0,200 ,ENA
0xf9b45d7c40bc381ea37cd6d653c15af5a4e75e07,200 ,0,0,0,200 ,ENA
0x7f565503d9f86fa2c7841d55594422a94535d5f9,200 ,0,0,0,200 ,ENA
0x03bb676a565baa2dd0409692918a445104c354e8,200 ,0,0,0,200 ,ENA
0xa6e1228095d9e86c6b80d1f7120676fa0bd50464,200 ,0,0,0,200 ,ENA
0x69dbd926357204f205ba1b41fcc13eb9c13af3d2,200 ,0,0,0,200 ,ENA
0xc8bb0cc4c600a59f1f65a2395781cf6969bc9f08,200 ,0,0,0,200 ,ENA
0x12965308484ccc120c3109cd5a7ba9d7f9d21a92,200 ,0,0,0,200 ,ENA
0x2189a23528ae06d16cfb7c4f22006947bd1ef054,200 ,0,0,0,200 ,ENA
0x414b8afec605dad39de40531abcb915a19a6bc90,200 ,0,0,0,200 ,ENA
0x698e78c99d1b2ebf473c424ee198c674034a1bfa,200 ,0,0,0,200 ,ENA
0xa0d8eae6ce2917c702efa3e4a913cf757483e1ec,200 ,0,0,0,200 ,ENA
0xc03e4aee4efb009d58c6f03b6a276b8858096b25,200 ,0,0,0,200 ,ENA
0xde9666392936a332a4109dc8ac1c6111e57f4e9c,200 ,0,0,0,200 ,ENA
0xef0405b0c1fd5fa087ae208f51e1fc2bf57fc864,200 ,0,0,0,200 ,ENA
0x890eed320404c16e1401d79c4401377ad2a88e07,200 ,0,0,0,200 ,ENA
0x735e282b80dadd1d31b6f041e4e183f661e733a1,200 ,0,0,0,200 ,ENA
0xefb65d6e594554665d7d21f0b7007691b8b06fc2,200 ,0,0,0,200 ,ENA
0x23cb2aa270847c43a255452ec0b27c518b3eecc1,200 ,0,0,0,200 ,ENA
0xcb2652a033968573870b3b5b7da0cbbf99d9f5af,200 ,0,0,0,200 ,ENA
0x461f756b6c941bbe2d93c57ec6759602cfe6f6bf,200 ,0,0,0,200 ,ENA
0x3610e39107ef5c43040476e1099233cbf77260d4,200 ,0,0,0,200 ,ENA
0xa7dd6550e59332d1e00950b2b3cb9431f45ebda8,200 ,0,0,0,200 ,ENA
0xa455ef8265e16856a17ffc2ef9a207f0c0b87a52,200 ,0,0,0,200 ,ENA
0x478c86ad4bb842b99b9adc865559de9572ddc385,200 ,0,0,0,200 ,ENA
0xf5b363da6de1f54fa70b598ad7aa188326324e87,200 ,0,0,0,200 ,ENA
0x8e95dfcadfc87ab872cca191b42e458e79ea3311,200 ,0,0,0,200 ,ENA
0x7bc377bfd9692bc2ec5b71fe494f22754a171c51,200 ,0,0,0,200 ,ENA
0x27d01af6475b7b21a32ea78874a5f0afeee1b619,200 ,0,0,0,200 ,ENA
0x57a779b8be14f850d1246ebbd10ee08f0354bb03,200 ,0,0,0,200 ,ENA
0x203536879182b9141b0db999e2d06c10386ad77e,200 ,0,0,0,200 ,ENA
0xedfcae3c1b0c4d4c8e484a0e9707a18b685627f6,200 ,0,0,0,200 ,ENA
0xe28800eda087f0596c0432c9fdbae8bcc959e36f,200 ,0,0,0,200 ,ENA
0xc978bf85e30fc2ce1e1513e558aad8bf75940ca2,200 ,0,0,0,200 ,ENA
0xab39a57fd253ce74992f826dbba6aeceb8e95b8f,200 ,0,0,0,200 ,ENA
0x51d0624124166069805428d04f51aa55aad9a87c,200 ,0,0,0,200 ,ENA
0x2849fcb44e6b4b46f0fb9987bc9a69b4b56cce3e,200 ,0,0,0,200 ,ENA
0x306e01a329253617a62398e392b6d8f54d79d176,200 ,0,0,0,200 ,ENA
0xc4a0ed7afa4ac28f43c2565684d65207829f9116,200 ,0,0,0,200 ,ENA
0x1dc84f99dfc2d06192f68bea55a6a6e61ea63810,200 ,0,0,0,200 ,ENA
0x337010062ee4d58e3676085050f91d8ae1cf3ff2,200 ,0,0,0,200 ,ENA
0x979e046c914fba8e26edf2821d452fe99af8ec1b,200 ,0,0,0,200 ,ENA
0x5e07afa84dfbf95335c9852d7d1deb4effb23c75,200 ,0,0,0,200 ,ENA
0xf331efb701b21bb537282555591904a24e1ea2b4,200 ,0,0,0,200 ,ENA
0x36eee4d8528e3d711a41accbfdfc96785ba8b844,200 ,0,0,0,200 ,ENA
0x25f2fa02238d9254735d54d9e0b7cd51a0dedfbb,200 ,0,0,0,200 ,ENA
0xe9c2aba2dbf9149164290302ff168e986f561116,200 ,0,0,0,200 ,ENA
0x60e45a6dfb62444d375be5f959a531ddff5710db,200 ,0,0,0,200 ,ENA
0xf272fd5ab163b4058c5ee7edb7d5dd010264e1a8,200 ,0,0,0,200 ,ENA
0x5e7dc882e6e3dc466147d071dbcb3d8124770190,200 ,0,0,0,200 ,ENA
0x6e18c2eab41e491c34a79ee476cc578d23b21589,200 ,0,0,0,200 ,ENA
0x0b027bdde46ac3e10a9caf8df8e93e8f07a8a195,200 ,0,0,0,200 ,ENA
0x8bffc490fcf19d49e6056199f94a64e4541a7644,200 ,0,0,0,200 ,ENA
0x825db7df664613c3ae74985b46a97efb0805a54d,200 ,0,0,0,200 ,ENA
0x796dbc49987f93c1a7070a9642076fd9b719e730,200 ,0,0,0,200 ,ENA
0x7dbd45afdb09bc782dc27784a1707129bd9f8e5f,200 ,0,0,0,200 ,ENA
0x3620ee7209257fe3fd43179b4f1d6789cb13b05f,200 ,0,0,0,200 ,ENA
0xec421fc92ffee1e5d15baabf6570777a4bb4d424,200 ,0,0,0,200 ,ENA
0xac53bfe12e8e7a149c76ef2333940b60aeabd92c,200 ,0,0,0,200 ,ENA
0x7f679633f37fc321c52faf4a5ef4221e4f7157a6,200 ,0,0,0,200 ,ENA
0xa8a7cd3076e2438c4899256d8996493acbbd1248,200 ,0,0,0,200 ,ENA
0xb078fe7303219b2f1baa8be51eab1010ee6102db,200 ,0,0,0,200 ,ENA
0xd9d820a94609fe426def5fbd4217a451c86d0fe7,200 ,0,0,0,200 ,ENA
0xba1b92dca8ee0267da8896883ff713a9c7326f40,200 ,0,0,0,200 ,ENA
0xf56830501efb08b0214be059e97f93012e818d13,200 ,0,0,0,200 ,ENA
0xd1479ad386fdf0d8288d3f0693c135698c99ff16,200 ,0,0,0,200 ,ENA
0xa50d9c042e94fd5a546b2136ace475cb4dc01f12,200 ,0,0,0,200 ,ENA
0xbb2b3357c67a24f5a9ab4db400450cf2260a0fb2,200 ,0,0,0,200 ,ENA
0xef58626519fc434365e6a6da3fe4ef5d22d240ad,200 ,0,0,0,200 ,ENA
0x2ab6f0d2bb12e936c50a06f25ac2a5b37e0fa902,200 ,0,0,0,200 ,ENA
0x8c3be4c9694d5e9e3b2713a3591a25294c5c8b56,200 ,0,0,0,200 ,ENA
0x3c439e0acc19e0144ea84f8b3cc04a0f7526b970,200 ,0,0,0,200 ,ENA
0xf080ebcbf34a711276994e9fc8a8693ff875eb75,200 ,0,0,0,200 ,ENA
0xa2198c2b3791a4c8ee4a42691981d62644673a52,200 ,0,0,0,200 ,ENA
0x5b9f271113e89e9a6fd95b5f79a1f05169b6d0b5,200 ,0,0,0,200 ,ENA
0xc57130dba9b7ad4c7fd73b6ffa6c7f96a532f260,200 ,0,0,0,200 ,ENA
0xafb998fb240820fd406724dc4eb796769de42350,200 ,0,0,0,200 ,ENA
0xbfce286b5c938f651e9e60c787f1491f6c45730e,200 ,0,0,0,200 ,ENA
0xb6ad137444c5910dc3f20fc851c9c96d103a032b,200 ,0,0,0,200 ,ENA
0x226ec450b9abee21b608c6b41f62998c3bd3c840,200 ,0,0,0,200 ,ENA
0x650371be70642be7024fdc7f0edf8785bf867691,200 ,0,0,0,200 ,ENA
0xa33f0edac06a2fcf0100c621080439af82fbeb41,200 ,0,0,0,200 ,ENA
0x9ff818e7ec0f4312086b213e7279fc7b62ee3891,200 ,0,0,0,200 ,ENA
0x7fca5f78c80636d4ad88bace768eb51c162bba7b,200 ,0,0,0,200 ,ENA
0xf2e6825e29e97defee3cd05b24d1bcbbdb8c7633,200 ,0,0,0,200 ,ENA
0x4ed86aad27452295e89b55af655c7d6e7c15a272,200 ,0,0,0,200 ,ENA
0x5e71d4eddbc279300ce3325214a100657d7a5829,200 ,0,0,0,200 ,ENA
0xad9fcbb9ac8d412703af10ea6dee80b752845678,200 ,0,0,0,200 ,ENA
0xd0fb5e5ee618bb7045d9c9c49962654c05453b6c,200 ,0,0,0,200 ,ENA
0x1cee67444be1baf94e1753045bbfb8a78ca9a9f8,200 ,0,0,0,200 ,ENA
0xc0f3502e324adfdb07a375d84161a24b76f3e17e,200 ,0,0,0,200 ,ENA
0xf66294f7e6761a140ba887687ad295664b261d96,200 ,0,0,0,200 ,ENA
0x1efe20a02b2db6de78ab80d5a6dc64a7b74c9b5a,200 ,0,0,0,200 ,ENA
0x9f660e82e7b8f58c9e80543a2057a7229991a99b,200 ,0,0,0,200 ,ENA
0x5022f8f229ce40c5b7eaa3e20ed2ff34bc0d3181,200 ,0,0,0,200 ,ENA
0x5b15d1f7fe6414d5547a76443e73b6d571b8a3b8,200 ,0,0,0,200 ,ENA
0x1eaac69f64968745466cf250b1504b903e221d19,200 ,0,0,0,200 ,ENA
0xad72def39e65fd10ad67ceb7e60ad3fc0f838e16,200 ,0,0,0,200 ,ENA
0x4e2e3294e7b545075d161702f52437e95e72724b,200 ,0,0,0,200 ,ENA
0xe510824e6264e635e811862b6592827c6a181665,200 ,0,0,0,200 ,ENA
0xd3be3269fea12512feb1d34b8e50707015dfef52,200 ,0,0,0,200 ,ENA
0xed2fcd5dbc477b02b035ebad1959009eb1ab9897,200 ,0,0,0,200 ,ENA
0x6d4751235083f4c9bfad7e4786f4a466f3422813,200 ,0,0,0,200 ,ENA
0x37437c62f91a0b2549df22e8cac75cd5e8901875,200 ,0,0,0,200 ,ENA
0x5d528137bb4b38e4dcd636421f75e6be89414a9b,200 ,0,0,0,200 ,ENA
0x3c8555680f41fe78c6005c766a5beef0bca5c5c5,200 ,0,0,0,200 ,ENA
0x8ffbd73717bb92fa25863f431dfb88aa76ccde29,200 ,0,0,0,200 ,ENA
0x31843728615706cf75932faf269b73a3eb6a614a,200 ,0,0,0,200 ,ENA
0x121e33197fa468de29e294e66be1a72e89a8472e,200 ,0,0,0,200 ,ENA
0x3424cd1d657c1845834cab84b900328923cfecbc,200 ,0,0,0,200 ,ENA
0x6ccca56077f49f003ef90fe5841d1b6985684bad,200 ,0,0,0,200 ,ENA
0x4c24e31e79011246ff0d3c391f60bf760f869dd6,200 ,0,0,0,200 ,ENA
0x0efac5203fa52313e7c7d6c2a12d5d162a43c1a9,200 ,0,0,0,200 ,ENA
0x854e17dab2ca1047d39029836312bdc4708acacf,200 ,0,0,0,200 ,ENA
0x5b69c3ed08ae9b3d16f60f50ef10c54bee2f7a2c,200 ,0,0,0,200 ,ENA
0x784f3caecf726c0965a7ba70ed61433122c53618,200 ,0,0,0,200 ,ENA
0x27434eea4550eeebdc7a32986f48a028612aeb26,200 ,0,0,0,200 ,ENA
0x13bc53d8f2a12ad4cb4fda1f89587cb1ef2acd15,200 ,0,0,0,200 ,ENA
0xa7104826f2753999df33668f845f622eb70abcf1,200 ,0,0,0,200 ,ENA
0xab80a949d0447b768a480ea130343ae614f673eb,200 ,0,0,0,200 ,ENA
0x06921a999cd3d0ff9ee820f6f27e9ed40972e8ec,200 ,0,0,0,200 ,ENA
0x1dab70fcbf02a91e886b5d14cf8fe45c81a62a0e,200 ,0,0,0,200 ,ENA
0x51eda2f925adbc18d597a08e78755eede0664f30,200 ,0,0,0,200 ,ENA
0x47282762876399d6ac420b3967ddfd1ee78e55a5,200 ,0,0,0,200 ,ENA
0x6d91901d08a6dfb99d6b5ce66afd1351634d4220,200 ,0,0,0,200 ,ENA
0x4a89d0788fc4451d29b9721674b0c382d4d8b936,200 ,0,0,0,200 ,ENA
0xf330d061419212f8c497d5458ef376beeb28da28,200 ,0,0,0,200 ,ENA
0xea603c6519bf5675444ecdbbc204c23ee4f83562,200 ,0,0,0,200 ,ENA
0xcb568430ebfe558d61c07b2cd2b8233b24ff5c59,200 ,0,0,0,200 ,ENA
0x22855807d393458e34af9d840d3785a0799b403b,200 ,0,0,0,200 ,ENA
0x8383bdc3489b0a5f781074fc4b19c502eade6bf5,200 ,0,0,0,200 ,ENA
0x6c1ff21728dd959e25a3feb2203c08e349cc3523,200 ,0,0,0,200 ,ENA
0xb55bdf99cb0bec3dfc1d4880d8d95cceb4fc274a,200 ,0,0,0,200 ,ENA
0xe4ca64d8ec9eadddb310e68b6f0a67b269a39cde,200 ,0,0,0,200 ,ENA
0xcb34eb8b7d89198c11d4f39b57fb5c2a3792719a,200 ,0,0,0,200 ,ENA
0x87932b2b597792b54b8a5a243ec16009ab527d91,200 ,0,0,0,200 ,ENA
0x844daee677ca887ca3842b6fbecc1787cb877258,200 ,0,0,0,200 ,ENA
0xdb58e33415efe0ec3e0e5524882969c2f61231f2,200 ,0,0,0,200 ,ENA
0x66c318adba7f03a867e74f263805dcf850e5a955,200 ,0,0,0,200 ,ENA
0x49d14dbb84f13f29a3587a0a6d02b7231bad2fe8,200 ,0,0,0,200 ,ENA
0x099940292f55b5a74528a2345479b35f40b00a4f,200 ,0,0,0,200 ,ENA
0x65c6e09d2f8d75d2d834ad01646cd65719b0bd9e,200 ,0,0,0,200 ,ENA
0xcedd9bcfada23ed8086453d897542d40e6881513,200 ,0,0,0,200 ,ENA
0x73aad3a5d8d1d433579ffa4c69e6c8cd6cb8b237,200 ,0,0,0,200 ,ENA
0xc2e852a8486e0c1f7f0e59e615d8a8dfb3ce97d2,200 ,0,0,0,200 ,ENA
0x4f933d94f6b931c3a84e8e22ecd7bc144bd49898,200 ,0,0,0,200 ,ENA
0x19011ed52f0fdcd9d48683be0bcc78c8e28040d4,200 ,0,0,0,200 ,ENA
0x6227c49fefe091c35fc64611ffd608fb2269820f,200 ,0,0,0,200 ,ENA
0x15e68d2f4bdba3db595801e7c08339a893420ab6,200 ,0,0,0,200 ,ENA
0x2c7f18737048f17eebb3ada142780cb664601058,200 ,0,0,0,200 ,ENA
0xda3d28e83410e77b3c3aea3119878d7183ee9aa8,200 ,0,0,0,200 ,ENA
0x279637bc53c83323166fde293c886151f0916eca,200 ,0,0,0,200 ,ENA
0x52f5093372af77d70277746bc6f46c1d03187c71,200 ,0,0,0,200 ,ENA
0x0ed6da1bece81212e1eab057eccf64066ae8af0d,200 ,0,0,0,200 ,ENA
0xaae5fd86dfc04688890f6b07a898c59935c9db7e,200 ,0,0,0,200 ,ENA
0xa3103b662d69129d91aa4a3fc50e22ddab9a7799,200 ,0,0,0,200 ,ENA
0x6dcadae0572e0f4d33993f77c745658e049e9ce6,200 ,0,0,0,200 ,ENA
0x7fcd74cc59d94ac3c240f75ca5f2c42a403de77d,200 ,0,0,0,200 ,ENA
0xc0be29428e01500f98461874a2228afde9746fbf,200 ,0,0,0,200 ,ENA
0x157faa9abe2d17c76a91279925acda131879e835,200 ,0,0,0,200 ,ENA
0x74997b00f2fbb400ef08acd3f6af22fca543e634,200 ,0,0,0,200 ,ENA
0x687e3ca7137376ae68bc63d3a51cb8ff0016326b,200 ,0,0,0,200 ,ENA
0xcd668171253b4a06b6a96d58f5a9e2327026a783,200 ,0,0,0,200 ,ENA
0x227e5196f4980944f7c8528358cb31f9cd457540,200 ,0,0,0,200 ,ENA
0x8f795af8b754f4d479fda0573f990132fcf490a7,200 ,0,0,0,200 ,ENA
0x8ef3dcae39bcdf4dec45e42a44f33b11c29e531e,200 ,0,0,0,200 ,ENA
0x9416a0049f2b70d0e38088410ffd2555dad509a5,200 ,0,0,0,200 ,ENA
0x24f66fcef8742e0d4fa59f344a8d82db7f1c282a,200 ,0,0,0,200 ,ENA
0x3f2e6d3e5e38f99016c6c38a634c42b3734056dc,200 ,0,0,0,200 ,ENA
0xcc65acb37028b18c0103ef53b28b73e39db201bb,200 ,0,0,0,200 ,ENA
0x47faf6887a23469162a1432595d6a620b5dc86dc,200 ,0,0,0,200 ,ENA
0x5534a96d8cccf93edd55bbe8385385a4e6854eba,200 ,0,0,0,200 ,ENA
0x001420a5fe8c97bc6be77c9cb34b88b74438b5c2,200 ,0,0,0,200 ,ENA
0xa85cee9f7c570458a8b747dbdc5b424289effbe9,200 ,0,0,0,200 ,ENA
0x92ff06438ae0d7902c02d7ddfe26e3a9cfde62c6,200 ,0,0,0,200 ,ENA
0x9f1f5aadd473b3dba4ba9ec6d7c009128e45dcfe,200 ,0,0,0,200 ,ENA
0xa8b0cfa440ef6cce23cf14703bd5e32bf853e949,200 ,0,0,0,200 ,ENA
0x8eb6e1e62dd66812c2dc6de36ce869ae5020fa05,200 ,0,0,0,200 ,ENA
0xa7e880f6cf9573ba9cc085dfacbc80f3243ef220,200 ,0,0,0,200 ,ENA
0x33c9754f3800e36c5cb0ac3ca3eeee06968266fb,200 ,0,0,0,200 ,ENA
0x808184f50c3c12d1a687141a745b08446b9892dc,200 ,0,0,0,200 ,ENA
0x3f6990adc92f404609415c82fea7d1063b966ca0,200 ,0,0,0,200 ,ENA
0x791db7cf260ec80f516a26cb1b19481453988ca8,200 ,0,0,0,200 ,ENA
0x9ff70ea3c2354a789f9043d2908cc0574d6b4cb2,200 ,0,0,0,200 ,ENA
0xa7a43c17930155b7c560bf27505c4c36fbf85eb6,200 ,0,0,0,200 ,ENA
0x61e8ce2bc05c4c6224d9d634d327aec6ac262a5e,200 ,0,0,0,200 ,ENA
0x6e8cd18e2766a9b801c4b554c2f81fbaeeeaeaa4,200 ,0,0,0,200 ,ENA
0xfae37efda2a4c9cc78c4a9727b05d77294901289,200 ,0,0,0,200 ,ENA
0x8846743c8be0429ae79ad6b5e467bc762048f23e,200 ,0,0,0,200 ,ENA
0xb3ccfd61c83860304a46db339f47166674b4b2de,200 ,0,0,0,200 ,ENA
0x4d5d044d5dbb78650fffd7cea4021f4b030ed26a,200 ,0,0,0,200 ,ENA
0xb22fc7b016e2119118d3cee0bc952867aeab5c26,200 ,0,0,0,200 ,ENA
0xae78e0261730bbb864fbdb41904999614eb66490,200 ,0,0,0,200 ,ENA
0x769528fceb3b80ec862182e6fd3542391e838976,200 ,0,0,0,200 ,ENA
0xa2a0bcc41cd1a589a337589b2aa8961c2893b0af,200 ,0,0,0,200 ,ENA
0x170391fa367e294469ed0935f3a9184905553543,200 ,0,0,0,200 ,ENA
0x93e88d8b0b54187af32a4dcbdeb965af175f5b74,200 ,0,0,0,200 ,ENA
0x0d24ddea6ceefaa45e4d577ce07b840320097586,200 ,0,0,0,200 ,ENA
0x2b94fc2daf13f4e7bbc7e46b9ee2604f3c45f9f6,200 ,0,0,0,200 ,ENA
0x3419852f7e63a244a54286a30df4afe3ae25228f,200 ,0,0,0,200 ,ENA
0x560164695fdb41762c81cca50e9fad432c32c56b,200 ,0,0,0,200 ,ENA
0x5656b1819d31b45a1a2ac46eebb7a7e86bf1e3aa,200 ,0,0,0,200 ,ENA
0xbecf2cb08ab846ef712a3ed186c96488aadfa25a,200 ,0,0,0,200 ,ENA
0x87a67d81804a0dce55c5648415af38a2680b86de,200 ,0,0,0,200 ,ENA
0xa863cae00483e45f34f4fba6e7131b3546c5ad2b,200 ,0,0,0,200 ,ENA
0x88ab7e3f21939c5a26a974401ca19c61bd524fb8,200 ,0,0,0,200 ,ENA
0x2adb19a0fcfd62b2598422f70e67231cf0659ecd,200 ,0,0,0,200 ,ENA
0x5f81adb4d15307b600cb25ace041cb8602a6194e,200 ,0,0,0,200 ,ENA
0x75b832d3a79b75d3c595aa1bc2c302dff1af7cbd,200 ,0,0,0,200 ,ENA
0x65ce9654911111b7fe3aeb64d4be02dfc3f13616,200 ,0,0,0,200 ,ENA
0xd55ed295ddeb630934b80d0e067093bd046972ce,200 ,0,0,0,200 ,ENA
0x6c9265c58e6963e3d5fee6f09bb0069aa99fc88a,200 ,0,0,0,200 ,ENA
0x0916affc8c33c4a9e714a788f991f342545941f3,200 ,0,0,0,200 ,ENA
0xbf9109039d98aa4b279ad4157fb99b83acac85ae,200 ,0,0,0,200 ,ENA
0xc8ed24a5d1f8956b2873298fd209331a3635f2bb,200 ,0,0,0,200 ,ENA
0xbf3cd4e28ced7f61c588693c018f4f38b4b0444e,200 ,0,0,0,200 ,ENA
0xc082bc74761575e0efdc7ed3cb046d5d01f7e6d1,200 ,0,0,0,200 ,ENA
0x495ef453d6445b047b0b6649fe304f2e4c373043,200 ,0,0,0,200 ,ENA
0x68843ada62eeb415147ca82e27f6e2a18b918681,200 ,0,0,0,200 ,ENA
0xd7e00a5785b7a8293f60c8bd1e370cb15604f8b8,200 ,0,0,0,200 ,ENA
0xea4921d07ec05ad8398ea02f539593860e8d273e,200 ,0,0,0,200 ,ENA
0xf2a8b1ef8132852037501572783bbde23dc72f78,200 ,0,0,0,200 ,ENA
0x58e5ad89a29c538443f29541503137be866f5af2,200 ,0,0,0,200 ,ENA
0x106dea236fa0c0ba78ef3e04a981f57c84cb96ec,200 ,0,0,0,200 ,ENA
0x06911183864812fe3783cd274f1c2caa90149d98,200 ,0,0,0,200 ,ENA
0x33648bbfb3d085d27ee08c125015520c4f56b316,200 ,0,0,0,200 ,ENA
0x2f2d98f9840ca4338bb25461ad6d7aac5e2c9100,200 ,0,0,0,200 ,ENA
0x0afd842916a8708c0e7e03b24c78a91548a29973,200 ,0,0,0,200 ,ENA
0xd491dc0f6daefaf705513ac02c9059c068737ca3,200 ,0,0,0,200 ,ENA
0x8e01172cf20b71374396f866a29bfa52744e214b,200 ,0,0,0,200 ,ENA
0xf812b124bf076f643f936573be46963177048d99,200 ,0,0,0,200 ,ENA
0x9506fa1ea4d05d40aa1d7087cd83a8c58faeba73,200 ,0,0,0,200 ,ENA
0xbba1a3c0b813b64dc836fc18145a1a249b65bac5,200 ,0,0,0,200 ,ENA
0x28889dcc4947dbff87442a2f2deb5eefccecdfc4,200 ,0,0,0,200 ,ENA
0xb177d8dfd5ef6e6da4483e36f55bf44380c666ff,200 ,0,0,0,200 ,ENA
0xb21796bcc46eb9290da4e87ee5d12a803491c9ba,200 ,0,0,0,200 ,ENA
0x4521c1fae9d777df33fee1c398ba6a67a7c71ca6,200 ,0,0,0,200 ,ENA
0x74aaeb44a8d75ef5c3cc668dc34454305196175f,200 ,0,0,0,200 ,ENA
0xf8a19970683b856ef07fe1c22928fadd7d981a1c,200 ,0,0,0,200 ,ENA
0xdb0b91da618c45f3ef663ae897e3b0ed0279e4f6,200 ,0,0,0,200 ,ENA
0xa2b880c772b648f635417bc638036b4eea122674,200 ,0,0,0,200 ,ENA
0xf3921375d943fe69d3740f70982784114535ef18,200 ,0,0,0,200 ,ENA
0x73daa697af5e9caeab9d6cfa962c05b1d4c4e801,200 ,0,0,0,200 ,ENA
0x23ecff8fe181b081a8a95d9415d875281f6f55ee,200 ,0,0,0,200 ,ENA
0x8e5e49270e1ea9c1c40d286fa8cbec7df69d9834,200 ,0,0,0,200 ,ENA
0x868ceb24b639ef8ee248e9d35c4cdad018d93de4,200 ,0,0,0,200 ,ENA
0x887c84d5e2f3196102d535a96baf0f466697c453,200 ,0,0,0,200 ,ENA
0x3b22ca7eeffd538b5ff2bb89a5eb7fbf93d29668,200 ,0,0,0,200 ,ENA
0x7ffc719f7626b2530d10ca04f41999c501e6c6d3,200 ,0,0,0,200 ,ENA
0x8f9b1255a1cde1c84d3c7ca60bc97c705af1c07b,200 ,0,0,0,200 ,ENA
0x2cc1d5cb0135c1a049baefbab3eda840698fb91b,200 ,0,0,0,200 ,ENA
0xb0c02177f76c784a1eeb42b6ba73e271eb295bff,200 ,0,0,0,200 ,ENA
0x0f5b34c66fd2ef3e139cdc711faa1a4c7befc98f,200 ,0,0,0,200 ,ENA
0xe1793522e9c31edfc2bb2f26d115e27145dad9f0,200 ,0,0,0,200 ,ENA
0xaa4f7166bc7a22457ec6ec06f238c2ff1872f45c,200 ,0,0,0,200 ,ENA
0xa88170a9fdaf8953d331699f0cee6264e163543e,200 ,0,0,0,200 ,ENA
0xa12260a9d3abbc1f0b1965d4b9b881d2fc3cc375,200 ,0,0,0,200 ,ENA
0x1c9376f71decc3fddaa8ba2008e587bf8e527eb0,200 ,0,0,0,200 ,ENA
0xe9f26fa1fcf7c9b0c1177d17a514123858a7328d,200 ,0,0,0,200 ,ENA
0x34bc39b2757a7119d229e9a00439496743cf1426,200 ,0,0,0,200 ,ENA
0x5c2236cf9fc9706b59e59c88b90930c697354b68,200 ,0,0,0,200 ,ENA
0x272a377e7b0a57a6ff221f8d5638dccbce72b365,200 ,0,0,0,200 ,ENA
0x146c79deb6eef16cecb0db1fbba75e2c8aaae610,200 ,0,0,0,200 ,ENA
0xd697dd70d798e8bdbcb48411acf59e05f81b2ba9,200 ,0,0,0,200 ,ENA
0x4f79830f1a0f41502d7072c263c9b6ab7bff9059,200 ,0,0,0,200 ,ENA
0xab9b40c6acd869b6297e25b20f9ea52e256eae65,200 ,0,0,0,200 ,ENA
0x96b9f26d7f4b24acf34cff38506171a0e6de74bc,200 ,0,0,0,200 ,ENA
0xfdb80747f302cbb3c54c5d83987158d5ed724a7a,200 ,0,0,0,200 ,ENA
0xa5944a4d986eb8015d3c6bbff81aa0dbec5353c9,200 ,0,0,0,200 ,ENA
0x92bae3bc35017cf68a7c3b78b46b43e0748d7339,200 ,0,0,0,200 ,ENA
0x5885439f2ed0c3422c8a752b52afea85e5423390,200 ,0,0,0,200 ,ENA
0x671b1b38b0df7b9032169bb9c6f5c0a6968a3cea,200 ,0,0,0,200 ,ENA
0x0364cd887966b7153cca96e7e8ed9af4c16e4792,200 ,0,0,0,200 ,ENA
0x70159e91a40fb8533a567f275dff0d970bcac9f1,200 ,0,0,0,200 ,ENA
0x4b3728c6a17ead11cc54d6d86b6c8d4e4fc77b4e,200 ,0,0,0,200 ,ENA
0x9eb1d5fec2423a5c10f2a01b6de3547b7627cb80,200 ,0,0,0,200 ,ENA
0xce4b17aeca281100a883b26c3b5d7d50cb58fc14,200 ,0,0,0,200 ,ENA
0xdadd462d07e66d17d05cde4dce8ae1e1890a67c9,200 ,0,0,0,200 ,ENA
0x1b9e026dc9ec3a849145d55f3b472ffab2146cdb,200 ,0,0,0,200 ,ENA
0x8afeecf4d6bc5a493337e4469f1b80de088c898e,200 ,0,0,0,200 ,ENA
0xcc356e85019895c6cc1bb45fe937951a926df449,200 ,0,0,0,200 ,ENA
0xd1811262880d03013cf80b193c48bdde67cdaca1,200 ,0,0,0,200 ,ENA
0x09723e247d7e8718b135e1c8f8c7bfc69d6df8a0,200 ,0,0,0,200 ,ENA
0x6554c8a5ec634d84d26e765a57e4e5a2283ec816,200 ,0,0,0,200 ,ENA
0xa0554a7941732176ac5e2c16d477280f06e453f4,200 ,0,0,0,200 ,ENA
0xb45068029dd94e315c6d3c951aad4d6f0642d083,200 ,0,0,0,200 ,ENA
0xeef3a707e67937a3f7bcc518a181981950a9344f,200 ,0,0,0,200 ,ENA
0xffd39b13347433e00ce290725005c7318bb07588,200 ,0,0,0,200 ,ENA
0x18e119334a46e97fcfccfb6b8ced0e2104e338ab,200 ,0,0,0,200 ,ENA
0x18d1853d8a901025e555a66256cf6bd19fd9475a,200 ,0,0,0,200 ,ENA
0x4278447b1a01b480fa473615361d803c4091cbbf,200 ,0,0,0,200 ,ENA
0xadb8a0dceef67c144279fab4c9ae490dbff30f87,200 ,0,0,0,200 ,ENA
0x2e5cab9b1bbc43ea8de34a5a5d952251c24b02fb,200 ,0,0,0,200 ,ENA
0x423706660adb289b30b6a9ebc5d9b534d0e847c5,200 ,0,0,0,200 ,ENA
0xce20533ebe706bf86719baf14458217d2bfb190b,200 ,0,0,0,200 ,ENA
0xed3ef465de0b35973b2db3e7aa6995642fb3d7ba,200 ,0,0,0,200 ,ENA
0x435b022ef1f2dea91ca26bae5f99fb44afebb6e4,200 ,0,0,0,200 ,ENA
0xd686fb41c6b312072cb8c33111ef81e40959ee83,200 ,0,0,0,200 ,ENA
0x895fd267aea2766a63a1a40fd8c0ef0482c7de83,200 ,0,0,0,200 ,ENA
0xc136af1b3931bb07f370d3b6c5ec110e0ceac98e,200 ,0,0,0,200 ,ENA
0x12599e8d6321962d811ba164bf3ed7a97a86d586,200 ,0,0,0,200 ,ENA
0x01b6540193152f7a9bc8b9e07156dd020fc80dbb,200 ,0,0,0,200 ,ENA
0x898a3b977327e71e21899cea294cba6b614d4b5b,200 ,0,0,0,200 ,ENA
0x4b1fddc87e0a05829eda1ef4fa9019f8adfcc142,200 ,0,0,0,200 ,ENA
0x8a2276bc025922316594c9ee8dc922531f592705,200 ,0,0,0,200 ,ENA
0x17060b6eb54d9448ff2001098c2827a35f99da8f,200 ,0,0,0,200 ,ENA
0xe4e0f568287d1c8e4d48a1e0eba4ee703dad2767,200 ,0,0,0,200 ,ENA
0xb32e69447e1376115b80f926a6f1d13989aee3f2,200 ,0,0,0,200 ,ENA
0x8e494e17749a45b86f0c4eb23c1fb55083f06d67,200 ,0,0,0,200 ,ENA
0x7d523c23c0f2d3ab74c86e14cc0d8103a5e0aed6,200 ,0,0,0,200 ,ENA
0x6ac0a389cea59fb547309ccfa5901b79fbfd7211,200 ,0,0,0,200 ,ENA
0x789195399ae7d3261fd81ae557673321032f4533,200 ,0,0,0,200 ,ENA
0x61c7fa95f4af724ecf1b1d910c98a580b76b1ce1,200 ,0,0,0,200 ,ENA
0x9490ecdf03997c19fc9b5d9059786cce2b7e3bd8,200 ,0,0,0,200 ,ENA
0xf6b2cb44f79d7f7b284cc62325d4ba4ee20d2b5e,200 ,0,0,0,200 ,ENA
0x2932007a94d147d136c490dbf23b1d772482ee7d,200 ,0,0,0,200 ,ENA
0xcccd443e48bb9d0d7976cefedb0ed237f32780ad,200 ,0,0,0,200 ,ENA
0xe867d9fdf11d03ddbbadbb5a6439be2933e36e33,200 ,0,0,0,200 ,ENA
0x15adaa2cac39853fff4ff15adf25af9b31c0059b,200 ,0,0,0,200 ,ENA
0x9c024b2ac4359836e5e6435c661d21141818303c,200 ,0,0,0,200 ,ENA
0xb0e77939f6998735c7d930d9f9f812f615780c5e,200 ,0,0,0,200 ,ENA
0xc568482c381b92e60b55fa2011cd561051400ccc,200 ,0,0,0,200 ,ENA
0xd20eedd4d1d902ab28deccb74a4d059dead36a1d,200 ,0,0,0,200 ,ENA
0x5822021da085f34a93772dcb013080dfdf22d46f,200 ,0,0,0,200 ,ENA
0xb3b80932dcd3a4824bdf7136e63b1e9b6da8e1d9,200 ,0,0,0,200 ,ENA
0x8f4ea9ad88db773e4a086884ebbf0cf813915d38,200 ,0,0,0,200 ,ENA
0xa575d788825b493f9ae59294588e439050c5bd78,200 ,0,0,0,200 ,ENA
0x5057f20668fdd8cd91439eb4c42314e8912fc1ee,200 ,0,0,0,200 ,ENA
0xab815e3978e82097d510f9519100bcb16a8e8790,200 ,0,0,0,200 ,ENA
0x044bb5fb6b4fc86ec8a1335973a592980aea64e9,200 ,0,0,0,200 ,ENA
0x2d448db6fda737bc182186c834558452778454bd,200 ,0,0,0,200 ,ENA
0x577f913ad2bef04e47687cb61b986375746914fc,200 ,0,0,0,200 ,ENA
0xf5f07090ed99537eb18e2ea8426d737c0118b879,200 ,0,0,0,200 ,ENA
0xafc957959501b25c71bb45839418203efeb4e964,200 ,0,0,0,200 ,ENA
0x6aec9d7c782a7726ee2992f0fff5d100405908e8,200 ,0,0,0,200 ,ENA
0xeb9f06b62993f0cb3bc5eef563f6f4382c4b8a98,200 ,0,0,0,200 ,ENA
0x8cb175872e1960f97ef9d8946f05917bb65269f3,200 ,0,0,0,200 ,ENA
0xa181266370ec37bef183eac241e244b417392bb3,200 ,0,0,0,200 ,ENA
0xd77d90ce8f4c76e90421c742d8b77f9539acfc30,200 ,0,0,0,200 ,ENA
0xd2e70e99cd03969ac5f264594eafde85a86165b8,200 ,0,0,0,200 ,ENA
0xb3ddee7cfee37794537f07481e6ebe30c0d2577c,200 ,0,0,0,200 ,ENA
0xddaaf8580e31c39d3fdee1693f5eff44c02cd593,200 ,0,0,0,200 ,ENA
0x815cfba10409a1a3ffa41d5e087ee2466f428581,200 ,0,0,0,200 ,ENA
0x33d6175cbd3e932a32d8242243020e3ba838182e,200 ,0,0,0,200 ,ENA
0x150c0ef2ea5d1c4ddf05529930a05102f8b827ac,200 ,0,0,0,200 ,ENA
0xc60d74ddb3d5fc61537006117b6901b110d247e6,200 ,0,0,0,200 ,ENA
0x254b07491dbf26bb7160a31cb0e0d3b794204ded,200 ,0,0,0,200 ,ENA
0xb9dd628f9cb34b2e07b8bffe87f1d23488152794,200 ,0,0,0,200 ,ENA
0xa77ce730c359439f251bd5cdf585acfea590b172,200 ,0,0,0,200 ,ENA
0x70115b73a89e114463febdbe78177e2ff3a2fd48,200 ,0,0,0,200 ,ENA
0x3f650971942e5d2419cd1e00d733e02374fd4caa,200 ,0,0,0,200 ,ENA
0xed77a5cfc3f2755c0698e4a4a2e716c242b016a5,200 ,0,0,0,200 ,ENA
0x6f24cbdbf9fdbb2b53240f6bb5c474f624ccaaef,200 ,0,0,0,200 ,ENA
0xd6d651ac52e5747bf839f4effb29161c86d3f4f0,200 ,0,0,0,200 ,ENA
0x8f7409eeaa8ed1bdada5ac848a72833067699f09,200 ,0,0,0,200 ,ENA
0x35ec2e36faf859a1842de8559ffedd81d360627d,200 ,0,0,0,200 ,ENA
0xaf9e3e13998f065b09724cd10962d11b3f67e261,200 ,0,0,0,200 ,ENA
0xc36d732ab1e8f4c9264e852933605e750cbfa44a,200 ,0,0,0,200 ,ENA
0x60b36991040e95269b5a40729af459c1c61b0870,200 ,0,0,0,200 ,ENA
0xee76fb5bdbd905124db4eb53ef7a6a631dfa2470,200 ,0,0,0,200 ,ENA
0xf8ebb50bf50974c6c9f918c5b1275484849acb8a,200 ,0,0,0,200 ,ENA
0xc707a2c3b97e155cfd4f8769eb1174ff509819ca,200 ,0,0,0,200 ,ENA
0xd44d15bd4d0b4b8e37df52c9592e638b7f383481,200 ,0,0,0,200 ,ENA
0x58161ae8f9b2d55166276a6cd25eb3229dd715a2,200 ,0,0,0,200 ,ENA
0x7f7ace5833ef8839a1f1b9cec7d45ee48e6bdf94,200 ,0,0,0,200 ,ENA
0x62cc51ae8e79b3f60cdab90af87383064f5a90e3,200 ,0,0,0,200 ,ENA
0xe00ae1f65946b398056583ed01ca8121b7060e8d,200 ,0,0,0,200 ,ENA
0xa26e7e93d87cd049730ce88b517b108e12932a85,200 ,0,0,0,200 ,ENA
0x546a12ab787238a22afbd374852cd3399f023e27,200 ,0,0,0,200 ,ENA
0xa3012af6918f9837f0c88535b0ed851478ef0297,200 ,0,0,0,200 ,ENA
0xd255a69829d2ce709669f3e1bdbc501949cfcda7,200 ,0,0,0,200 ,ENA
0xd5850d1daf54639824394b5663cdf9df1d0366c5,200 ,0,0,0,200 ,ENA
0xf3e25510a56628c0c75eaa25333967b3ba737f2b,200 ,0,0,0,200 ,ENA
0x8a120be2ed35f92fa84b2695aad5a5d371e173a0,200 ,0,0,0,200 ,ENA
0x64ac3d39bd8c8d55826d4988711aebd0c6cc88fd,200 ,0,0,0,200 ,ENA
0x3c98f43ab40a38b980b3b44f335cb455c9e297d4,200 ,0,0,0,200 ,ENA
0x07695ceaaf8de79222939d2b859d2fab7d46b9f8,200 ,0,0,0,200 ,ENA
0xc82f8a18e6de7356e5d70a4b10452c7b27e2ae93,200 ,0,0,0,200 ,ENA
0x9a57923beedb55a6cb2bd9153be24ef7bd2943c6,200 ,0,0,0,200 ,ENA
0xe7dbe42c7fcdbec733c25c4a51af4e1f115aaeb0,200 ,0,0,0,200 ,ENA
0x51e50d86bfdba587dc8270149b64543310902e20,200 ,0,0,0,200 ,ENA
0xbffd4209874b8d44d8974988f9fbcc6f1acef77c,200 ,0,0,0,200 ,ENA
0x42bca1d2f307459f20223f2e836ddc3afc61d1cd,200 ,0,0,0,200 ,ENA
0xaae2f827f4f5782925efb8572b79a6a9f4740e46,200 ,0,0,0,200 ,ENA
0x6f7c4b3673095e504201d5ba8bae6ac3acc7bc52,200 ,0,0,0,200 ,ENA
0x0d6f709fbd856894d1155311a28ae98fcd654a8e,200 ,0,0,0,200 ,ENA
0x6fb9ba698ad119a1f74747b12aa6c954b4544a00,200 ,0,0,0,200 ,ENA
0x7ccb35add560699b6c061d89382223987926da98,200 ,0,0,0,200 ,ENA
0xa13ed6aa2aec665a4b2d79a6be426d1cb29c0e97,200 ,0,0,0,200 ,ENA
0x55dde658b806f35a302858b2c7ac65f10ed48549,200 ,0,0,0,200 ,ENA
0x3755a94835a7fbbbf63a5da79659ca240c00dc63,200 ,0,0,0,200 ,ENA
0xe7308c9cbf83ab751b36fc5d0cae77c710f1b2c7,200 ,0,0,0,200 ,ENA
0x32d4376fe3f6496ba1d71a2306f88b267b2c4271,200 ,0,0,0,200 ,ENA
0x3dd661f328482b2b20419b573f19157d1ba3db86,200 ,0,0,0,200 ,ENA
0x05f8264669182577055247bcaaa0895a55f3bae7,200 ,0,0,0,200 ,ENA
0x142261c98ddf74d48db6bdd7a2c6c85ed1cad00b,200 ,0,0,0,200 ,ENA
0x6e961767827470e259c7f3fd4651a1df6cb8a26b,200 ,0,0,0,200 ,ENA
0x52c35f4ed04f37f345f1819ac3182ff669613117,200 ,0,0,0,200 ,ENA
0xf369bd8ea19e06cbef03dee70431871b2470f56a,200 ,0,0,0,200 ,ENA
0x75219d4f2391f78153408b9ccfc17683bc9186e5,200 ,0,0,0,200 ,ENA
0x8c5ba8ac931ca8b04a3383e392b365cc628432bd,200 ,0,0,0,200 ,ENA
0x0b319e159389486f4cf52e096fcee74f1248896f,200 ,0,0,0,200 ,ENA
0x22c0840c02d1476abe5eee547b97a22eb12c9450,200 ,0,0,0,200 ,ENA
0x5a3a802751267a204349b0369b5f3231cb977176,200 ,0,0,0,200 ,ENA
0x103b132a2db21a7b7a8a24563afacd89a15f218e,200 ,0,0,0,200 ,ENA
0x8b4dec5d70593e3b78e2e422174e4451cb93b8c9,200 ,0,0,0,200 ,ENA
0x9e3a265d01f004c9342e3a98f922785b6d3e72df,200 ,0,0,0,200 ,ENA
0xf3bcd34dfe60fd89a54b3e9f23f2543e3a9ac2e8,200 ,0,0,0,200 ,ENA
0x328a5ca817089023a2bb5ad84696adc827663532,200 ,0,0,0,200 ,ENA
0x6c6e23961677817a029d2b2f01c5101c6a25da7e,200 ,0,0,0,200 ,ENA
0xffc02422fe586ebbf6fd3ec01d51d1bc92b013f2,200 ,0,0,0,200 ,ENA
0x4882f007fec308e0d61fb545244e118561838acd,200 ,0,0,0,200 ,ENA
0xafce5724a1cc36b4dea2756b9e7821d5bb2376ce,200 ,0,0,0,200 ,ENA
0x9c124589fdcd905f35dc6e048de00c2ad01a3ca4,200 ,0,0,0,200 ,ENA
0x9fbc62e3ac6736e46dc85da889f7917512673bec,200 ,0,0,0,200 ,ENA
0x28fee68046dfc6a207260fc8d06e6804c4d3064b,200 ,0,0,0,200 ,ENA
0x378265c33485c4d8bf33b523ca5d4634ed5e0058,200 ,0,0,0,200 ,ENA
0x68cd6381271eb36e80aec585b04fa57ed0986f39,200 ,0,0,0,200 ,ENA
0x14e6290802e68c534f54840180afd559e2e7b8a5,200 ,0,0,0,200 ,ENA
0xed0c61db3b67535f900ceb6331b3206f7c436109,200 ,0,0,0,200 ,ENA
0xcefce170edbf86e115daa8b070d0dd4e7b6b1072,200 ,0,0,0,200 ,ENA
0x9e02f7364cb05de34cbd1d55a5788c02c8693f55,200 ,0,0,0,200 ,ENA
0xfa124a6efe06e268b0698127655b1dc6535234a7,200 ,0,0,0,200 ,ENA
0x7d277f3d9ecad08b60a68d3cdd4b15c399445795,200 ,0,0,0,200 ,ENA
0x7d7da231321a525dd66f13e85c8ce7c76a4e347c,200 ,0,0,0,200 ,ENA
0x127d470fbb38df294f1aa9e58831b4cb3d08fdac,200 ,0,0,0,200 ,ENA
0xcfa259fcd0e3043989ac5f9c743f60c6943740a4,200 ,0,0,0,200 ,ENA
0xd558b6b897d2d32f571a62cfdbec15e17a7e5aa1,200 ,0,0,0,200 ,ENA
0x31f68caeabc7752da626e87d66e0ec4c932b42ae,200 ,0,0,0,200 ,ENA
0x7964b34ae4724f93d85153b61246b6eaf91a0195,200 ,0,0,0,200 ,ENA
0x7faaedb7f3cbda4c43f7c79faf78ae458d54e08a,200 ,0,0,0,200 ,ENA
0x626b4257bc97ac0d264de5127aa6f66a42ca2c99,200 ,0,0,0,200 ,ENA
0xc10b8bd80ea3804d33371325ee828af44a98802d,200 ,0,0,0,200 ,ENA
0x2d5f66a1ad7f743ca040c994e913998700307bd5,200 ,0,0,0,200 ,ENA
0x67063feae8b42f6908c01e1bdd4c2957d4ec705f,200 ,0,0,0,200 ,ENA
0x7d247c950734378317195b20cc8e3a17cb2170d2,200 ,0,0,0,200 ,ENA
0xf6cc910c636b27fdaf37d71cf46d4c9238a80986,200 ,0,0,0,200 ,ENA
0x779dee6c721a45cf474eba8014aa8c88e1b404cc,200 ,0,0,0,200 ,ENA
0x278f1fce6ade175100e3724a092c4e47e41ec26b,200 ,0,0,0,200 ,ENA
0x86d5c161fc130b7078e2e9bacdbea15f339017e3,200 ,0,0,0,200 ,ENA
0x88cf673eea0c8e66d3258cf77a0f55e919ba3a41,200 ,0,0,0,200 ,ENA
0xbf9373fa31e2d4494c59e7dd8a84445e2a7468a1,200 ,0,0,0,200 ,ENA
0x8dab022b7b0c9ae0ee804ddb3d8344c3f2dc4e08,200 ,0,0,0,200 ,ENA
0xe55f07d8a6d6061c58006fa24ff2ae9d7e89fb0b,200 ,0,0,0,200 ,ENA
0xea061abc7df07ca5c91c09efcc67595bab3f1df1,200 ,0,0,0,200 ,ENA
0xab4b8f0b03caf7fb01530dbeba093184e87adbab,200 ,0,0,0,200 ,ENA
0xb7387d239ed9fef8e450e8a30b42f840cf520389,200 ,0,0,0,200 ,ENA
0xf8e72bb79b49be05d2564c37d59040a7ac318983,200 ,0,0,0,200 ,ENA
0x420b86c61a114ae4f1b9ddbfdf97b517328ad5e9,200 ,0,0,0,200 ,ENA
0x9e3dd8544d2544a888ef4ed5502720f215113fa8,200 ,0,0,0,200 ,ENA
0x834fcd1187859bb26765306c23fd40c28e379ca1,200 ,0,0,0,200 ,ENA
0xf3b75afbf9bcdb6a2d1e5ff1e262fa4608a9d834,200 ,0,0,0,200 ,ENA
0x179900ead9c4198297a5b4cecc244f4060925125,200 ,0,0,0,200 ,ENA
0x00163e1d5582a69f82b4d187e812c29e2fdd57fc,200 ,0,0,0,200 ,ENA
0x3412fd30231c90f929c2f19de4fc715540c3a404,200 ,0,0,0,200 ,ENA
0xa4daa7b8ceb22b4ec3ca37ae2fd4d1bf746e05f2,200 ,0,0,0,200 ,ENA
0x0cce9f6bf3d74f89c8b3ccc6da3e6754501f1b2d,200 ,0,0,0,200 ,ENA
0x4e731c5f499fd6832c9550fae02843679829ee87,200 ,0,0,0,200 ,ENA
0x61bb10a5a15202125659874c8f464c1b97411e94,200 ,0,0,0,200 ,ENA
0x766a9093fc40c20c9704b237120fbb37faca2a29,200 ,0,0,0,200 ,ENA
0xb74a05c8102327be89685ab56ceac4e22ac293cb,200 ,0,0,0,200 ,ENA
0xfaf524a6b250336cdd1ad1f5fd41e8fb80c79533,200 ,0,0,0,200 ,ENA
0xa61a52662a60ae1abb0b9ed79b0af805eb8eb51a,200 ,0,0,0,200 ,ENA
0xc1be729764f35a7630328ed9886bcc166e9ca147,200 ,0,0,0,200 ,ENA
0x135235f6f01a5f96d24f848b529292034a234647,200 ,0,0,0,200 ,ENA
0x4b56dc411ba0997c7365164a1c8a9a0a149710e3,200 ,0,0,0,200 ,ENA
0xdf12586d6751dd23f56b373ad19efc3193babb68,200 ,0,0,0,200 ,ENA
0x824f018012a5d91306d4fdfe2e1042cdb8ae6f15,200 ,0,0,0,200 ,ENA
0xe3b02b5116baeb7450c853ff351e4f2338f7d064,200 ,0,0,0,200 ,ENA
0x89b92dee7eb9c529530e2d4da4b5f99a6f33df0a,200 ,0,0,0,200 ,ENA
0x8e101af97fd09a60ab3f50cd3c066808d9cb0700,200 ,0,0,0,200 ,ENA
0x4b421a47caf75ef16854531e3f37f749aec77ed3,200 ,0,0,0,200 ,ENA
0xa18767d37fb5c1c2251e57629b161cf0cb720bdc,200 ,0,0,0,200 ,ENA
0x06f8e6c7282644d559f4f19fd442fbc015307c72,200 ,0,0,0,200 ,ENA
0x61c32ae974bedd4ffee967cb31edc889f7006363,200 ,0,0,0,200 ,ENA
0xb6e10ecf3eb8b483e16db0bfdf6ebdda9be6ae01,200 ,0,0,0,200 ,ENA
0x7e986f0ce8726fd770379850b84c9ecded07da09,200 ,0,0,0,200 ,ENA
0x7e0b7981a6068259545418a80de21f4adab195f4,200 ,0,0,0,200 ,ENA
0xd591ea58f2167796fe2a65a32b65cbcd5f52c8e5,200 ,0,0,0,200 ,ENA
0x8815f7884df6fe1a364ca64b542dd8f1c5e1a645,200 ,0,0,0,200 ,ENA
0x69608b465e1c507ab03a933b44ce1ee4c6daf13a,200 ,0,0,0,200 ,ENA
0x2a82740f41be3d04d517bf0f75ac3eed74a51635,200 ,0,0,0,200 ,ENA
0x9d4b7d2f12e6828e7d5b39c51f2f7bc631fdc6e2,200 ,0,0,0,200 ,ENA
0xf845989bea0a22d022cc4fb4ba8ffec83193f1b8,200 ,0,0,0,200 ,ENA
0x642a5408ecd1cda25e375246609035ec8d98512c,200 ,0,0,0,200 ,ENA
0xe23da7d304d715e6565f4b7a3c27e614434ef8df,200 ,0,0,0,200 ,ENA
0xc0e26335284d47288c4adbc4dfed4527b205f9bf,200 ,0,0,0,200 ,ENA
0x341ca0f413e4946a2370a1efcaf36ecc266f872e,200 ,0,0,0,200 ,ENA
0x27422d8dda93d73b226ab90029c6c624e6cf17e6,200 ,0,0,0,200 ,ENA
0x3ffaa6f753cc8dc04460b2e0a630790cdfcac899,200 ,0,0,0,200 ,ENA
0xde06b4875700a00c632360b13361f68d7b1705fc,200 ,0,0,0,200 ,ENA
0x9957978d7e33786f8085c6b00797068bac137717,200 ,0,0,0,200 ,ENA
0xac2933e4f2b2650dfa131f4522ed9e4562e37f79,200 ,0,0,0,200 ,ENA
0x2dce6798aadf961f9f7e5c1a8c14d1a405739579,200 ,0,0,0,200 ,ENA
0x9e12ea530b3d4bf4bc6a1c9ab548ecc9ab908fdf,200 ,0,0,0,200 ,ENA
0x1458cb4003eb115bf3e19497016009a69db35982,200 ,0,0,0,200 ,ENA
0xe33c6b9d91859a467750cac8b7463983419fad35,200 ,0,0,0,200 ,ENA
0xbc000ac1e775ede8b7230bf066ffec1b56e8c5bc,200 ,0,0,0,200 ,ENA
0x5f0d8c7095cb79c46f99697c9ed3775ee42c2dc5,200 ,0,0,0,200 ,ENA
0x14dfbeff380d9b5151bac32952c1153b5878893f,200 ,0,0,0,200 ,ENA
0x1078bd492df17e228efe88b074206d3ced1aae17,200 ,0,0,0,200 ,ENA
0x9643a21121ac983c9e011e13b873a09933039843,200 ,0,0,0,200 ,ENA
0x2e4f48f70f5369056bd92c42b0d9cd4fb824edae,200 ,0,0,0,200 ,ENA
0x63e4f4f6cae95a75c7549dfdfeaecad323049827,200 ,0,0,0,200 ,ENA
0x31d7178a1b89bc0bce75a73428507c6d0f3a6ddf,200 ,0,0,0,200 ,ENA
0x4e23757eee6e0c8ad9837821ee7e581ffd41c287,200 ,0,0,0,200 ,ENA
0xd540179d02e9d77c77470008a0234028d1c8bac4,200 ,0,0,0,200 ,ENA
0x3c13d8f2f5e4cf3c2287e40eacd292e7b20c6bff,200 ,0,0,0,200 ,ENA
0x66203f0df076d3459afbfd99e0a20296198131e9,200 ,0,0,0,200 ,ENA
0x3d6757d4bdc8c3d4aa8e07eccb7208374a8130ad,200 ,0,0,0,200 ,ENA
0xa651cf7290ad9cdbe7f28b0dc225832b88be87aa,200 ,0,0,0,200 ,ENA
0x4b9628c4d77a17519a7680a61ab0f911a2a3afaa,200 ,0,0,0,200 ,ENA
0x39b7ebfbf8030bbd2ec52b0bd926ea42e8228867,200 ,0,0,0,200 ,ENA
0xc093c1364234afaa7adad93cfe2b6b00634ff6ba,200 ,0,0,0,200 ,ENA
0xfb5894dc879fef8bbfccdb36771a315f3d08af0a,200 ,0,0,0,200 ,ENA
0xe889d0ac949bf46aaa11f255cdbb6033116b9e11,200 ,0,0,0,200 ,ENA
0xa19206d06143d3dafa74a238e6bb7cdaf80cbe98,200 ,0,0,0,200 ,ENA
0x445e157915a5a144733bbfa18a30ca6cac58138c,200 ,0,0,0,200 ,ENA
0xbb8f94f5cf1bc31d2d810219048daff146934324,200 ,0,0,0,200 ,ENA
0x0b7422869a261a95111706440424c7e2f24724c1,200 ,0,0,0,200 ,ENA
0xca594db8af9d41249d2f467c4ed7677d74bc9774,200 ,0,0,0,200 ,ENA
0x853058cfca08a8620742568fba21a4218ab6d318,200 ,0,0,0,200 ,ENA
0xde29826884c72519e1723a8971a080eec4e56bd5,200 ,0,0,0,200 ,ENA
0x3d5a165e18905b563a4fb260a9c89c42fa069490,200 ,0,0,0,200 ,ENA
0x9c17367033394c82a95828b571cfae873b3a0c4b,200 ,0,0,0,200 ,ENA
0x8902bd6d4964ea84b7925295a23619429167381f,200 ,0,0,0,200 ,ENA
0x8c9be24c260193f6dc8372f68fc842753f3bc94c,200 ,0,0,0,200 ,ENA
0xf8d0ffc542abcb9ddcf98334f2d005e236ac7adb,200 ,0,0,0,200 ,ENA
0x842bdeeefa5be07234641b0bd46e943f6c9f135a,200 ,0,0,0,200 ,ENA
0xe8485903a4a7cdf66f9886d654df59c0b1812953,200 ,0,0,0,200 ,ENA
0xadb9d864bddde2f12f6494c6a4e07a6f0010f8ba,200 ,0,0,0,200 ,ENA
0x5ffb19807266beacfaa40e4d72703e30a0bd02ca,200 ,0,0,0,200 ,ENA
0x8adc273c789177aa8ee03a5ac4949949bb78e8c4,200 ,0,0,0,200 ,ENA
0x328c6d78d395a29b5d579c0768ca8e3ec9df085e,200 ,0,0,0,200 ,ENA
0xccc8d9b3542d8682440671e467cfce426f0cf357,200 ,0,0,0,200 ,ENA
0x2b28e9112dc0b8458e80465e5e4fd0a7c2801bf0,200 ,0,0,0,200 ,ENA
0xcfa2cd03f6db5b1bdcae02f39b8c59bf02b0b51a,200 ,0,0,0,200 ,ENA
0x81e2b1acdb6f4eb5c59357b17a872c0894e5b136,200 ,0,0,0,200 ,ENA
0x6cf0585bc2482cefc2ef142e7a3d2af6916370b4,200 ,0,0,0,200 ,ENA
0xb0dc3410701db5c3d0680bd5f3e5ea2c5bb44632,200 ,0,0,0,200 ,ENA
0xa2e9aedc1c68b9e0e4b48dc310270733a7b6c1a7,200 ,0,0,0,200 ,ENA
0x7e005b7d3b1c1b5fe1dd790749c56ebf5fa819fc,200 ,0,0,0,200 ,ENA
0x049c026d827501fd90cb731a593012b6e7fbb429,200 ,0,0,0,200 ,ENA
0x3e69e6e326fc8b8eff8c37646721a2fad94eb3f2,200 ,0,0,0,200 ,ENA
0xf247aed972eafd632e29d2490800675d6d8bf9b0,200 ,0,0,0,200 ,ENA
0xfbc59388f004184c1f30f23ac7cbd78b6188d582,200 ,0,0,0,200 ,ENA
0xf3f059cffd17a25ea6073124cb9dd1153c343d87,200 ,0,0,0,200 ,ENA
0xa3c38946ff9e0238210edf83ae2427db7d7d0afc,200 ,0,0,0,200 ,ENA
0x8de1f4eb9aaa540ef313001cb05321762ac79267,200 ,0,0,0,200 ,ENA
0xeaf8e28340bbb8143bbbf7a0752dd6a5b4b975cf,200 ,0,0,0,200 ,ENA
0xc7d54e785709ce291822f8e3e28305e474d777ec,200 ,0,0,0,200 ,ENA
0x2ec523b3bb45a78c116df8775ee9cd485ed4d2ba,200 ,0,0,0,200 ,ENA
0x877c07fe4722a3d1b1e492eda260fec1df9d85f2,200 ,0,0,0,200 ,ENA
0x774f66cb36b3d92d0d30d8bc4b926ee39b23cc32,200 ,0,0,0,200 ,ENA
0x7e6bdad17d8c4f6fb2dc95c7b9d94f3659970d2e,200 ,0,0,0,200 ,ENA
0x9e8f9772308d32cda49ca3b750f3a812e4b7d8c5,200 ,0,0,0,200 ,ENA
0x74edd3fc106278409cbe00e5bb8706476db14345,200 ,0,0,0,200 ,ENA
0x9a70f8d0a1ca489cb7c201369b14997a62f73d1c,200 ,0,0,0,200 ,ENA
0x517ffc38cd52fbea145b7b13b0179586b0e13510,200 ,0,0,0,200 ,ENA
0xcc413e4b5d30c92703bd06f1b383595d31164be2,200 ,0,0,0,200 ,ENA
0xb21e1d26ed5bece6bbdf3c3ac213646e9866a3d6,200 ,0,0,0,200 ,ENA
0x9051ea570ee00781b6e4cceb05e21e9b087be931,200 ,0,0,0,200 ,ENA
0x576b76fc5bacc4630508a9e723f468988dd6be87,200 ,0,0,0,200 ,ENA
0x64c8cc5d748738b6bb6527e465cc878260d3d4f3,200 ,0,0,0,200 ,ENA
0x03cfa6a6518eebeeab896bb9b8bb7f35619a3379,200 ,0,0,0,200 ,ENA
0x49b42b7d9822ce31885e0ddbbd8471fd3f64a9cb,200 ,0,0,0,200 ,ENA
0x4034c047575e465e82ad78ee9f4a6ed2c555fbeb,200 ,0,0,0,200 ,ENA
0x179c3873721705012d91a440ce34e0d5c4e82372,200 ,0,0,0,200 ,ENA
0x34d0db18a4f72349772ac471535cb94042e0cf7b,200 ,0,0,0,200 ,ENA
0xbf61196b23c66ca22f18bb98069b50d5349b561c,200 ,0,0,0,200 ,ENA
0x05431d569cbba37294eb92621d6a725811ce42f8,200 ,0,0,0,200 ,ENA
0x1fc30261501dae7e71d8e01ebb85c5f044138f15,200 ,0,0,0,200 ,ENA
0x389e98a748009cab7fb8a6f6c1708b5f1d2bf5d7,200 ,0,0,0,200 ,ENA
0x4551ce317cf0c815547a5262600783396a23456b,200 ,0,0,0,200 ,ENA
0x9dae4be4be55db400b75d18d10b1e5445d9d790b,200 ,0,0,0,200 ,ENA
0x388fa8a4c3e5dc6eba77675e91c44a70ac2a45d9,200 ,0,0,0,200 ,ENA
0x6155080a8bc0aca997a6af6d55793ba4b38b7c20,200 ,0,0,0,200 ,ENA
0x5e8125aa37bb4f069dfbf8c1c809059b86c9da05,200 ,0,0,0,200 ,ENA
0xd823684b0f5ec3273ba98901fc170e75b8273b4e,200 ,0,0,0,200 ,ENA
0xe546579b7b7ce1cde7515fd61607faa82711bf43,200 ,0,0,0,200 ,ENA
0xdfc6e2b1a87f0a9a43aafa166ef28386c164529f,200 ,0,0,0,200 ,ENA
0x5475fef1f7007ef56393dee8b0b9109e7ed33784,200 ,0,0,0,200 ,ENA
0xec61bdc001206c04403c5556fe487542c8d526f6,200 ,0,0,0,200 ,ENA
0xd83d0bc6e1a672a87978da0bdab0a52c1855884e,200 ,0,0,0,200 ,ENA
0x05cd2bed8fb8755892d0af11c1705ed029021fd4,200 ,0,0,0,200 ,ENA
0xaacb67a2b2c0261dc884056a661b2c6f22aadf85,200 ,0,0,0,200 ,ENA
0x27d8ef584846286f836ac6fc6d1841b44da61261,200 ,0,0,0,200 ,ENA
0xddea796a62bd4032d69a37b552219704b50afef9,200 ,0,0,0,200 ,ENA
0x24edae949533b97f7c9e3d7f52d47b2c9099fbce,200 ,0,0,0,200 ,ENA
0xf7e0e1feebe6d0125067b965d94288e46b9df41e,200 ,0,0,0,200 ,ENA
0xa6806f0fb13f4de7265a538d0314f065d8b604c4,200 ,0,0,0,200 ,ENA
0x12b9604d588ed43b7875f34daf31aa5e0cf919e3,200 ,0,0,0,200 ,ENA
0x86c92186bd675086a65ba7b1e5ef548b2e98e370,200 ,0,0,0,200 ,ENA
0xd93b9a06c9dfee062d9e94add321b0cf28b1547e,200 ,0,0,0,200 ,ENA
0x40dcb419e227b9f7eca1779a6de635595ef0c3d9,200 ,0,0,0,200 ,ENA
0x4efe81e7d824e641c27a83e79914d0cb5653df2c,200 ,0,0,0,200 ,ENA
0x18e4af978033c5d3523a8f14fa6069edf0514f6c,200 ,0,0,0,200 ,ENA
0xb8117c2a2b30117e86916a182a8265fd774e719c,200 ,0,0,0,200 ,ENA
0x480b22012e16f1671047e99a2a95f7a96e68939a,200 ,0,0,0,200 ,ENA
0x2640105d3559c98bf9c3fce38fa12f1d682ca667,200 ,0,0,0,200 ,ENA
0xac506622dcea2231b3a957050fa1076b7740c14d,200 ,0,0,0,200 ,ENA
0x0cdbc32be6d1d6adab9a87f6f8426d7abd07ae21,200 ,0,0,0,200 ,ENA
0x21e6f89f0340fe5d00a91abe8bc0d3b86730a2c1,200 ,0,0,0,200 ,ENA
0x9eb676da5f15895706bda4eb418c0073f01e8a9f,200 ,0,0,0,200 ,ENA
0x83e95dd6b315f59d3b92ded4b25353595c2a3b76,200 ,0,0,0,200 ,ENA
0x2322787422bb07088418c753330c3a02e2f8cea1,200 ,0,0,0,200 ,ENA
0xe42846e90a6580a593f0953023f8d41312052189,200 ,0,0,0,200 ,ENA
0x58424688bf7b35661295fcb74b6b048ae62b476a,200 ,0,0,0,200 ,ENA
0xec67063af4970f4080ed1a1293a0b829f62f9469,200 ,0,0,0,200 ,ENA
0x5106c06ea41a9e51d264b009bbc40a35052c1b1b,200 ,0,0,0,200 ,ENA
0x0df5451b45f0c864e91b2956bb1daf541a222f4c,200 ,0,0,0,200 ,ENA
0xa0822a4b72c0562479a9ee852958cb5947ea5019,200 ,0,0,0,200 ,ENA
0x95fe5776f568ae466d576b4116261176586aa625,200 ,0,0,0,200 ,ENA
0x7d73f1328dae62ff458320083d1b29aade611faf,200 ,0,0,0,200 ,ENA
0x99e9977f59f4c5e7d4da86415ed5e443ec8c2da3,200 ,0,0,0,200 ,ENA
0x395fe9790601cb84d1b9b5195db63f42a8d82988,200 ,0,0,0,200 ,ENA
0x907d6e0c2f7eac86ce2f7b4932892b56170c2576,200 ,0,0,0,200 ,ENA
0x98ee49b91674c7ca4a73e50c19b0f6fff532ab80,200 ,0,0,0,200 ,ENA
0x78d098ff33c6a75d979d9feefa6bcb081963e396,200 ,0,0,0,200 ,ENA
0x1ee2abcfdb7233b3d8d81b6a21799c729c3900d7,200 ,0,0,0,200 ,ENA
0xdb3faf4c55986d44cb99e718d0132bfd55a34722,200 ,0,0,0,200 ,ENA
0xd852fd0ab8be0f972a78cfc3382a61ff8140b182,200 ,0,0,0,200 ,ENA
0xa1b7daeee978861d86db87b34e17db903d89ae09,200 ,0,0,0,200 ,ENA
0xade609163ce9dff849a291b34a83d8f8a0a1f64e,200 ,0,0,0,200 ,ENA
0xd7156920e193646435d12be25e2b9b0fe2a9f8cb,200 ,0,0,0,200 ,ENA
0xa52541a722d099eebcbe4df47c2cc21ac08aa4de,200 ,0,0,0,200 ,ENA
0x551da1348ff6152378043bdfc581c540c6d57f08,200 ,0,0,0,200 ,ENA
0x07b7dadbebd1f43e1dca219494fb0a7bb5127e71,200 ,0,0,0,200 ,ENA
0x06d1d1cc5ccc7ed6c0eff573c04c4af47c76cf27,200 ,0,0,0,200 ,ENA
0x78fcbaa320c2777fb318bf1078d35e059dc49124,200 ,0,0,0,200 ,ENA
0x579fe4485d60aeeb70e96665fe3784552510423a,200 ,0,0,0,200 ,ENA
0xa461e96a81b0e7b991f5d9ce1a7d4b1ddb0662a6,200 ,0,0,0,200 ,ENA
0x046730cd39529e014878c5c66dc9ea935bda0326,200 ,0,0,0,200 ,ENA
0xc3f0a27742e907db95858a81ed13eb412b3c5303,200 ,0,0,0,200 ,ENA
0x6fa9681dc10207feb54535014d08d8fe4c4d779b,200 ,0,0,0,200 ,ENA
0x657788b66f6d8c57d0365746ec690a7451b64aea,200 ,0,0,0,200 ,ENA
0x3a43c485fa2d927defa96b770cee3030a3c6ed62,200 ,0,0,0,200 ,ENA
0xe06f4e073998490ad243b81eb51aae68dd71097b,200 ,0,0,0,200 ,ENA
0x74b39db1017fa04533271a529a8a92d7abd35837,200 ,0,0,0,200 ,ENA
0x29982333152f06a77d906560ce576b24aaa0e30f,200 ,0,0,0,200 ,ENA
0x39cbb2bc2443bbedbbf0042b7a465ba3a6225cd8,200 ,0,0,0,200 ,ENA
0xf248e09f8b53b89164c41841095c52f59eb3477e,200 ,0,0,0,200 ,ENA
0x661d73f3ba727a936a58f9f7d93299a70941b37c,200 ,0,0,0,200 ,ENA
0x32cbd27415e7eee4036d5f49c5fcf5404315738b,200 ,0,0,0,200 ,ENA
0x115147aee566456ad1f76734bb1b3f9b11891504,200 ,0,0,0,200 ,ENA
0x834b2510194b61876e6dbb617b999198a2ca46cd,200 ,0,0,0,200 ,ENA
0x9e25c2c98aecfc1ec7307ef91d9b341c759d4971,200 ,0,0,0,200 ,ENA
0x99ec27b792da350430fd3a21cd1d5d2e3798d2e8,200 ,0,0,0,200 ,ENA
0x366c9f7290333aaac78c748b56656163b8c8c6c2,200 ,0,0,0,200 ,ENA
0x27a076ff10a2e0d7d9fe3f702205a88eb2741197,200 ,0,0,0,200 ,ENA
0x8c0b0503777e1b834b803c695a0d5051fcf43362,200 ,0,0,0,200 ,ENA
0x3096114ecd50936299577f517d1d5d3d8b12e0c1,200 ,0,0,0,200 ,ENA
0x65620aa35ac3c1907816dc9e10e7936cbe63cec0,200 ,0,0,0,200 ,ENA
0x2e8f9df666112734146e96568ace8cdbebced29c,200 ,0,0,0,200 ,ENA
0x46ecbf0b98177fe081051914a887784f7b6502de,200 ,0,0,0,200 ,ENA
0x0397be0e1bad2d43fb7d9c0f08c9d5eead2620f3,200 ,0,0,0,200 ,ENA
0x661912da03f5c8e7c2351e35c3618ed8f2485e1e,200 ,0,0,0,200 ,ENA
0x7071d477c936809e012222c08baac9a252cf22df,200 ,0,0,0,200 ,ENA
0x1027c956ca2c436a5fb3ca80717bec7a83721393,200 ,0,0,0,200 ,ENA
0xfb40d8ed68111be2177f59da82215c67ecf9e61e,200 ,0,0,0,200 ,ENA
0x68f9141592083efd701e0ea9d543921b57481365,200 ,0,0,0,200 ,ENA
0x025e6da5493e008195b4ea7c6c1cf2a60b40a783,200 ,0,0,0,200 ,ENA
0x7aa801816e045ae82b43a15de0102990e3b4dbc4,200 ,0,0,0,200 ,ENA
0xe80e95ae2fedf1957f6e4e28bdfcca1c5cf18d8f,200 ,0,0,0,200 ,ENA
0x2da187358c51e67fc8e002c613eef02354e6c54f,200 ,0,0,0,200 ,ENA
0x567999d647a4f3fb7d1d7a165304ddc55b427493,200 ,0,0,0,200 ,ENA
0x8ccdd66285297e659cda8c65c2f0a73bfdc9b859,200 ,0,0,0,200 ,ENA
0xc4fde15b8a516dc5e4f4b1550e2aa22dd9f5384f,200 ,0,0,0,200 ,ENA
0x762b47f2a8165a6515707477528ad2c66d4e385e,200 ,0,0,0,200 ,ENA
0xe164d071467ae67e5562840b1233c359daa12ca6,200 ,0,0,0,200 ,ENA
0xdc412288991a95f7e1713ed2e2aed5df6ab32a0a,200 ,0,0,0,200 ,ENA
0xc7927b1387594be1d13a60dea4f2cfccd1e7815d,200 ,0,0,0,200 ,ENA
0x96cc2d7340409d5fc3a1f24cd95e5d5f7fd5729e,200 ,0,0,0,200 ,ENA
0x8c1962335c1b4a956bea2412616d8735a6bbe75d,200 ,0,0,0,200 ,ENA
0x9e3868a8eaec5bbf8df9aca748d812429e2893b5,200 ,0,0,0,200 ,ENA
0xa2cb88d502bc85e274663b3e837a78e4892f5827,200 ,0,0,0,200 ,ENA
0x9a2e78acf63e88398ec28c5b41dec8e54158fb79,200 ,0,0,0,200 ,ENA
0x645a33f0abfaaaa4d51edc262291cb3441d7f617,200 ,0,0,0,200 ,ENA
0x58916a8856b48c9334a38b50683a68f620a848c9,200 ,0,0,0,200 ,ENA
0xe3b381528d83c158bb56fa34952b72bd42f47c43,200 ,0,0,0,200 ,ENA
0x3c67633d100e6a5790ef526aaa953add96d0a130,200 ,0,0,0,200 ,ENA
0x00b2246604297787b953d7252887b5026ea54ae9,200 ,0,0,0,200 ,ENA
0xb045af0bc4846fbad0e0b7df4d4f8f8075651698,200 ,0,0,0,200 ,ENA
0x45d4c7d0a0e10ff0fa72258ccfdd389762320a30,200 ,0,0,0,200 ,ENA
0x602f4c6bbf35392b6abc03a172788713436475d3,200 ,0,0,0,200 ,ENA
0x2ef3217fc94349bdbc3090c9299746dffbb6a179,200 ,0,0,0,200 ,ENA
0x3dced1e949e6595d41e72de49c6ee399df79ca6b,200 ,0,0,0,200 ,ENA
0x7a5d80d96d41d842399e7f019acb731388873695,200 ,0,0,0,200 ,ENA
0x14d9ea77c824a2a627206113b8317d1f9b5f0271,200 ,0,0,0,200 ,ENA
0x4adb89e278847a5623d96247efae17f2b2238321,200 ,0,0,0,200 ,ENA
0x9cecb10f4c3e0d2f14458f32662de171477fe82f,200 ,0,0,0,200 ,ENA
0x167d156c8f1a65f9695ca70e392f72d63e1b71c6,200 ,0,0,0,200 ,ENA
0x0c74d9e478ec897af92e57911cd985978a3597d4,200 ,0,0,0,200 ,ENA
0xd653deebd09381092ed3e65f19bcde6f706557f4,200 ,0,0,0,200 ,ENA
0x3617c527eaaba511ce20944dd82fea4badb4cf48,200 ,0,0,0,200 ,ENA
0x42b705c153b0a45646f81a748d74143943775102,200 ,0,0,0,200 ,ENA
0x0ed9ca26c8863144e5681066236218d0ca0580fa,200 ,0,0,0,200 ,ENA
0x16eac8110d6833e4e39347be0055c7dd6fc6896d,200 ,0,0,0,200 ,ENA
0x95ba6e255e0cbf5032932588be4eecea30d15dea,200 ,0,0,0,200 ,ENA
0x16435ed44ad3f1fec9eaa91b521f65b340ac02ca,200 ,0,0,0,200 ,ENA
0x104c3b13a5caa60f591c0cee5a8af0fb44bb7843,200 ,0,0,0,200 ,ENA
0xd089409a2cac137b614e01f0af9ce561afeed3df,200 ,0,0,0,200 ,ENA
0x176ce55d91fa7b893b1d78fef228b2b44e34e057,200 ,0,0,0,200 ,ENA
0xee1d8ae539fb16cc71e4e1a3b67d873b1779584e,200 ,0,0,0,200 ,ENA
0xd875773f2b8b0d5fef62d25d324f024cfa50c3f5,200 ,0,0,0,200 ,ENA
0x70f287e45bfa53e8c597cd92e1f690910e1dff85,200 ,0,0,0,200 ,ENA
0xc4d24173cb98e859a6ec81ec1667b14b783d65e2,200 ,0,0,0,200 ,ENA
0xfe71ff40c2cea5ce7eaa5cbffda50061aa01a4c9,200 ,0,0,0,200 ,ENA
0x03fef2ad6b7f3418bf4dff79e7c7133594e8b6e8,200 ,0,0,0,200 ,ENA
0x9c2c3183e6a1e531f6aae06075cca525d89b5376,200 ,0,0,0,200 ,ENA
0xf6d6bc7d59c3bd494c1aa8b4a4700bec16f6300b,200 ,0,0,0,200 ,ENA
0x08cc54ea8c7e72c1ad83cfcf7c7e49e6784730d3,200 ,0,0,0,200 ,ENA
0xc8cc2d2738c1afd41bd49899cdfc91374b43873e,200 ,0,0,0,200 ,ENA
0xebec6d3358779c0f130b418fb49f613037099313,200 ,0,0,0,200 ,ENA
0xfa00334950a647dde41ec7a085bcec8fcf99d299,200 ,0,0,0,200 ,ENA
0x4d21951c260abf9a39843284f2ab4d016514053f,200 ,0,0,0,200 ,ENA
0x0e74f7f5c1d49ff50ba0a4e8398ee46cb1d5b6c4,200 ,0,0,0,200 ,ENA
0x8c9b54ad993f46e67d4edae0aa20694407d317b0,200 ,0,0,0,200 ,ENA
0x3bbba249600c08c39f00375c9d907a9b4a787ac0,200 ,0,0,0,200 ,ENA
0x88e4576f3abcf117ccd22070d1d92408a478fe5a,200 ,0,0,0,200 ,ENA
0x06c2423386f44921931a072691330ad88e4e8352,200 ,0,0,0,200 ,ENA
0x001c8697a2d5ce82f5e494c170907cea8d418ce1,200 ,0,0,0,200 ,ENA
0x66a0c1b63e0b415d5d3162610524bc308a19020b,200 ,0,0,0,200 ,ENA
0xe1d06f0363240a51a42be2f4caaf4aa08c8940c5,200 ,0,0,0,200 ,ENA
0x8070497e2451d0aa13692bfd75b442194e6d4b10,200 ,0,0,0,200 ,ENA
0x71a351bb4ed0121d45590b06640c92e060506f14,200 ,0,0,0,200 ,ENA
0xab3ef3755dfae3be0b2be763fc9a3b097f8cfb15,200 ,0,0,0,200 ,ENA
0x0ee51af803fe8807e4a5704b11cbf9fa275ee5dd,200 ,0,0,0,200 ,ENA
0xaa04d00c9461552e6e4188ace0a7442f9dc2c533,200 ,0,0,0,200 ,ENA
0xb3d324e6550043f244a6f5bc281f21c56c83158b,200 ,0,0,0,200 ,ENA
0x939172d8e4ac053c7b2f79d0ddfb39408079a65e,200 ,0,0,0,200 ,ENA
0x692ac76232ec01a880ba23c43bd1985033cf191a,200 ,0,0,0,200 ,ENA
0x68421feb6335642bcfaaa7f43cea5ef050040c1a,200 ,0,0,0,200 ,ENA
0x8fa564f0c8b86bd195291f16bc4d073ab24049c5,200 ,0,0,0,200 ,ENA
0x8a7de368e5b4a61e00417ec46231fd267940e77b,200 ,0,0,0,200 ,ENA
0x07fc23d3b388727647c37eb577b0547845634a86,200 ,0,0,0,200 ,ENA
0xed525b68a59e44d30a70c6d47e3b840163b3aff5,200 ,0,0,0,200 ,ENA
0x0790c45f15fa15ccbe66d9417e0a6a63900dba87,200 ,0,0,0,200 ,ENA
0xf742a79524e64d58ae0d5df59e05dfe93f84a3ce,200 ,0,0,0,200 ,ENA
0x6054903aed59aad0f9e01c6d06377989005deba8,200 ,0,0,0,200 ,ENA
0xeefe3fe083076e28789ba89e815dd30ddb5a28a9,200 ,0,0,0,200 ,ENA
0x8c3f847b86466de5ec364928b28900777a56cbd7,200 ,0,0,0,200 ,ENA
0xe316676c9aa48514fc99d79691b8d1ff04d38656,200 ,0,0,0,200 ,ENA
0xf0f954cd1541b5389a0ad65c366ad958452bed87,200 ,0,0,0,200 ,ENA
0x10ea47c62fbf0755c7505c9af720b0a806677f2a,200 ,0,0,0,200 ,ENA
0x4d99ef6e610f29e4c9f25169b5d523f4d6d3ede1,200 ,0,0,0,200 ,ENA
0x57d8cf2b93960e494b456e51efcad16ca505e8d1,200 ,0,0,0,200 ,ENA
0x7863af256d5efbb4ff2ec8a8377a66d5baf17fba,200 ,0,0,0,200 ,ENA
0xcf73ef4df8ce9a0afed26ab697d8bad7fd1c8751,200 ,0,0,0,200 ,ENA
0xcea7b17e7cb8ade1cfe9d80153d79d8c9cff6797,200 ,0,0,0,200 ,ENA
0xde221e4b7a58331f80e507e5e6de3a17d999492d,200 ,0,0,0,200 ,ENA
0x5c908d684c8ba2a07fbbf3facf655cd3b72d9898,200 ,0,0,0,200 ,ENA
0xc6d782da5b0b4b653f057f011f8ae0195f186e92,200 ,0,0,0,200 ,ENA
0x8023c8ddfa1030ff0fdc7003ee99881217a28ef1,200 ,0,0,0,200 ,ENA
0x430d82d4b8f730a2040e4eaf4b4f08d10776ed3f,200 ,0,0,0,200 ,ENA
0xfe51b319871e5c7b9a397e2129567714e42ea91c,200 ,0,0,0,200 ,ENA
0x371a883ee585ff24f0f9f88c639aa9875323c270,200 ,0,0,0,200 ,ENA
0x3e88365e20eb866f129c33bfc619111e025ad40c,200 ,0,0,0,200 ,ENA
0x8e1614fe93ff3244ae66e58a000d7b656040ebe1,200 ,0,0,0,200 ,ENA
0x649fc42d420a5de06bf1892b6b225619a7fd18cc,200 ,0,0,0,200 ,ENA
0x085de2ab6ec7017440c2cce2bf77b6bbecce5470,200 ,0,0,0,200 ,ENA
0xa61cf7f3716306b52c5b6dee099a56b5671a774e,200 ,0,0,0,200 ,ENA
0xf50e38858e77f0ea898f5e25ee71e2bbf1da4f7c,200 ,0,0,0,200 ,ENA
0x2dd1a70c3e37b89b43f6e872d9aca0695efe25be,200 ,0,0,0,200 ,ENA
0x9cebb7eb0c3e6ca0c6fbfa42ce7644006ce84fbe,200 ,0,0,0,200 ,ENA
0x91108446f394358d72f1d623b1ced32c03ddd83e,200 ,0,0,0,200 ,ENA
0x8e13d6dd5a7defc9896290576c8e230584abcae5,200 ,0,0,0,200 ,ENA
0x54bb089f28a1ac21822cdd63af49ff57ba1b294f,200 ,0,0,0,200 ,ENA
0x7a1d4b1c5c3d18d22100adaaa519cb87bddf9665,200 ,0,0,0,200 ,ENA
0x854330f4760cf58b680a110fac148ed3f50e116d,200 ,0,0,0,200 ,ENA
0x36c7b7f5a4896684fad6fc71e08746952a369405,200 ,0,0,0,200 ,ENA
0xe961066d859d4922b51269801cd26a2351c4f1e3,200 ,0,0,0,200 ,ENA
0xd6ac42f741984bb979ce870999b9386b102f7689,200 ,0,0,0,200 ,ENA
0x20ed688948ece9c77a7dde40c2674f27d61cf294,200 ,0,0,0,200 ,ENA
0xa48c44b9516281e6012fe2c22816af4f58e47d12,200 ,0,0,0,200 ,ENA
0xd52d89494581d6999773557663e8cc86503caa9d,200 ,0,0,0,200 ,ENA
0x26263c17202e8993cd3530447553679182fbbece,200 ,0,0,0,200 ,ENA
0x33b6d23476a7142bfe02f22c11ec6e869d6e5aca,200 ,0,0,0,200 ,ENA
0x8727c474006453a167ff9c8854fa344e0b5c139d,200 ,0,0,0,200 ,ENA
0x10f91473285ee22a7e46953cf69044c6cafd0585,200 ,0,0,0,200 ,ENA
0x2a9344dda764e42457216e4877d812febfc0047f,200 ,0,0,0,200 ,ENA
0x847154d49fce343ad7119f307b4613dbf6d49ac6,200 ,0,0,0,200 ,ENA
0x57182320b3bb4db9065911885a141b871f4176d0,200 ,0,0,0,200 ,ENA
0x5fff0f75aa7d65ed6f8bd9cd55fbb2fefe895e74,200 ,0,0,0,200 ,ENA
0xe6a0855c0c382585c1d8fd33908d719192822424,200 ,0,0,0,200 ,ENA
0xc76dae0c6fce96a9022ff60d4529272c28fddf5e,200 ,0,0,0,200 ,ENA
0x2c2146f2c6ac2ad9b9787a09eb7069f39e3f5d4f,200 ,0,0,0,200 ,ENA
0x6ec6099f9c553721a87c59be1e84002704b85654,200 ,0,0,0,200 ,ENA
0xf2bddf357acda632661bce9f9d2e8e9286ba1302,200 ,0,0,0,200 ,ENA
0xcbc37600e8d7fd96875c4f9751d6326b62519676,200 ,0,0,0,200 ,ENA
0x59c6a9623ad9feec518f08534ef5df4485a0c1fd,200 ,0,0,0,200 ,ENA
0x2f888162c16327b5683b2dd242d9316f029ed51d,200 ,0,0,0,200 ,ENA
0x003fad9154896947740963ed55dd44fc3975bd3b,200 ,0,0,0,200 ,ENA
0xd22da5b82ce3e878f5e9857bb3f30027393345db,200 ,0,0,0,200 ,ENA
0xf194bb1b355ed02e1355fd014930958d4143e4ce,200 ,0,0,0,200 ,ENA
0x9db749d6bc487e92ed83e736eea15546ec5723cc,200 ,0,0,0,200 ,ENA
0x3e3c751f28f5c3ca817ee2e90d81f32cdddfcecc,200 ,0,0,0,200 ,ENA
0x225a4e9b91f1208e8f99ca5632cac4a2db25c20e,200 ,0,0,0,200 ,ENA
0x504bf6a92f864f72f40dea1a2ecf04e51cc6cf24,200 ,0,0,0,200 ,ENA
0x5d87e5b4614dfdd818244fc6ce6bc1e1790cebed,200 ,0,0,0,200 ,ENA
0x048ff4364d22a357bcc0525203c51f6e96d5016c,200 ,0,0,0,200 ,ENA
0xc1ceec44a18c0128869df10c23b5e8ef96cbf1f7,200 ,0,0,0,200 ,ENA
0x421302f82b9fd1bb25a552724598e544b5749d02,200 ,0,0,0,200 ,ENA
0x6641563d7b203266ac3a32cc47256c99cc021dc6,200 ,0,0,0,200 ,ENA
0xaef1ef053f006108d8966e307e4bf6d2c2963758,200 ,0,0,0,200 ,ENA
0xd1e4e109c8e8919f3409f911574ea80066bf3eac,200 ,0,0,0,200 ,ENA
0xa7f84022f48c6f62bac58520ea0012a5662d3e18,200 ,0,0,0,200 ,ENA
0x03836954582168abbd15e706a200e4271910f875,200 ,0,0,0,200 ,ENA
0x5aac6bf7343bd32b87cf4fc2b792ef3e3c2c6e12,200 ,0,0,0,200 ,ENA
0xcb7d7c5311cd2bebbf2e1474c86c3dada783354d,200 ,0,0,0,200 ,ENA
0x2ed6a88ba614bc3e04a2ef50bd22126ca46a2bbd,200 ,0,0,0,200 ,ENA
0xaa23bea3ced280cd5cba5d1f32bed5752506d610,200 ,0,0,0,200 ,ENA
0x2d7d0dbfee2ecd8939cc6d4593f0a892efc9944e,200 ,0,0,0,200 ,ENA
0x69f74fa0147b88ef910dd626578f17a8a5623fbe,200 ,0,0,0,200 ,ENA
0xc17e0b2080c862d9d5ba496ea4e8b2c36792dd9e,200 ,0,0,0,200 ,ENA
0xddf7bc33654ab55ceed9a12f18be7f803471f0af,200 ,0,0,0,200 ,ENA
0x31afe419694be1d23bfe7a9bbad80976291aece5,200 ,0,0,0,200 ,ENA
0x3ebfbcb43f3ac6c0f3dbba2725abee005dd971fb,200 ,0,0,0,200 ,ENA
0x5ad7cb68205cc51f36b7adcd8caa87afe9409441,200 ,0,0,0,200 ,ENA
0x31c9724115e0697e12a6fe53fa63338c100207fd,200 ,0,0,0,200 ,ENA
0x1c0555ef980ce075820698032a29bfdf215fe65a,200 ,0,0,0,200 ,ENA
0xd7751332f078308efb39666e20d0f2f2da7c0a07,200 ,0,0,0,200 ,ENA
0x50f0c3c109c2db308174bf298cc09bdff4e78d9c,200 ,0,0,0,200 ,ENA
0xcea39d829025e25d75881e5fa521c5abbc556d12,200 ,0,0,0,200 ,ENA
0x04f358b123617bf282c1907ec32f7dfa8d692739,200 ,0,0,0,200 ,ENA
0xc17bf5e86ed8419338ceac36860688bf67fe37b3,200 ,0,0,0,200 ,ENA
0xf3bcd46881f85f27c84aa545adc495fb8caab25e,200 ,0,0,0,200 ,ENA
0x954c365a551143c8025086e914093dcdd5431ac6,200 ,0,0,0,200 ,ENA
0x992b6ba997083f6107fb97f038c77409d5c3006d,200 ,0,0,0,200 ,ENA
0x18c0f282f3b913c3a06b8618143572ed59e163b7,200 ,0,0,0,200 ,ENA
0x9d911ed974fe8e28233a8e39e199b016b47625fe,200 ,0,0,0,200 ,ENA
0x01a0d650dec5708521d16b880c3af548a13f51d6,200 ,0,0,0,200 ,ENA
0xf62652593a4a18314eb67e74973943f32f8abd9c,200 ,0,0,0,200 ,ENA
0x48708ac1c8d959b48072e127bab91901c54c6856,200 ,0,0,0,200 ,ENA
0x129ff75dbc96863726a87208bf28dae9777900ea,200 ,0,0,0,200 ,ENA
0xee60878e4112ff5295e7314e3995ca5ed558764c,200 ,0,0,0,200 ,ENA
0x3226425525bbf35d8cdbb65c6a817c470ff33729,200 ,0,0,0,200 ,ENA
0xed1fb3f1b6933b42bb5934486bdd74185a5198f7,200 ,0,0,0,200 ,ENA
0x8666c28de8dc4a05f47e36697aa6cf20290963b4,200 ,0,0,0,200 ,ENA
0x5319276d2bb3f46e4060ad44446ce263d6d8a6cc,200 ,0,0,0,200 ,ENA
0x46477e37951927b4ea19796fe8c5e2641e6b57f2,200 ,0,0,0,200 ,ENA
0x0bc549c13a56ec428d5e1752ead2204a255e93d3,200 ,0,0,0,200 ,ENA
0x430b33982cd76736da1c49090ccf42bb3b2fcfc1,200 ,0,0,0,200 ,ENA
0x2a1187610155575b488945354235c3a3ed5a4d41,200 ,0,0,0,200 ,ENA
0x469f5268aac4c5b96bef9f2422e87c91810e8e87,200 ,0,0,0,200 ,ENA
0x1522c627472ce025df05d9630fa51779683ba698,200 ,0,0,0,200 ,ENA
0x4c2b07ec2a060386555abbc1f5127eea6bd9e685,200 ,0,0,0,200 ,ENA
0xdfcd57e644f7527edd839703df2f54dcc0ea0e5c,200 ,0,0,0,200 ,ENA
0x2066bdde950cd9d49b94cc003a3dce5d95bd4d3a,200 ,0,0,0,200 ,ENA
0xef498ce288818880a9fb35fe5a3aaa6557df73ba,200 ,0,0,0,200 ,ENA
0x864cbacb7529a0ac258dd4deefcb7ce1f09229ee,200 ,0,0,0,200 ,ENA
0xbe94d855d902ff09e6172654bec177fe0a55bca5,200 ,0,0,0,200 ,ENA
0x2e1d8dc3f587547de3698f5d6c09078785bd1e3c,200 ,0,0,0,200 ,ENA
0xa5e77d0d0c799faadb964439f60ca62364104a84,200 ,0,0,0,200 ,ENA
0x59c1bd7865b19d41ebcf0690d399a4bfc121b43c,200 ,0,0,0,200 ,ENA
0xddc3951ec814d8d219c8225bdadcf39d012d9434,200 ,0,0,0,200 ,ENA
0xce37f9b3b30a618dfd5e8ce18232b0833886a657,200 ,0,0,0,200 ,ENA
0x5785e33ee5b6c8a38a6e319aaab0bbc2395d2ed8,200 ,0,0,0,200 ,ENA
0x0f9b8c0975294adc19d4c15de1cc656a7eaa9959,200 ,0,0,0,200 ,ENA
0xfb5a7ad6abcb071dc446635b50b6a6aba47650f5,200 ,0,0,0,200 ,ENA
0x1900206b69478d36e5902f1535355b2a42fd21b0,200 ,0,0,0,200 ,ENA
0x7384a26c10615d5dbf26dc18986354686c69c483,200 ,0,0,0,200 ,ENA
0xdcbd904828426c8100debebdf0f33e949560a4ff,200 ,0,0,0,200 ,ENA
0x0cf04a8f257a50a8d5dbf00540082af7015fc8dd,200 ,0,0,0,200 ,ENA
0x47a3ef5646f893c9e71ac2268cac7ea08acffe7e,200 ,0,0,0,200 ,ENA
0x65d8c197e7cacd190a52da052edb5d6310ddbc05,200 ,0,0,0,200 ,ENA
0x00ed7b22183e98c6327979713ea48d35766d2d9d,200 ,0,0,0,200 ,ENA
0x40c56a4469ac01dca53a9ede237c2ec6d09e6e70,200 ,0,0,0,200 ,ENA
0x922483948d9c4ae5438679a8df78e8f5fd7f8b05,200 ,0,0,0,200 ,ENA
0xd95ca2525b9529761f0b6efb34b11a622c7428f4,200 ,0,0,0,200 ,ENA
0x4c3e23877bfc35aa21dce1bd3c44adaf65d85b77,200 ,0,0,0,200 ,ENA
0x7550f58cbc7aebad32575dc01afb3a5a9bb03ced,200 ,0,0,0,200 ,ENA
0x579ab6d0d6ec0d7354276ca3d0c0c9539d457d72,200 ,0,0,0,200 ,ENA
0x02b5d7e13bf8e9d0356c965a34ebcc00fadc42fc,200 ,0,0,0,200 ,ENA
0x9e9477b33ef1842636103e56da4d799d45053cad,200 ,0,0,0,200 ,ENA
0xac0f34e54d005bede735efb6d8e024761dbd9b9c,200 ,0,0,0,200 ,ENA
0x9ed78cc5bd23a94954063b21aab9b23d7adf610d,200 ,0,0,0,200 ,ENA
0x6bfbe9ca884eef9ab3d718fd5d12203a5172ef85,200 ,0,0,0,200 ,ENA
0xc701fa19efce7622790cc8baaa0f95ad77f58d0c,200 ,0,0,0,200 ,ENA
0x644908c8b9209306b59cffa0c792b0991306fe24,200 ,0,0,0,200 ,ENA
0x6f80d87426d35d965c27396b39ccff480ef83a66,200 ,0,0,0,200 ,ENA
0x5fa93c600a35aea4dd4a204568ba6dc1bd613d84,200 ,0,0,0,200 ,ENA
0x3f6eb6c71f9e64808c8789001fd87034c301c515,200 ,0,0,0,200 ,ENA
0x489e8e0425a018352b8f0bc45ee70810f8dae155,200 ,0,0,0,200 ,ENA
0xfa106f38490b6e60f146ab272215b36b10c94a90,200 ,0,0,0,200 ,ENA
0xef7e10a17cfa71ec72324b03571ba91e6a6486ea,200 ,0,0,0,200 ,ENA
0xa7fe0993201fe686fd24692040cedfe607fd0c93,200 ,0,0,0,200 ,ENA
0x4ac724bd18d7e11621926833c08c98bf45a2dd42,200 ,0,0,0,200 ,ENA
0xf10359b54ba32d01d8edac24870741e0bfb8c36c,200 ,0,0,0,200 ,ENA
0x82c766dcf46deac5f1d22821a54cb868ed0e6672,200 ,0,0,0,200 ,ENA
0x876c56c1bf06b2cb606ed6147d492b97f7e55b49,200 ,0,0,0,200 ,ENA
0x67927bc9db34e645a031c5e530513c7cd11f61bf,200 ,0,0,0,200 ,ENA
0x821fc889b61bda720f11bd8ce971862998b4d763,200 ,0,0,0,200 ,ENA
0xfb7d31b3ebdb9ac34b32b78180fb815a1193bb52,200 ,0,0,0,200 ,ENA
0x9030fda4e47a83b21bb594bd449875ded5f8dcf4,200 ,0,0,0,200 ,ENA
0xc48e21daaf813d609d8c4e42a7511682d7792766,200 ,0,0,0,200 ,ENA
0x66195c666f9aa882f2b2cce5d37a6eea77f04bcb,200 ,0,0,0,200 ,ENA
0xea9e4a4910e2fca68a02b43836de636b7b76e8e8,200 ,0,0,0,200 ,ENA
0xe82dfe5eb696dfff3559bc338db4fa00951bbaf8,200 ,0,0,0,200 ,ENA
0xbbe336959f03ff5526982dab5b0246583a5c10ca,200 ,0,0,0,200 ,ENA
0xbfa787503fff1f32fe7ae542a8cb9cf702dc638b,200 ,0,0,0,200 ,ENA
0xd807c15f187f481ea30f0446571db3614ebc8b2c,200 ,0,0,0,200 ,ENA
0xd74f56a05723a50d9e0b9da82e9925707a877658,200 ,0,0,0,200 ,ENA
0xc0934df5c2f83c3343e84e33e6b710d19f05c786,200 ,0,0,0,200 ,ENA
0xc6d6b998bb7f3d001d1a72323bcb8571e0d207e5,200 ,0,0,0,200 ,ENA
0xc53090c5f29cabc8750752ff0a9e1effa08f77d7,200 ,0,0,0,200 ,ENA
0x7466a45e2de41103ff68b0ecfc2e8d7082a28705,200 ,0,0,0,200 ,ENA
0x886c5911caeb70e656345cdc997035ff90f27eb0,200 ,0,0,0,200 ,ENA
0x2a836cb19d619594a2921885187941880615f578,200 ,0,0,0,200 ,ENA
0x60247aac910dbf741f45fc72e868bcb00984e91f,200 ,0,0,0,200 ,ENA
0x3f4c6155e8548c6f16e638ac3a9004a0de636e1e,200 ,0,0,0,200 ,ENA
0xfe41a9497c4f6c496b088919f9dc1ad0471abad1,200 ,0,0,0,200 ,ENA
0x5d5b25d2976cf994b965e7442fd77676aa178fe5,200 ,0,0,0,200 ,ENA
0x87d34ff4f7bc7bc619301c582ef6872373723c4e,200 ,0,0,0,200 ,ENA
0x6720d675341c50b432719a2e3cc7ca357f421199,200 ,0,0,0,200 ,ENA
0x9ec7fcabe3d76606960ffb254cf850b005afed90,200 ,0,0,0,200 ,ENA
0xc47fdc29f30ed697a198c214f95e3f7b84e2e479,200 ,0,0,0,200 ,ENA
0xd8202769cea5415389c67823c94b6e8e83fdacba,200 ,0,0,0,200 ,ENA
0x1b9a4a1a5e11de66dcce6e01495525a5a3fcf449,200 ,0,0,0,200 ,ENA
0x2e20839d820eb435efdb90077940952417882101,200 ,0,0,0,200 ,ENA
0xc981b3844eca98591b9047dba121aa360791a8ab,200 ,0,0,0,200 ,ENA
0x00f0f46b9dcce96721c4de1cbab262116395d311,200 ,0,0,0,200 ,ENA
0x73b548e58f005e23c3b56d0a4d4b166ead87c612,200 ,0,0,0,200 ,ENA
0x39c5fd1ea093a7ea4a192c0ea9c1f08ab52390c1,200 ,0,0,0,200 ,ENA
0xf9590a3328876e23b750b68b79600e6aab3b2385,200 ,0,0,0,200 ,ENA
0xd40ca9c3d6b87e06cccc54b508ed9c5b37721821,200 ,0,0,0,200 ,ENA
0x953cb21bc4ff7b09f97c92609526f13997c5c1c4,200 ,0,0,0,200 ,ENA
0x2febbb558ba0aea952e68b0d0063cfa5d9238b18,200 ,0,0,0,200 ,ENA
0x6001a92fccfd550cee95a787684e0c4838a1df6d,200 ,0,0,0,200 ,ENA
0x0bbcfb3cd1e4df69b152db13ad267d0f83684fe1,200 ,0,0,0,200 ,ENA
0xc7490f2d7e773f579c8471dcc3c7210ef76d311e,200 ,0,0,0,200 ,ENA
0x32299b8a818976b2c3a99b6a668e32c34432c089,200 ,0,0,0,200 ,ENA
0xc4669772b463304db6f450b6ddc69c5b21ca5a2f,200 ,0,0,0,200 ,ENA
0xce0b8cdebe612c7719c6b5acc25199628881e9fe,200 ,0,0,0,200 ,ENA
0xc48402ff0d336ca9bff54246dcefc464cbdbfbd6,200 ,0,0,0,200 ,ENA
0x2c0badc1679fb7666e4705ef3c0084654bc81673,200 ,0,0,0,200 ,ENA
0x1deb5eb17ae6105da46ee15925f113fe94100f48,200 ,0,0,0,200 ,ENA
0x13f78fac201f484ae20096dbad6daadc816336ba,200 ,0,0,0,200 ,ENA
0x44705ad77e5c2b77ea5a9a4b8923e4ecc41d3bf8,200 ,0,0,0,200 ,ENA
0xdb5221d9c5eeadb79ccdea2b432016a0d2d9e616,200 ,0,0,0,200 ,ENA
0x780f042e6b91aab757ecef95bfb0cd43894fbfa4,200 ,0,0,0,200 ,ENA
0x3a377fd60a044bb5929e1b30a7e6d08c7d0937bd,200 ,0,0,0,200 ,ENA
0x2e78af833c8c3fb71184deb8f312f5b01622e692,200 ,0,0,0,200 ,ENA
0xd2f766848b299169ddef9598a71257cd8695eeb6,200 ,0,0,0,200 ,ENA
0xb5994596a3f80627a696c5b645072543d18a165d,200 ,0,0,0,200 ,ENA
0x4893ff96a6ec03844bf851411e35bd159a15adc7,200 ,0,0,0,200 ,ENA
0xf5063003ed48a2e141b47711974139eb619d009d,200 ,0,0,0,200 ,ENA
0x57642dee733a6b7221e0f52f9937cc683ef0441e,200 ,0,0,0,200 ,ENA
0xfcec6d0797f6d05cd96cda1e1c41262e9a5956c3,200 ,0,0,0,200 ,ENA
0x8ea26d047ced41b0593f4fb0ab331d044661cd69,200 ,0,0,0,200 ,ENA
0xa9909e772c333af2de20bf8b9fe63185e92e2dff,200 ,0,0,0,200 ,ENA
0x5ae05a7999728f2abf952bc3f88e2cfc1f532a8d,200 ,0,0,0,200 ,ENA
0xe2a1abe566919c428186e5ef2cb0c5f3c49a9317,200 ,0,0,0,200 ,ENA
0xa7fc56c795f48e6828927e99d386635fc86c8673,200 ,0,0,0,200 ,ENA
0xc2a2cc206605fa39986a0bd307c8914123b3f629,200 ,0,0,0,200 ,ENA
0x187b04cdf2a6dc4923b8ec3ee65e0482e41b895e,200 ,0,0,0,200 ,ENA
0xf3fc494ef8ddfc89cf61b7281f05a63fb2899545,200 ,0,0,0,200 ,ENA
0x9344766d153e0230301f22660d58153456f05d4f,200 ,0,0,0,200 ,ENA
0xaf227f74b0d876ab154024724500c4600fef6f24,200 ,0,0,0,200 ,ENA
0x9ae2418e8833f85c536013fa090555e0c911f9fc,200 ,0,0,0,200 ,ENA
0xf19b947a6d91727193c8277121ee17d092d5f00d,200 ,0,0,0,200 ,ENA
0x82edf8089a24a155d5edd9d80380621f629c6bd6,200 ,0,0,0,200 ,ENA
0x1711277cbda81b5e639fa783a328a40dac29ec69,200 ,0,0,0,200 ,ENA
0x4bf737495ae4826d9fd2222eea2717b6c08b2b29,200 ,0,0,0,200 ,ENA
0xafd101935c6ccebb64bf70abe60971f51898925b,200 ,0,0,0,200 ,ENA
0x491430cb237571b42991525302f37fc402e53526,200 ,0,0,0,200 ,ENA
0x826853bba50c67635d8dbb8e93f5f9d3926bf906,200 ,0,0,0,200 ,ENA
0xf590902cbae71da46d7d3cc941e524af53cfebfc,200 ,0,0,0,200 ,ENA
0xac3b49e1534aa1f10468023f61ecbb863d685d8e,200 ,0,0,0,200 ,ENA
0x01b99a5c523194bf16769c0dd87dac92dcccbd5d,200 ,0,0,0,200 ,ENA
0xb4e14a8c9c127a4c09c3c78f71d6fd6f22961527,200 ,0,0,0,200 ,ENA
0x131d61ff0ba857c86e00bd2ec402b02c40934070,200 ,0,0,0,200 ,ENA
0x9761963a225f912be6e338964b9df1de230b7cb8,200 ,0,0,0,200 ,ENA
0xd76dac6b1cf1bf618f7b68e3f393ff1fd35da5ca,200 ,0,0,0,200 ,ENA
0x144c61b811c30eb7c74df0fb6955e80cad298a27,200 ,0,0,0,200 ,ENA
0x9436633500a99c498ab9f238bba32685d29f1dd1,200 ,0,0,0,200 ,ENA
0xb6b7fc4dd6b6eb347f492a302a538f503015ceaa,200 ,0,0,0,200 ,ENA
0x10eb5f10fc53cc1ae8b892c4c466c4f1a5d93979,200 ,0,0,0,200 ,ENA
0x56bfd4413c5d8d18bbb0a333e797413ebf9e627c,200 ,0,0,0,200 ,ENA
0x4862ca070a55ea2fd8b2a83c4d88082349f054b2,200 ,0,0,0,200 ,ENA
0xe6dce1c2877101c749f673d263ce17125b0141ad,200 ,0,0,0,200 ,ENA
0xd95d3fad483c380674a68fc15fdbb8fffd3517de,200 ,0,0,0,200 ,ENA
0xa2c461f1a8080819de2e1eaf2b645e2e8c34729e,200 ,0,0,0,200 ,ENA
0xeacd23596a45215a0f4871f81f7a73fb9ecc78ec,200 ,0,0,0,200 ,ENA
0xa0d497a77244494185c4707bdae45f34f6bff892,200 ,0,0,0,200 ,ENA
0x3bfbe9bfdc94e4b034470ddadf0228a5ba6fbeea,200 ,0,0,0,200 ,ENA
0x7b037691cb215c9fae4a7b6c98f173babcadece4,200 ,0,0,0,200 ,ENA
0xab104091d1f57e1b9a40c2136310df6b316c3a4c,200 ,0,0,0,200 ,ENA
0xa41b8edf5daf609ce5dfe5e7ae675bfc0a8d1d32,200 ,0,0,0,200 ,ENA
0x24ba694a684d1ec2c3b0d9b01dd73838e7f1b80f,200 ,0,0,0,200 ,ENA
0x655d17b9095b4695653c22c93714a34fa1671234,200 ,0,0,0,200 ,ENA
0xcab16e1b235c0f997cde389bb96027de66a3f420,200 ,0,0,0,200 ,ENA
0xb3a60853cffab43a0154a33ab10c498084bce8af,200 ,0,0,0,200 ,ENA
0x1911093684504fb27d19bcae355f5b5cbe440d63,200 ,0,0,0,200 ,ENA
0x05dfc47b35f2a5e81937386d10567215acd66c3e,200 ,0,0,0,200 ,ENA
0x3804eabdced9eb27a6748e8a1318375400c7b6de,200 ,0,0,0,200 ,ENA
0x7af963061ee0fa77a3148e57afa1829e9347b2e1,200 ,0,0,0,200 ,ENA
0x8c708123069f0cd8f9eb02f9b9c2f45d79fcd73f,200 ,0,0,0,200 ,ENA
0x815c87ff7ee30f7f4857656a54b80008ab1586cd,200 ,0,0,0,200 ,ENA
0x8e296dc7df74f717c0b51640d15504dca0d6e57b,200 ,0,0,0,200 ,ENA
0x32ae55558d7a2c21da86887da193063d686c154e,200 ,0,0,0,200 ,ENA
0xab618e2389d0494d790cbd0457f026725af49c35,200 ,0,0,0,200 ,ENA
0xb095b843031a6d0cc2129ac1347b7100b96ec4d4,200 ,0,0,0,200 ,ENA
0x1bb0a71c0d545c42d41725addb6334a5b7911d85,200 ,0,0,0,200 ,ENA
0x6c1c7a2f2f43c3bab52e42646d1b6eac01c5d0c4,200 ,0,0,0,200 ,ENA
0xd0be3a1cbba0ed043527560de4187672a1bac56c,200 ,0,0,0,200 ,ENA
0xe1aa4bcc58bfc16cfe4e0851de45c2d681daf3ab,200 ,0,0,0,200 ,ENA
0xc84188b3d7cc8f8d18bac9432579a6d3d1ae859c,200 ,0,0,0,200 ,ENA
0x093d6773905d0dbe0939230cad53c0d576e531fc,200 ,0,0,0,200 ,ENA
0x96595eeab0c9f1ec568cad0832dbbba43a31e83f,200 ,0,0,0,200 ,ENA
0x6df9971bfb42c312c9aaebd080d77b2b85867686,200 ,0,0,0,200 ,ENA
0xf36970710e9ff306eef84a37c633de4b2c84281b,200 ,0,0,0,200 ,ENA
0x8c093fe751af70143151bd20d39f499a224d6c40,200 ,0,0,0,200 ,ENA
0xf09a04ebb770d1208333f5094e6b8c41e01e73d6,200 ,0,0,0,200 ,ENA
0x509879293045bb0410bcdd58deadbd0688be91a9,200 ,0,0,0,200 ,ENA
0xc2ff445fcd94e79768a6390e5db27bf566b184a9,200 ,0,0,0,200 ,ENA
0x774b14572f6ddffb0565a5ba17dc21620a91367d,200 ,0,0,0,200 ,ENA
0x223a7fbf8576cf0f70303254a6b951f9369d2bc8,200 ,0,0,0,200 ,ENA
0xb8cd1cf509b2f9b5858d9e304b15e2341aec5cd5,200 ,0,0,0,200 ,ENA
0xc25dd18ab8abe7a12b4dd39af4e21f1c032fe33e,200 ,0,0,0,200 ,ENA
0xab9320296695286269ac5d2c4786260772c4b258,200 ,0,0,0,200 ,ENA
0xa8f62bd7b9f96d3319d77e7e0179cfba086b6d37,200 ,0,0,0,200 ,ENA
0xe7a16a9b43db569f0fb7af7dac135318188e850d,200 ,0,0,0,200 ,ENA
0x1a5d03ad316381c640842c7954ce78106cfaba10,200 ,0,0,0,200 ,ENA
0x8779accde4eec0268849ab069666361d2b174d68,200 ,0,0,0,200 ,ENA
0xec53f3c07831b6aac9f771ca40e01b59af555729,200 ,0,0,0,200 ,ENA
0x26502a61c691b79321bf635d6f76506563f98cee,200 ,0,0,0,200 ,ENA
0xf9a72fe5f94e58eb6aed97e63c071fbbde486a61,200 ,0,0,0,200 ,ENA
0x4a2e043bccd5dbb52c2cd547a5cd5363bc327d73,200 ,0,0,0,200 ,ENA
0xbaee389d87f4008ec307801066f5f15f65262d95,200 ,0,0,0,200 ,ENA
0xdf2ca481538acbf0c7e0415e74c9584032f56ba1,200 ,0,0,0,200 ,ENA
0x624192f5cdf104346e5491704891d0ebae808b4f,200 ,0,0,0,200 ,ENA
0x8bd8a9f45cfdc03472f15068c5744ff800fc1fbe,200 ,0,0,0,200 ,ENA
0x08be98769e8c979dfdc2f17ee778986d6123309c,200 ,0,0,0,200 ,ENA
0x85a0647d95f7611be2a1fe46302bfb5e6efc6107,200 ,0,0,0,200 ,ENA
0xad58e3f1af3d158493e10fe0be2ab1d97f0dd494,200 ,0,0,0,200 ,ENA
0x25a60ca2abe4e73780c21a8b825a06faf75123fc,200 ,0,0,0,200 ,ENA
0x0bd6fe7f1284375749296c0407ca3dae1e5c0af0,200 ,0,0,0,200 ,ENA
0xf6987b043c5eb038c8a3004eed9bb6b1d79f747e,200 ,0,0,0,200 ,ENA
0x4b66840d77fed37bbca7db5e6b679ecaedb96ae1,200 ,0,0,0,200 ,ENA
0xb52bd1cf2b6962665010f73158ec513e00195991,200 ,0,0,0,200 ,ENA
0x20d0800ed175da3a806b77f87cf269a0e47637ef,200 ,0,0,0,200 ,ENA
0x9df94885dea449be0f75e244a92b1404b9d512e4,200 ,0,0,0,200 ,ENA
0x092f41adbee5b5c2d7f789327c7210e9755c34e2,200 ,0,0,0,200 ,ENA
0xccada23c6558cc80336a71e2aa0395f7bd7b8264,200 ,0,0,0,200 ,ENA
0x441e0a74ba39dfec632bbd4ca98ce3393cb11a1b,200 ,0,0,0,200 ,ENA
0xc8894ba8b48fff0609f412a7a3de94ee4f41fc84,200 ,0,0,0,200 ,ENA
0xf742c880f79a60b8e76c1c187c10719365464a51,200 ,0,0,0,200 ,ENA
0x99320c71ec6c5f11f27c159a9346074a60dee60a,200 ,0,0,0,200 ,ENA
0xd75c9c053f5acfee14205829e500fa7ecb9bfe2d,200 ,0,0,0,200 ,ENA
0x1c0258cc7e83480ca7f0156fa87df89e9f45827d,200 ,0,0,0,200 ,ENA
0xcb7806fedcd3b0d70210d3dc874a24f5eed69f7a,200 ,0,0,0,200 ,ENA
0x1516b2c88d0eefe4a240e448873d4aa8c5bf1c31,200 ,0,0,0,200 ,ENA
0xca941d819e09535422304aebd941e5a51d57fa7b,200 ,0,0,0,200 ,ENA
0x8bdad4caab675968b8b85a80c1ac67e12e70ffb8,200 ,0,0,0,200 ,ENA
0x4844e2431cf90075608f8e51a9fb7214e1403e1b,200 ,0,0,0,200 ,ENA
0xbcad0914338b6aaff27f5fcb6de531e22c517353,200 ,0,0,0,200 ,ENA
0xcdc636c831ce4e611ad5098fd692b873337133b3,200 ,0,0,0,200 ,ENA
0x7b27fcbe7e1042e494515db3e252db483319ebcf,200 ,0,0,0,200 ,ENA
0xdc6df3d19afdd63d61df98e23d53e610f863e079,200 ,0,0,0,200 ,ENA
0x1063e1921f0e8037485ed066c3bd6ded89e49d98,200 ,0,0,0,200 ,ENA
0x2b829412de4a1e12ef1bc9d3ecc1fa045212b295,200 ,0,0,0,200 ,ENA
0xe27883251780f4554fcbe086ff37815170f560b7,200 ,0,0,0,200 ,ENA
0xd6a3423d2d299d09e0d0db38750ae2618671abda,200 ,0,0,0,200 ,ENA
0x694a121c395fb66dba1a72ada5b1ce26010d0c57,200 ,0,0,0,200 ,ENA
0x7c1b4a9a223b5ab96244e2cd96192c8328e36a6f,200 ,0,0,0,200 ,ENA
0x0c1cab35e2b5406d4eb54a8c153c3677825d76dd,200 ,0,0,0,200 ,ENA
0x0cbb5cf267452c5a749be9177ad757b92fe90972,200 ,0,0,0,200 ,ENA
0xd143d39d133d1c56e3a798a751dc9a050f00b63c,200 ,0,0,0,200 ,ENA
0xc62e43c40518b58f958bc8539b6b6301dea95ed9,200 ,0,0,0,200 ,ENA
0x2736a3efa82a92c1fae2fd76166b4b75bf19241c,200 ,0,0,0,200 ,ENA
0x00b12c539da9ee30352b981343b0c7c956e9850e,200 ,0,0,0,200 ,ENA
0xbd8f046ea3c216722f180daec3d564d7d8dec6d3,200 ,0,0,0,200 ,ENA
0x7f0bea2b67738fdf50b116d1a73b0ab84de99872,200 ,0,0,0,200 ,ENA
0x216690d5fd5efac7642a2a3adc19809287052385,200 ,0,0,0,200 ,ENA
0xdc33ec47e3753dc3e2b5a436d86585085eea528f,200 ,0,0,0,200 ,ENA
0x6a1e696265368871efa9bca5d71594f56491e3e8,200 ,0,0,0,200 ,ENA
0x9d69395596ef1aa6f748c76a0eb72e5c254b1597,200 ,0,0,0,200 ,ENA
0xbb89bda8541c0e2fb4d744a5c68c557e1b858ed2,200 ,0,0,0,200 ,ENA
0x100d309a7cb6b357f6aef664ea471d25b18524cf,200 ,0,0,0,200 ,ENA
0x7994ec647fff014653bb804a1914f2bbfe6302a6,200 ,0,0,0,200 ,ENA
0x35438ed3993580dc0f92f0e5275fef643ec4b709,200 ,0,0,0,200 ,ENA
0xa8a733b7ac1d7edd078f5750387d90a2ab0a79b5,200 ,0,0,0,200 ,ENA
0xbaff4aa111369afd3a8541e8f9aadb231100bdd2,200 ,0,0,0,200 ,ENA
0x37827ab3463a9fc95b9a7f53ab9a83698b88fbe1,200 ,0,0,0,200 ,ENA
0x761593aef0e6dec0bd5a68177da3fcc50ee97b3c,200 ,0,0,0,200 ,ENA
0x9a0fe1cc152fdd60b6630acb59d40f597af7e8ad,200 ,0,0,0,200 ,ENA
0x54a7785e11d43e72642ac369ad16a3e2637f8afb,200 ,0,0,0,200 ,ENA
0x39587283afd80193d5249ae6bc16070b784f0cbd,200 ,0,0,0,200 ,ENA
0xe72fb7e10b159fe712b8f32e6e5b0446c2ca777e,200 ,0,0,0,200 ,ENA
0x89e4aeb66ea61f06794d57405eb7fc1a92b7c492,200 ,0,0,0,200 ,ENA
0x51466c3c67e4927f90d3a18ef02ad987be41de64,200 ,0,0,0,200 ,ENA
0x66f5dad1b0bf0f30e04b728a0bcdc611a0c50402,200 ,0,0,0,200 ,ENA
0xc60dec3fb928289e847822aeb686d5f9a672bce0,200 ,0,0,0,200 ,ENA
0x6bcf26dbf8c7a73a508dc90d7c3b38aab2177471,200 ,0,0,0,200 ,ENA
0x3471577c95418f2ea551ffc52a81a1db48988871,200 ,0,0,0,200 ,ENA
0x4575b0f910b0eb2cd097175baa0fcd1e8c37bc61,200 ,0,0,0,200 ,ENA
0xe67c80abb0032de76bb526add4f489115f67fbfb,200 ,0,0,0,200 ,ENA
0xaad1aededd7dc158e683462fecdd539ddb917390,200 ,0,0,0,200 ,ENA
0x192bb00b7339262a68e558b437d09d461c679395,200 ,0,0,0,200 ,ENA
0x8e312a0da1feccc0441b7e775a2599c20f22bd38,200 ,0,0,0,200 ,ENA
0xfcd985d7ac704668c35cf11ef1406015dcef5436,200 ,0,0,0,200 ,ENA
0xc96ebfae232706940f19cd004b519d56be9c46d4,200 ,0,0,0,200 ,ENA
0xf4ef7c25b9b8507ce2d4bbc5b1533c50161f0f88,200 ,0,0,0,200 ,ENA
0xcc7d5d166a2504524e1d598719fa0a57ad272a19,200 ,0,0,0,200 ,ENA
0x06717b1d07cdd5fe7b7478fe0363c54ce20a8395,200 ,0,0,0,200 ,ENA
0xd945c37de8d5d38dc18d9fd9ff48490e79ae64b3,200 ,0,0,0,200 ,ENA
0xca41767cb21c229ee77031e54ba3ab2faacb9971,200 ,0,0,0,200 ,ENA
0xd50239ccfa607404a759a0903a2cd4d59eb1f935,200 ,0,0,0,200 ,ENA
0x354f38069d742d03329807dd616b8bc74dccb813,200 ,0,0,0,200 ,ENA
0x93c47bccbd36b1f9034cbb7d982cfcf19716a1c2,200 ,0,0,0,200 ,ENA
0x6585e102ce2c9738894d6e4923bfbcf87951d657,200 ,0,0,0,200 ,ENA
0x1de62933666f28a2ff5b09c9eefe6cdd1d7f1284,200 ,0,0,0,200 ,ENA
0xed0b51479f677bff2b90009aa46049a2c443f7e2,200 ,0,0,0,200 ,ENA
0x958bd8d820b6e72ea5bb785fc0e62a37a46b4f75,200 ,0,0,0,200 ,ENA
0x9bf468c9b1dde0007bb18c57ef9b7925239f35a8,200 ,0,0,0,200 ,ENA
0x2a9901fae7545dd0854718873b420dead6ef21e9,200 ,0,0,0,200 ,ENA
0xa5d0726690639682e48d35c0e303b3e60161dbe1,200 ,0,0,0,200 ,ENA
0xcbe308b930c55e90fd7d2f583c2ed94161313795,200 ,0,0,0,200 ,ENA
0x8fec55d4638162bfaa3d765fea849619d34c9809,200 ,0,0,0,200 ,ENA
0x23e5871c4a030dc2e57bad5850f5c652d8ac0dbc,200 ,0,0,0,200 ,ENA
0xa2e5b6b59223bc966a14e61781cce07d2b22fe03,200 ,0,0,0,200 ,ENA
0x940fbb8b35ef8490b25a9cf0644144f2b8696284,200 ,0,0,0,200 ,ENA
0x886c22dc199ead87db5f5661657c9c58f804b845,200 ,0,0,0,200 ,ENA
0xbd8f557f1ea7f49d3d7fb8aeacf06b2d6ddc9b1f,200 ,0,0,0,200 ,ENA
0xa81453fac6bdfca2f193e87776803bc7ef0c7d59,200 ,0,0,0,200 ,ENA
0x6b2044c08f1938f74288336b332d3a8c7ba76dfa,200 ,0,0,0,200 ,ENA
0x73c2ab5257191c73599342f0710645cc4b7fdf60,200 ,0,0,0,200 ,ENA
0x5791514f13c23d2a7785eb3d1c288b07266817e5,200 ,0,0,0,200 ,ENA
0x5c7f53fb0228ec4029928c502a8a0a5a84636662,200 ,0,0,0,200 ,ENA
0x71f956a50a5f5981637300724d637f22e91623fe,200 ,0,0,0,200 ,ENA
0x1b60dc2564a0bd534c2dfce89b3c6aec3ef8e84f,200 ,0,0,0,200 ,ENA
0xecf13b0bd540e3d995b1470638c826a8de0efccd,200 ,0,0,0,200 ,ENA
0x7f3729e0440cba3aedce80a251b84aeb8306b7c5,200 ,0,0,0,200 ,ENA
0xc2e28fece3587bf33fbbbd58556510b4fb6408d3,200 ,0,0,0,200 ,ENA
0x54fe89107471669796fc97dc524b8b8272f2bd55,200 ,0,0,0,200 ,ENA
0xe56706bb4b318bf1f82a6a0bfef38870df008db7,200 ,0,0,0,200 ,ENA
0xfdfdc30fe2a9e8e65cfb1da657534c5f0e2eb22e,200 ,0,0,0,200 ,ENA
0x7ecaa84bf831276cd5c0d5f30fb7b2f65dd1590d,200 ,0,0,0,200 ,ENA
0xc28fbe20c84377aa90b69513bc55bc208057ae18,200 ,0,0,0,200 ,ENA
0xcae56cf729321100524a129f64f9d916ddd7b706,200 ,0,0,0,200 ,ENA
0x1ed02268e94cc662285d871192d71ba1310fa771,200 ,0,0,0,200 ,ENA
0x490651c0ff50932e77f0097c99b0e47a0566f7a7,200 ,0,0,0,200 ,ENA
0x89bac5b9970ba9645bdf0e805ada100e62dbfc49,200 ,0,0,0,200 ,ENA
0xcee2c72e7bb9241165afb80a0427c3f7a675665d,200 ,0,0,0,200 ,ENA
0x8838b19fcffe6907b9bb5952fe29fa7a885d26df,200 ,0,0,0,200 ,ENA
0x8a29d4e52a23c69ecc705bce3cca0d2b42faa23c,200 ,0,0,0,200 ,ENA
0x856b31eaeb8579efe23626d768e99c631586f9e5,200 ,0,0,0,200 ,ENA
0x2ab55be895d03101b0f4536d74d48f501ac73f0c,200 ,0,0,0,200 ,ENA
0xfda9d8ccf8d554b0d04198bc8ae67bd360883315,200 ,0,0,0,200 ,ENA
0x25dd171d50b5ea1984c427a878498dd1291678d2,200 ,0,0,0,200 ,ENA
0xba237cd2e497e0e20837d16e6c089e5bba349aa1,200 ,0,0,0,200 ,ENA
0x5a0dba5cb25d669d67a44b2098ed1d4b3e973c44,200 ,0,0,0,200 ,ENA
0xbc14bf4b998563c609c0096b09bff85eb739d191,200 ,0,0,0,200 ,ENA
0x01b554d75b9d2aa1c97592b3eaa44498d7033b29,200 ,0,0,0,200 ,ENA
0x243752cf8a2612373aef8d17b8c474214ba3ce24,200 ,0,0,0,200 ,ENA
0x60605545aeae23f00e24f4976a9f53cee540567c,200 ,0,0,0,200 ,ENA
0xe8dde73dba6dbb0a55c3819b939567db03ec2b0a,200 ,0,0,0,200 ,ENA
0xab989e20976a18fc414a3db87b27cd9c118dc73c,200 ,0,0,0,200 ,ENA
0x0259ce197854a8bdffe399a33a8d276be6d3e09d,200 ,0,0,0,200 ,ENA
0x1596488c13be84dc622bb8f712f9f34ccd2555d3,200 ,0,0,0,200 ,ENA
0x177ee42f458c3b0ce4708f275d6d4bf73088e2c4,200 ,0,0,0,200 ,ENA
0xfc9ece45e6ce6f40a44e922559ecd55c7ec3358d,200 ,0,0,0,200 ,ENA
0x2007dd46617634181ed219eb0c1917eb5b55be33,200 ,0,0,0,200 ,ENA
0x31d36b5e4db2a4892f01b773aadc5c4954a6f005,200 ,0,0,0,200 ,ENA
0xe21926ab75c688e66ae62471e1d9a85a9de2d529,200 ,0,0,0,200 ,ENA
0x2b3bd51393e0095af33e4e77334665de0152c2cf,200 ,0,0,0,200 ,ENA
0x48ddde20873f8e9fc9804c0e7ea6797d976519ff,200 ,0,0,0,200 ,ENA
0xf182af367e5fd4db42f0d710eaf6d5b6880886f8,200 ,0,0,0,200 ,ENA
0xd9f46d768b93b5910c2078e18e53b27e9e802f50,200 ,0,0,0,200 ,ENA
0x09e271d76bb1647d4ed9400d868cc2108f1b83a1,200 ,0,0,0,200 ,ENA
0x11948582a824e7437d95036c3645aabd9ad50347,200 ,0,0,0,200 ,ENA
0xdce9e00e103db90adcf2f6ec4100221180106889,200 ,0,0,0,200 ,ENA
0x2a5a6cf15d284d818eefeb6282756178f271ed6d,200 ,0,0,0,200 ,ENA
0x1dd49958510637fc568145a352dd820bb9e1a0f7,200 ,0,0,0,200 ,ENA
0x5de0714b4588ba31c4e6657bd77a67fef52c43fb,200 ,0,0,0,200 ,ENA
0x437ee1d6d2058c9b4919afbca2acd10ccbce7714,200 ,0,0,0,200 ,ENA
0xe82cf17c4b7a267e9e9f24ad00db32f34f362ab2,200 ,0,0,0,200 ,ENA
0xb128c7891de51fc3969a7ae030421c764178801d,200 ,0,0,0,200 ,ENA
0x2e58c4b0fe479e70238232bffbae6246af1c7e5c,200 ,0,0,0,200 ,ENA
0xca1ae7d04f403f124db8c6bf2180025f47eb7320,200 ,0,0,0,200 ,ENA
0x7903a6af7dd17000d3bea2147f1b1fd1d41b6d25,200 ,0,0,0,200 ,ENA
0xc789da793362fbe50db3d1be107daa00b5e4747c,200 ,0,0,0,200 ,ENA
0x4b44261ee726e682fbd846f168a7e1ce4baec41d,200 ,0,0,0,200 ,ENA
0x773a59efbdd7178746624eff39ec5694782e986d,200 ,0,0,0,200 ,ENA
0xeccc940b42155ea97cfcab08a0d5f9705ac5bf02,200 ,0,0,0,200 ,ENA
0x115e4a90c05cb33bc3f03c23badf4fa5bf03a864,200 ,0,0,0,200 ,ENA
0xc125219d390e20f2d3949d868ac6df824ae8cf92,200 ,0,0,0,200 ,ENA
0xfb523b501048b2131771a08535c74729b54f3602,200 ,0,0,0,200 ,ENA
0xe078a94914c40e81305e480f6c9ead699edf979c,200 ,0,0,0,200 ,ENA
0x13f9a95badd64b80c655f503e37fac7adccc629a,200 ,0,0,0,200 ,ENA
0x2633cd54b395c1af48069c0245c2658bdbbd8714,200 ,0,0,0,200 ,ENA
0xcc81a2a7b396124f8dd8aafdde715c7cf28e6d87,200 ,0,0,0,200 ,ENA
0x9107ac59ed0ebb88d192fa77659f8c01f4ad4500,200 ,0,0,0,200 ,ENA
0x245c37f357d8098279adc8c52dad24801c313072,200 ,0,0,0,200 ,ENA
0x574d5ef0c59ddef3eda48c6e3e11546d8e19e73b,200 ,0,0,0,200 ,ENA
0xc87f3438f21ba9cb9d94f39a7b725abe75d45364,200 ,0,0,0,200 ,ENA
0x5f063c79b351a5ba3e6ef46a1d3be1a0224af1d3,200 ,0,0,0,200 ,ENA
0x0c877b62f8c04a8288f266d2059fbc0e48aeafc3,200 ,0,0,0,200 ,ENA
0x16ee05e18a0b94ca8a65352234f6214a2848b696,200 ,0,0,0,200 ,ENA
0x3e6b7a7a29d38f85857e8af83ff7cd4aa1433134,200 ,0,0,0,200 ,ENA
0x76d69d8529a0b64b3a5cabaa9a3d000679f4edbe,200 ,0,0,0,200 ,ENA
0x79b96c6266fc720b3ff633f3f3937863206aecf1,200 ,0,0,0,200 ,ENA
0xc0adcf0d42dde38f8701b4f10a85aded2f6f6784,200 ,0,0,0,200 ,ENA
0x42db78da6779f50527109019a9c776206d81b541,200 ,0,0,0,200 ,ENA
0xc35881381636713ebdb7fb25b5a4378e3c63f0bf,200 ,0,0,0,200 ,ENA
0x2e7e843b91973e47011dd47b1faf0d9ad624f4a7,200 ,0,0,0,200 ,ENA
0xeca1a857f4a80947cb67db5342f1ae764572f408,200 ,0,0,0,200 ,ENA
0x659aac41d49171cde1d223eeb8a9d7c0adebd89c,200 ,0,0,0,200 ,ENA
0x98abce61cf82106556accdef0e0bf6c290524957,200 ,0,0,0,200 ,ENA
0xf8d4ad9457407264a3bd29c53b9f2190e5c1eddb,200 ,0,0,0,200 ,ENA
0x395276c5b26225e1824d7f1ca587ed54cd111fac,200 ,0,0,0,200 ,ENA
0x7f3b6dd9fa10837154c7e7ddf21c93cf899fd6cf,200 ,0,0,0,200 ,ENA
0xa3368efb51a37d65520187e801779eca187812f9,200 ,0,0,0,200 ,ENA
0x65c0a78aa53d7a2a6caf648d3939f4acb6529b42,200 ,0,0,0,200 ,ENA
0x61f194f22c8bf126f44adebdb8bafc4066caef88,200 ,0,0,0,200 ,ENA
0xb4aef2c5aab32d0c4c13199e9e290c64901f93dc,200 ,0,0,0,200 ,ENA
0x19367e4ec28d35d96d74742d2d396b0ff069e4f7,200 ,0,0,0,200 ,ENA
0x25bed6aa65f5e6eb60f1ddb0379d5618482d0f29,200 ,0,0,0,200 ,ENA
0xd4af3430ca29e3f573a7171481326190139a8ba6,200 ,0,0,0,200 ,ENA
0x2d6325482879dc73e62ce9095b7a8805fb83d895,200 ,0,0,0,200 ,ENA
0x48dd71fff76703e69f33acba69cb04be178afe56,200 ,0,0,0,200 ,ENA
0xa95c4bfc630854ada672c14f4cec526d892d0faa,200 ,0,0,0,200 ,ENA
0xd58be386b187e3e9d98ea0296be3f5f3f715c2da,200 ,0,0,0,200 ,ENA
0x4c7a8fbc5ead90d18ff09e7c12bddbd89680e974,200 ,0,0,0,200 ,ENA
0xafb4b089bb8af3029b192c52f545c11303c8b7de,200 ,0,0,0,200 ,ENA
0x884af7bbd8699b65e71f46ec56b916551f880efc,200 ,0,0,0,200 ,ENA
0x0a283c06f0c0eea7140b1238bb5e5823b3fcd547,200 ,0,0,0,200 ,ENA
0xa58f0b4d2ee2ce44dc71c35a7e4b57816f9c8965,200 ,0,0,0,200 ,ENA
0x4e39d6e63e98dd73df5d4e20456d57ad78827b2c,200 ,0,0,0,200 ,ENA
0x0d995df21670ac8045e1f0a9331d78dc3297f701,200 ,0,0,0,200 ,ENA
0xa4e8e5153edc57eede4e9f1cb02ac1479cf047d8,200 ,0,0,0,200 ,ENA
0xfec80d79ad5d8d171040462a439318e5ff75c232,200 ,0,0,0,200 ,ENA
0xd6155c7803b71d3a3d7e5cd943e65ff080ff32ba,200 ,0,0,0,200 ,ENA
0x44431af71ec3ec87bb4af936f8471be63a6bd2af,200 ,0,0,0,200 ,ENA
0xbd00bc806ed452bf05271f357f0db3aefb7f65c8,200 ,0,0,0,200 ,ENA
0x833dbf200044ce5a5ce2a782fc7cf88495437ef5,200 ,0,0,0,200 ,ENA
0x9fc66241a3b2a63671c74109e713759ae2fe4869,200 ,0,0,0,200 ,ENA
0x2b6802c2c2c8a1ff2603da0465e8a369ad40ee68,200 ,0,0,0,200 ,ENA
0xf0332ae4751928db9e796643733578c08a1262a5,200 ,0,0,0,200 ,ENA
0xdec25ca361331523fc0f1f884a855420cc95b1fc,200 ,0,0,0,200 ,ENA
0xe662bd37942dad563990b01109f60fa6121c157c,200 ,0,0,0,200 ,ENA
0xc336a7898c4ee363b63e215eaf9bb4be43626e64,200 ,0,0,0,200 ,ENA
0x3887f5337815e6d4942be28fdd8231ae491829a7,200 ,0,0,0,200 ,ENA
0x59dffee03ad8be3df7584c8995973c7f845b8b77,200 ,0,0,0,200 ,ENA
0xf5feb0bcb7a9f4b1bd0ccf9b5b9ec5accb8eed76,200 ,0,0,0,200 ,ENA
0xbed2e5dc34dcc25f0185c978070b5ffdeff15558,200 ,0,0,0,200 ,ENA
0xb98a582b5c1c9cd5921a02ffb3d661a8980a9187,200 ,0,0,0,200 ,ENA
0x741252608b1071ed78739003d043484b9b286a9c,200 ,0,0,0,200 ,ENA
0x6ab99290f843b489c1d05f69750bed7e8f8d9179,200 ,0,0,0,200 ,ENA
0xec9f58c97a23111e9a10d9be79417c84db02c9aa,200 ,0,0,0,200 ,ENA
0x7e79c3711df43eeddd2fb7bd82c5e373503f3127,200 ,0,0,0,200 ,ENA
0x18fc939ea275ba1ed4ae52666ca93c00d9fc42fe,200 ,0,0,0,200 ,ENA
0x6854730848a8f515b15d1cf677e0cfa007c621b6,200 ,0,0,0,200 ,ENA
0xbb80bed1832d919f185143039763b565a933ec4b,200 ,0,0,0,200 ,ENA
0x75f8ef1532433239e55ffcc4ee3168422bfc3e7b,200 ,0,0,0,200 ,ENA
0x8a066219f51a96742fe1d5993f012017f88d7560,200 ,0,0,0,200 ,ENA
0x16ce919fb9ff5068f1005d7d4090a7c1bc740cad,200 ,0,0,0,200 ,ENA
0x9754538254c369e4936efa67aba6fbdfceeafa45,200 ,0,0,0,200 ,ENA
0x3fac41dcba1f935d295618e9aeefed88a8873fc6,200 ,0,0,0,200 ,ENA
0xae3b9816a11700b16990901763c3cb7b8af6c29e,200 ,0,0,0,200 ,ENA
0x378cfd7801e1fe7214a72a4915a1868bb8465707,200 ,0,0,0,200 ,ENA
0x7dc8eca03f1afdecc87ffcd9ce9f92bf106b14cc,200 ,0,0,0,200 ,ENA
0x00b8209680946ba59ca3d021ede07ed4e1897ae9,200 ,0,0,0,200 ,ENA
0x13af9bf76311f04fe262e1539da693d874e43559,200 ,0,0,0,200 ,ENA
0xc68f100f4d1ab87dda5e2412ae19f53d978a7a5e,200 ,0,0,0,200 ,ENA
0x154f450b781e4c61edb27235bdeaeafe87f3a7da,200 ,0,0,0,200 ,ENA
0x3389aeebf02db87b7c84ad6bf9f2e2937476ef20,200 ,0,0,0,200 ,ENA
0x6f34f4baeef1cc09c894cb38fd2ccfd9e1ac9a50,200 ,0,0,0,200 ,ENA
0x136a196d26a6ca4b5b0042e656d02c6caf968ef6,200 ,0,0,0,200 ,ENA
0x4b558962bd178d51c1a6fb6a3bbb92337cb8b7d0,200 ,0,0,0,200 ,ENA
0xd9ca894d3963e71c82c5f60459030ce89d2dc8e6,200 ,0,0,0,200 ,ENA
0xf5e2be3cc5d32fa1c53274c6e3ba266964097e17,200 ,0,0,0,200 ,ENA
0x9ab7858b47768d84eeb925ef8bb1af20c238e789,200 ,0,0,0,200 ,ENA
0xd435471b0c95cbf16a283b84f8d2cfc1b17eb6f8,200 ,0,0,0,200 ,ENA
0x3c628fc2611114798de94f8018b78229ae89cf4d,200 ,0,0,0,200 ,ENA
0x5cdbceeb5f37451923eff183adfa62c69e42f5c0,200 ,0,0,0,200 ,ENA
0x7f49c8faaf5f9c94711a18fe34990ccd293adce4,200 ,0,0,0,200 ,ENA
0x4c3100d68e79564d296611e055ba4eb3fc562fc6,200 ,0,0,0,200 ,ENA
0x3d93d5bacc1fbe12a9d0c8631449ab5412d94adc,200 ,0,0,0,200 ,ENA
0x03e0400d7966945aa86e599fea099f1475a62499,200 ,0,0,0,200 ,ENA
0xfb16f697f044584b45feb28d7c9cbc8fb0383b13,200 ,0,0,0,200 ,ENA
0x90f5b253a9f066974fc4e9e59c2591600b28fac0,200 ,0,0,0,200 ,ENA
0x7ea4052479abb6459cffb8a81bfdffe50f64973d,200 ,0,0,0,200 ,ENA
0xfd0e9c3dea592568afec94bec4dbf3d1dfc33505,200 ,0,0,0,200 ,ENA
0x1608e2c20572f0599ebaa25f68ce7edc18baed4f,200 ,0,0,0,200 ,ENA
0x4cae365e7fc5c9aa69e41d09e7ec34f12f3504c1,200 ,0,0,0,200 ,ENA
0x7f63bd56ed7c069d1032a94a34270a320578f1ab,200 ,0,0,0,200 ,ENA
0x2f4d9bcf1d857d38c1f52f81459cc29a1b4b5ead,200 ,0,0,0,200 ,ENA
0xdd7962c53bccb178b42b0422e051f6edd1d5c1fe,200 ,0,0,0,200 ,ENA
0x9854eeb235fc615caa418cb0a3aa15f80095bf26,200 ,0,0,0,200 ,ENA
0x8ce7116dc1e17e5b867fce25e78e72b32dbce5f9,200 ,0,0,0,200 ,ENA
0x620f984736408257cb8c6e4962834ba3e401632a,200 ,0,0,0,200 ,ENA
0x6968afd4a06efebc57b4a9b9b5625b584328b2e8,200 ,0,0,0,200 ,ENA
0xf4c1f7e6283001d35f469bb69912eecaeeb5a6bd,200 ,0,0,0,200 ,ENA
0xd36007859b6895c73bed9936f7de75dd02042a2d,200 ,0,0,0,200 ,ENA
0x79df0e43bc949eef0d31f47ea2f3b7f7a0745b16,200 ,0,0,0,200 ,ENA
0x473b8b066dd186aa75628649f0d48902fcbb7100,200 ,0,0,0,200 ,ENA
0x2051357212044bea1edb37adef183a86ee324e8f,200 ,0,0,0,200 ,ENA
0x783a94051ff4abd43b6a316ccd0021a8959be876,200 ,0,0,0,200 ,ENA
0x2baa2ae51dff54b67c18c281b9abe07f7cc387b5,200 ,0,0,0,200 ,ENA
0x3c198cfc58af1c8b67ed59766a1a78cc12f31b50,200 ,0,0,0,200 ,ENA
0xc264d00f0fb98061a7efacb9c76c2755b6dd75e5,200 ,0,0,0,200 ,ENA
0xe3fbd858dfcd8d63f84af08882f48a5d41fed281,200 ,0,0,0,200 ,ENA
0x9ec1ee79c1a63d445f09018e0e2d2ed9ab6912de,200 ,0,0,0,200 ,ENA
0x340e943cd325188283fdc4b3d98c2339b7141312,200 ,0,0,0,200 ,ENA
0x740cd0bbf099e4b65455384dda95ec1ff84cd39a,200 ,0,0,0,200 ,ENA
0xb486ea4a802dcab4674c2d6d8ed402f492445839,200 ,0,0,0,200 ,ENA
0xf128777836ffd69174ba0fe857096769e3ef0bf7,200 ,0,0,0,200 ,ENA
0x6f20bf33e004f1d1ad29b058156341848cfc8f59,200 ,0,0,0,200 ,ENA
0x3cb6b5e7e7364355a8bd7d9967e3f68f1bad1f38,200 ,0,0,0,200 ,ENA
0xa38a17c68b83533fb7cc99aa317ec91ce7d90580,200 ,0,0,0,200 ,ENA
0x1e03760ce22788f9aca0f1d2320a79169357ded5,200 ,0,0,0,200 ,ENA
0x49056c06f6b3259d4311ab3d45748476903e6f53,200 ,0,0,0,200 ,ENA
0xd482154063d7e96ca55b63338ac580c8ed8338b8,200 ,0,0,0,200 ,ENA
0x5bccd0a8fbe4bc866a6307633f4a75001910156e,200 ,0,0,0,200 ,ENA
0x0eea322a5dcdd6964b2f461c82419e33853440ad,200 ,0,0,0,200 ,ENA
0xbbd68210c3270195c68389fa30e9de8f3248c23f,200 ,0,0,0,200 ,ENA
0x0185cd91b8b7476edbbce1b99610f0201538e56e,200 ,0,0,0,200 ,ENA
0xcbfa53bb49fc1e2a167c7135607dff16f38a1052,200 ,0,0,0,200 ,ENA
0x0dfb4928a8339de40d32aee38f71d811d302d034,200 ,0,0,0,200 ,ENA
0xd87d27b806201ce937517525c6a5edea1ca2d005,200 ,0,0,0,200 ,ENA
0x7a383278a7ca702f158ab085918d0c320bfb6b6d,200 ,0,0,0,200 ,ENA
0xf4d88ef44de65f23910a707c8dd10c980111f7ea,200 ,0,0,0,200 ,ENA
0x82b9a7a3615dc7297656fd104bc5c64b6931d2cb,200 ,0,0,0,200 ,ENA
0xa1b0e8071dcdb7b790e9bf5e1416036321aeb754,200 ,0,0,0,200 ,ENA
0x777e2892e3d7f5fe16ea7eb4236f25361796a99b,200 ,0,0,0,200 ,ENA
0x25dc4b5d5259137cdd23ef623f2d7b42744bcab7,200 ,0,0,0,200 ,ENA
0x511a8bd7d6f26cde1f053329b57e3996f5a888a6,200 ,0,0,0,200 ,ENA
0x731d0c43911b5f14220fe61514fc3c2e03fe7494,200 ,0,0,0,200 ,ENA
0x67385ece1579280d18db002339f698f5d7324dbd,200 ,0,0,0,200 ,ENA
0xc0f546dbfccfa797a466a0f244d63572290f1479,200 ,0,0,0,200 ,ENA
0x8629fc4aba0eb8d3feeb8fccbc9254d5a18c2393,200 ,0,0,0,200 ,ENA
0x69ce2f06eedbf2dfe17819667697115e94f4b256,200 ,0,0,0,200 ,ENA
0x5dfc79cbb6073ba3201acd76e8c979cae1608b38,200 ,0,0,0,200 ,ENA
0xfc7e2ed5f032ecf7e7a0174d2ec6af8ac7294853,200 ,0,0,0,200 ,ENA
0x76dbed9ec69c409bf990a5b109a56e8cdeeaaa0c,200 ,0,0,0,200 ,ENA
0x5ed45b05f73e9c33f4995e5e2bf505fa89cc5f3a,200 ,0,0,0,200 ,ENA
0x8f776d9234befd3ec4f92db3d04013f72192cb1f,200 ,0,0,0,200 ,ENA
0x59c5c167da79c7dc59c2c1795c8ec9b32cba8f0b,200 ,0,0,0,200 ,ENA
0x039e34e1aeddc0a4a2845eb708978bc90f7ec94f,200 ,0,0,0,200 ,ENA
0x135eea4bd418de59972c544e437ff7ac3d10525f,200 ,0,0,0,200 ,ENA
0xee639b491e23cc4bce550215ad65fb0cce10de5f,200 ,0,0,0,200 ,ENA
0x920c17d4876095cb5eabd95b0075bc96a32c8c09,200 ,0,0,0,200 ,ENA
0xc1fb4a343d8a10793a5b9ff099b65b35558cfb5f,200 ,0,0,0,200 ,ENA
0xce510fb52937a654252fed3ff953fcce3e3337a1,200 ,0,0,0,200 ,ENA
0xf192b3f054647668d312837e38e5badc735fe025,200 ,0,0,0,200 ,ENA
0x0c4654fcd9fd9f09840f29db5065d3e6cd3e7ad8,200 ,0,0,0,200 ,ENA
0x6c7190d009c99aab5c218c78face29f0ae13ab89,200 ,0,0,0,200 ,ENA
0x08c2a779e7de31f231d6a8c24e0da9030ec64575,200 ,0,0,0,200 ,ENA
0x43712aa9e234c20e07071839446a9ddcf546abc6,200 ,0,0,0,200 ,ENA
0xe3c1cd59c0e2694a69a6f2cb6a96403c01976c99,200 ,0,0,0,200 ,ENA
0xc6a45ce222e212996bacfc5a12f00aa8db0ee294,200 ,0,0,0,200 ,ENA
0xa7267da1a3d3db4afde6b4c60fb267c54841ce54,200 ,0,0,0,200 ,ENA
0x8ff5d40eaad43997de0d4d57beb1f5be140dd8a3,200 ,0,0,0,200 ,ENA
0xced4c12e8b7407634c405080ed2e6591ce38cf51,200 ,0,0,0,200 ,ENA
0xe51b0807b19bffa873094b2bf7680e7f0acbe55e,200 ,0,0,0,200 ,ENA
0x6d0bda5c6776368d9c7ad8042df5edfc5025866e,200 ,0,0,0,200 ,ENA
0x8e14b4f109c9e80ce59e984b89f098d3d3666393,200 ,0,0,0,200 ,ENA
0xa24c0e1b02a32c3034386db0cec27ab89bc402cd,200 ,0,0,0,200 ,ENA
0xdb61387c7f430c1cca434003541c145a960ed8ee,200 ,0,0,0,200 ,ENA
0x007549d41b0dad9039e9f6c00260a96c70de06b8,200 ,0,0,0,200 ,ENA
0x769a2160071f2e896858f439e01bed9b4ff2a17b,200 ,0,0,0,200 ,ENA
0xc2c586681b292ed4dd2cff98e075174eed993375,200 ,0,0,0,200 ,ENA
0x69921322510ff706712367f337fe7f29d0cc65aa,200 ,0,0,0,200 ,ENA
0x0cadfdec5c7896c097f74283a59cd2d71020bd43,200 ,0,0,0,200 ,ENA
0x3f6eb14ce5547d9a8f660bf03319506392c83711,200 ,0,0,0,200 ,ENA
0x582548f94372ca54894012e41f34972370368b84,200 ,0,0,0,200 ,ENA
0xe6be2b036ee95e8abaf0fab0401a7234d1883cce,200 ,0,0,0,200 ,ENA
0x9b3426690374e24d5ee89ab9989e921d51588e89,200 ,0,0,0,200 ,ENA
0x5ea9707a0db5f0431e72921c9c6f9530bf0a469a,200 ,0,0,0,200 ,ENA
0xa53dad1dc311857fa1d0a872f9445cbfa1d6aabb,200 ,0,0,0,200 ,ENA
0xabd80e9cb207377cf342020921fa7266c52090b1,200 ,0,0,0,200 ,ENA
0xeb0873b66e3cb5fd0b5045e5ed0a6015cd81009a,200 ,0,0,0,200 ,ENA
0xca5ddea0f61f7a5c4ef7da7af581c9ca619f2a51,200 ,0,0,0,200 ,ENA
0xe95fecab27e6bae00393b3986ed9ae4f8f567dba,200 ,0,0,0,200 ,ENA
0xcedb2528416a28dd575faff1e64093fb0c73453d,200 ,0,0,0,200 ,ENA
0x5331ffbf3c6d6b096c783ce0a20d49b15e5e9543,200 ,0,0,0,200 ,ENA
0xcff5de23deae82faa17407a2328ab199512d8dd6,200 ,0,0,0,200 ,ENA
0xde2fe7ccf49cded9aee4fd0ecb9f12b5ff969e83,200 ,0,0,0,200 ,ENA
0xd11343c9035a37eadd9aa4c400ea91bdb866f296,200 ,0,0,0,200 ,ENA
0xaa3fcb137767250bdb219c4794cf6efebea20e94,200 ,0,0,0,200 ,ENA
0x803c138dc9ff4ba639412630be999cc1651978d5,200 ,0,0,0,200 ,ENA
0x2e041d22ea16e2572d1fafbd80e19673cbd7e54d,200 ,0,0,0,200 ,ENA
0xd91d070091ea44405d2b9c609c45e7eaaf76b4f0,200 ,0,0,0,200 ,ENA
0xdbd209359f23cf94bcf8d8da0f350db6a17fa797,200 ,0,0,0,200 ,ENA
0xac398ddf45031aca1961a57cea229ea6b3f7a6e1,200 ,0,0,0,200 ,ENA
0x044f0dd06894b087b00b9a5c5f9af2b8dfc23d20,200 ,0,0,0,200 ,ENA
0x803aa96d0c38e896e97ce791cc60ce8637182c19,200 ,0,0,0,200 ,ENA
0x8660a652d9916472aec986080c2a314b5b11e1e9,200 ,0,0,0,200 ,ENA
0x9a700e157459faa4e85657dde930cdaf96e48d36,200 ,0,0,0,200 ,ENA
0xbc0e39f0bea5a25a405d3e9180692eb0810f7d5a,200 ,0,0,0,200 ,ENA
0x9cc3f9a351463caab256258e2d9f4a69016908e7,200 ,0,0,0,200 ,ENA
0x966f51bdab58ef1d42652d138503c70be623b1dd,200 ,0,0,0,200 ,ENA
0x08f3bbfa7a84c0a36555b11bda866bd73f8ea641,200 ,0,0,0,200 ,ENA
0x558a34406dbd6d3d4ef820804ac5902edf8c4334,200 ,0,0,0,200 ,ENA
0x4eca03fcd1050872b63c945078f74d9932f1d81f,200 ,0,0,0,200 ,ENA
0x764cb5e259a47eeacef7acc1f0abbf3cec4c1aef,200 ,0,0,0,200 ,ENA
0x736a963c7ad13f4bd1db961b6cc0f5991cc4dc94,200 ,0,0,0,200 ,ENA
0x91b6422a33008deee0770c57f9062fbbee14ba12,200 ,0,0,0,200 ,ENA
0x62ae8c555333c730a0973bec740c13b999d24031,200 ,0,0,0,200 ,ENA
0x130102aa2e8689c3fea37d14650319599604d96e,200 ,0,0,0,200 ,ENA
0xb5ea7e5e08c6c89545562de6c714d74497a091a6,200 ,0,0,0,200 ,ENA
0x02ca2ebfe400fd1deecc30ef4ab0112e08dbfb8b,200 ,0,0,0,200 ,ENA
0xc429b57f82ae3b97e69ff16ad360e0f6d75dfb17,200 ,0,0,0,200 ,ENA
0x5e3ea6eba3dbb77b18593de423404b3e15717cbb,200 ,0,0,0,200 ,ENA
0x7cde041bd601527e9cf33489afbe7bd5ad7aee17,200 ,0,0,0,200 ,ENA
0x8f88d8861ad4a71fb113fb85c6909bdbff7dc9da,200 ,0,0,0,200 ,ENA
0xa865c65638860d1e3adfc1c2e53e1467025fcaf1,200 ,0,0,0,200 ,ENA
0xd3990c37a5f4b4593b9a6c6e8c4a43091e80ce2c,200 ,0,0,0,200 ,ENA
0xd9ed9f5b3d1a82bae44b7a73f4f570e8a23c1a24,200 ,0,0,0,200 ,ENA
0xb5e2b010eb64ae602d1334d56cb10d96de4c8e4f,200 ,0,0,0,200 ,ENA
0x143b29ecb8102f43465464dbb2d2538e34c687f0,200 ,0,0,0,200 ,ENA
0x49d362397f4762992948ff55bac8f7e0abc6f96f,200 ,0,0,0,200 ,ENA
0x3c72bd216a61431d02021c4b583cc921f6f8ec10,200 ,0,0,0,200 ,ENA
0x98956216a9dc1025aa17e958b0643dc6ff1fce63,200 ,0,0,0,200 ,ENA
0x7b70504bcce22179e3fbaef26e2c6f13bb1bef6b,200 ,0,0,0,200 ,ENA
0x1243b12b0d421b974d6594f5b884a075038b29d2,200 ,0,0,0,200 ,ENA
0x66a6ce28e27c3690065c539ba6efc6cd2412d1b4,200 ,0,0,0,200 ,ENA
0x0a6d143bc36c495754fe41c75f777f8415f82227,200 ,0,0,0,200 ,ENA
0xe69fdea1e175a42b5151f292bac04d412b6b463e,200 ,0,0,0,200 ,ENA
0xe8bb6256845528f5f647cf30ad9a8d2ef4cdef3f,200 ,0,0,0,200 ,ENA
0x3a6f8accd8c294c3c30a28aaf6b0f5ce8ddd5b24,200 ,0,0,0,200 ,ENA
0xce6ab79e52f9f10d940a918f05611347eeaf3ad4,200 ,0,0,0,200 ,ENA
0x6f1b7a3a61db100a734ff8fd78e98271d5250b60,200 ,0,0,0,200 ,ENA
0xa0610226d72c53119f0d9a827015ed14f121b993,200 ,0,0,0,200 ,ENA
0xb1c2526c9dbd3d632aad2bcb6ae8f27860c2c5c4,200 ,0,0,0,200 ,ENA
0xeef2ecea24de9340850ce70046c9df5a9b7785e5,200 ,0,0,0,200 ,ENA
0x4db83d57f83a60655f997ae32f04f4b3b782d0e7,200 ,0,0,0,200 ,ENA
0x962ba655dd198824f77f556949594735af8478fe,200 ,0,0,0,200 ,ENA
0x486d8b131476bc01d5b929d9d5b65bdb94ad6c33,200 ,0,0,0,200 ,ENA
0xec119f9465abf757ca9c6d9f69c2161589c04382,200 ,0,0,0,200 ,ENA
0x8b4bba04188affbfb4b71a26be7e8a8792be7786,200 ,0,0,0,200 ,ENA
0xd87d0eb4a2fbbdcc7a9848a8aad19aeca0ac6e34,200 ,0,0,0,200 ,ENA
0x386465da26f3a6cc68c4c5e95fe37422e1df5afd,200 ,0,0,0,200 ,ENA
0xc8148123ed3709c052010deeb355594eb1566e85,200 ,0,0,0,200 ,ENA
0x68cdd2b7e60ebab455d22cec7a980f0761b0f1dc,200 ,0,0,0,200 ,ENA
0xc5681def0046616cdb797266bc9eb008537b6a67,200 ,0,0,0,200 ,ENA
0xfdf73d328f2145c59cb6cb0bb981660be046cf73,200 ,0,0,0,200 ,ENA
0x635c055d08393ec395de1386ea96ddd680bcdb92,200 ,0,0,0,200 ,ENA
0xa3f912a7fee4a8c62bd070a6f8ef985e346893db,200 ,0,0,0,200 ,ENA
0xbe96157ab06416d0b0a0f20f721052d74b919e02,200 ,0,0,0,200 ,ENA
0x8f27f02377b6a6c5a53d1114ee4606f30884297e,200 ,0,0,0,200 ,ENA
0xecc90f5912d1d522f26634b64c7b1d468f63f442,200 ,0,0,0,200 ,ENA
0x0ee1455a6955830afc412ea439070e7bc0a39689,200 ,0,0,0,200 ,ENA
0x7da470523c80774fb7535f46d0415ae88692558a,200 ,0,0,0,200 ,ENA
0x20da876a19eb6a018818119c238f4f5e19658b23,200 ,0,0,0,200 ,ENA
0x853768c531443cf6f1eb7c3c6c2663c13c84add9,200 ,0,0,0,200 ,ENA
0x66e62d0c71df22a85fe4bd67f29ad4e8f5fc89d1,200 ,0,0,0,200 ,ENA
0x72718b4b8b63f74bf8586514655003e1f11440ee,200 ,0,0,0,200 ,ENA
0x2eb4d0a9d4b5bcb6228f83326971af44fa655a30,200 ,0,0,0,200 ,ENA
0x8bb76eaf0f7808907678d32fbb71bf8d292a49e9,200 ,0,0,0,200 ,ENA
0xe1caf6eeaa8bdac2401dc1d25a7ca8af61efe142,200 ,0,0,0,200 ,ENA
0xe25d7370d4780c9cfb91f337d790b823f9f6f7d0,200 ,0,0,0,200 ,ENA
0x152d848175be2a5155d4ff45f5e2b8a91a4db9b8,200 ,0,0,0,200 ,ENA
0xccf626e10b3e491a4f696db8be27c9dc516353a2,200 ,0,0,0,200 ,ENA
0x718c1a54941b7dea8464c974eef56c1eab721505,200 ,0,0,0,200 ,ENA
0x4344e2ed5f099d936026b45f61803f35f2170ad6,200 ,0,0,0,200 ,ENA
0x8d812cb2ab1a903f1be9ddf9a3be27f99649c8ed,200 ,0,0,0,200 ,ENA
0xe14466ad1611295d46967d70d96319c3767edf50,200 ,0,0,0,200 ,ENA
0x9252439a4bf9b552752741fe47223bf403bcb74a,200 ,0,0,0,200 ,ENA
0x08d501bcf4151c40e14a379944c373b5ec5c0c4a,200 ,0,0,0,200 ,ENA
0x54b94c925090aa20a21fddbec7b5bfae7606300f,200 ,0,0,0,200 ,ENA
0x10d69ba097eab50c06f806bce67d86541e7a4ddd,200 ,0,0,0,200 ,ENA
0x4c562b4590a5c1e90bd4ac0d5c229492358db0eb,200 ,0,0,0,200 ,ENA
0x91e5c5fc02cf3b8f66e0f8564b806a1b2ffc6724,200 ,0,0,0,200 ,ENA
0xccac06ad80537335ba536e598994f014ac259177,200 ,0,0,0,200 ,ENA
0x1216b7a4fd05fc5ec44955afba4aea05f5c88dae,200 ,0,0,0,200 ,ENA
0x219b0d7339767096bdde4e8bb810682d4ac39138,200 ,0,0,0,200 ,ENA
0xe3a0baaf9ea7e6666af191d9b5b10655bac044b9,200 ,0,0,0,200 ,ENA
0x55ad007c8dff24c6c05975f37f7463416d5305cf,200 ,0,0,0,200 ,ENA
0xe8e72bb939553b9fcb30a2e1c7843ef48b981b39,200 ,0,0,0,200 ,ENA
0x49edd8afa44fcedc0af743170fbb87746635c520,200 ,0,0,0,200 ,ENA
0x51c72fb071a2a037c7773e3d9ad7f64b899d453a,200 ,0,0,0,200 ,ENA
0x06a993d4ec83b8feb1eed6e51c325a7a7dd57003,200 ,0,0,0,200 ,ENA
0x3a5fbd8245c90bc829d28d37b2685393f7a9a132,200 ,0,0,0,200 ,ENA
0xe8e61eef3ce9b486e8100256acc96a1060eb71fb,200 ,0,0,0,200 ,ENA
0xaa4042e5a888133124e57ab2c6b49ec3e9504c60,200 ,0,0,0,200 ,ENA
0x7e7f96a51e78b370b3a8fdf5a956df774b9593e7,200 ,0,0,0,200 ,ENA
0x2b0ef69a79610089c5d6fa4b764f92ed02a0e69e,200 ,0,0,0,200 ,ENA
0x3929a54c88a31d7b35b8e641e99baa01f1637157,200 ,0,0,0,200 ,ENA
0x1c0fe21be251c94f298bb3b235d525581ea98d14,200 ,0,0,0,200 ,ENA
0x5922df710f602c3ac7343825a263f69bbccaab63,200 ,0,0,0,200 ,ENA
0xac125a7842444bc7fa6c15f7adb443cf756e8a25,200 ,0,0,0,200 ,ENA
0xbd4810f68ae3d3421024aaeb4fcc11c92a031521,200 ,0,0,0,200 ,ENA
0x3efee04e86e73319069388b2961b3daf6086df43,200 ,0,0,0,200 ,ENA
0x5456b4b429c377cd32f8170f9b2748f0986ee953,200 ,0,0,0,200 ,ENA
0x8c01146033ea8f64e49927ab1b7244d1d50c1a5f,200 ,0,0,0,200 ,ENA
0x040cbe793a3e90c822c8e35fe7166ffa47341b36,200 ,0,0,0,200 ,ENA
0x3ed9c95eef4796b910005faaf4f4bc72ce2dac1d,200 ,0,0,0,200 ,ENA
0x4873e1bf2f6681dea1eda7c62ff3891949f43830,200 ,0,0,0,200 ,ENA
0xad2ca20537cb6eeed0384e7843f8c90e5b074a9e,200 ,0,0,0,200 ,ENA
0xf1305c25372aef503bed76ebe25cb09b9ecdd0dd,200 ,0,0,0,200 ,ENA
0x8147ce3db1e5903dcd841c428a092b8cf47b8d8b,200 ,0,0,0,200 ,ENA
0x7237c2fd28897187c1e27e471915023b59d1b290,200 ,0,0,0,200 ,ENA
0x727585a30c81297aaf9aef8d81ce938f8edcc174,200 ,0,0,0,200 ,ENA
0x58b9163c494e1749925dc69a3c32c06faace6cbb,200 ,0,0,0,200 ,ENA
0x1e064352161b35ebc43dedc4a3490cf76b2447ac,200 ,0,0,0,200 ,ENA
0x1a2e0e4c2fb3e163788ffb9e1db28671e442f160,200 ,0,0,0,200 ,ENA
0xb5a406a3a14eb55662716c093996e73bba419695,200 ,0,0,0,200 ,ENA
0xf8801975e98a0e98fe9ee7cee34975b278272f57,200 ,0,0,0,200 ,ENA
0x581fa4984ec0b3c7aba2dbf8c2b7ab7651e2dbd6,200 ,0,0,0,200 ,ENA
0x95992594db9cd4a4b1814556357a97ed8057c065,200 ,0,0,0,200 ,ENA
0x05f63b916e1a512ecdbeeb9bbc038870d364d04a,200 ,0,0,0,200 ,ENA
0x04def1ff48f8e60b924b15d2ac6ca3cfabb46d76,200 ,0,0,0,200 ,ENA
0x4f5f4cada74f790211cfc8b484b3cde501c08507,200 ,0,0,0,200 ,ENA
0x6c1ae837ed71fb6057bf811bee3d9cf87a31f30b,200 ,0,0,0,200 ,ENA
0xcd0102034ed66b78c437086927f27bf8feb9a8d0,200 ,0,0,0,200 ,ENA
0x20e3dd17a184d513cfe856c29a720d3b64d39aef,200 ,0,0,0,200 ,ENA
0x730dc85c646e00d5a63be0dae30b8192141f206b,200 ,0,0,0,200 ,ENA
0x57c30bd2ae4ee25d8ea3fc0dbfe87e66ef8767c1,200 ,0,0,0,200 ,ENA
0x2c281ebec4dea9f98cf0e2bdfcf4d272f367a3cc,200 ,0,0,0,200 ,ENA
0x63b2ee91909beff3847663d7ef1be3369a9bd214,200 ,0,0,0,200 ,ENA
0x2d722632d21c421e195a394b3cd8d12cdb9cf95a,200 ,0,0,0,200 ,ENA
0x59c4930a585c5bacec2227959d679042caff4f6c,200 ,0,0,0,200 ,ENA
0x5817e9eb33d7a8516228e84fd219e2e32ea435ba,200 ,0,0,0,200 ,ENA
0x71c1bc262d4b84d11b32e6238ebd959971fbfa7c,200 ,0,0,0,200 ,ENA
0x1a915684f7c6c98d4feea40df9b93dd433c7b347,200 ,0,0,0,200 ,ENA
0x77da68f843c957eb6179461f938809f12736a9cd,200 ,0,0,0,200 ,ENA
0x9c8d3b3bc9aa075ef3df51e3b0f26b7e34c67d39,200 ,0,0,0,200 ,ENA
0xfed68b88c6c4f74616fad998e96937c4fb71a00b,200 ,0,0,0,200 ,ENA
0x7c7c22d6ad8d6683317b14a13fd64d110f6d04d1,200 ,0,0,0,200 ,ENA
0x7665d4f790d7d71f95bb53a7495fe919d0dfb4c7,200 ,0,0,0,200 ,ENA
0x68d2748ddd99658dff1866a95c5956e5f2a25d12,200 ,0,0,0,200 ,ENA
0xbbd08fe866545ce6c6922d363a95765f9f7fbb26,200 ,0,0,0,200 ,ENA
0x18e1b2c213573951946ed1061b6c915939cc6174,200 ,0,0,0,200 ,ENA
0xa1a2e8f885bf5db079ba9094b732f4fe31ffeffb,200 ,0,0,0,200 ,ENA
0xf1362f3d86fc067866bd522cb5f53bcd1681758c,200 ,0,0,0,200 ,ENA
0xd081141353396d8247d4ca92259f5f6e250b95c4,200 ,0,0,0,200 ,ENA
0x738a423c683669d1cbf06bacb86f981e5d654271,200 ,0,0,0,200 ,ENA
0x0e8f9395e48eb0a00273f3c9b56e07394fa96a08,200 ,0,0,0,200 ,ENA
0xd75f661c56f5a6b41d4caf4c4737c86818608f0c,200 ,0,0,0,200 ,ENA
0x5ab1c82839fe3fa7d5b1945d5cb761e5ba1373b3,200 ,0,0,0,200 ,ENA
0x57647e128e3ad610943fd539e34285cc16fe6969,200 ,0,0,0,200 ,ENA
0x3fc079c86b61ef5e878fb0187396ae853f373d42,200 ,0,0,0,200 ,ENA
0xcf9d1a740c35a31fd9fe5ae125ba72931b6798f4,200 ,0,0,0,200 ,ENA
0xa266a0fec4137b505b9be067ca19bcdd599c8245,200 ,0,0,0,200 ,ENA
0x26618e7555a3dffbee5d3606c4d01469191b751a,200 ,0,0,0,200 ,ENA
0x38aeac8cb5d69ca800fe6453fcc8106bce7ff1d1,200 ,0,0,0,200 ,ENA
0x1b01c126d34f1ea5401ac4220a066557c89c36de,200 ,0,0,0,200 ,ENA
0x8bae98e7894b7818797a30eb4ad731aebf50a9a3,200 ,0,0,0,200 ,ENA
0xc218cd94cf11d0e736a7fb9e3ba64720ebfc87b1,200 ,0,0,0,200 ,ENA
0x73aa29eb83efc20e835c4e15542be9f70c300681,200 ,0,0,0,200 ,ENA
0xe382572faaf5d70dc5bfdcaa78f8d37b7b441959,200 ,0,0,0,200 ,ENA
0x4c91e421d942129f90bb7dd3129fdb3703459596,200 ,0,0,0,200 ,ENA
0x2292c9ecaf67273de3e5c9e3afdd080abde02a61,200 ,0,0,0,200 ,ENA
0x7c70686088221ee68d2d66bf6667105fbb01908c,200 ,0,0,0,200 ,ENA
0x4bb46a81ff285205c7fdfe4e78526cec932d44ee,200 ,0,0,0,200 ,ENA
0x500cf38e516e18a3f05142a7947f226edf8b3d3c,200 ,0,0,0,200 ,ENA
0x6c3b1c41420aa1519efbc5c94ef197205ce630e6,200 ,0,0,0,200 ,ENA
0x9d5e85f6cd8e13af24e58783b4a34f9edf62dbc9,200 ,0,0,0,200 ,ENA
0xe3df3b76229fe08d8dbd6ed5c752e87c8ad96471,200 ,0,0,0,200 ,ENA
0x1ba8c095f2dfb6e2e91fd76aded91883037d24d7,200 ,0,0,0,200 ,ENA
0x9410759b3085d80d56e1e3e092285d44c70174b3,200 ,0,0,0,200 ,ENA
0xf361565d2d33a9357900ada957237b26d9a5b197,200 ,0,0,0,200 ,ENA
0x1ef2d122f954a7d59846a724ecabb3a11713aed2,200 ,0,0,0,200 ,ENA
0xf99a43a1e2d11bcf02034d14c6282fe13dfb09b5,200 ,0,0,0,200 ,ENA
0x5d69b0049a77acadf1731b12cf75270544d5194d,200 ,0,0,0,200 ,ENA
0x98be4506c73ad52298524afa4cf65ff342213c09,200 ,0,0,0,200 ,ENA
0xfb208851e0a351c835e9619869127a7029e1cb5a,200 ,0,0,0,200 ,ENA
0x5d362023cf70942d96544eec732f13c52e833721,200 ,0,0,0,200 ,ENA
0xb8a63734653e1baa188126814cab87c6a5049d08,200 ,0,0,0,200 ,ENA
0x3a83f1e975aa7f8babb8f85744f3762d9ff2ea62,200 ,0,0,0,200 ,ENA
0xb3169fbc755d516a82cafcba17566064f1977014,200 ,0,0,0,200 ,ENA
0x73551c89eac0b12927bb248c4b5738ab37b244a2,200 ,0,0,0,200 ,ENA
0xd7dc7e076cbb86238e14a3eeee0c6a955812eb4e,200 ,0,0,0,200 ,ENA
0x1af3f2cc09edbe9129f6a847d3fa39acfb3ab764,200 ,0,0,0,200 ,ENA
0x424e4bb4a7dedc36e9673e3d70c9b8f10148cc47,200 ,0,0,0,200 ,ENA
0x85643f3c5096d74f8407a3581660a6d30fe87fda,200 ,0,0,0,200 ,ENA
0x57fa049a7ce0a96c650062b010bf0e314e74cf60,200 ,0,0,0,200 ,ENA
0x021c80bb10d09d3d0aa926dd8ca6f23e34acf34c,200 ,0,0,0,200 ,ENA
0x5ac1f80a769fb6e840eab9343165750f260fd8b2,200 ,0,0,0,200 ,ENA
0x212bba6f94b5e3be22c93d750d1066dffeab9dc1,200 ,0,0,0,200 ,ENA
0xfc44dd87d725d36e74da897245fe7927dc9b1dcd,200 ,0,0,0,200 ,ENA
0x73abd0788dc6b1208133c25833b18b32197e4e45,200 ,0,0,0,200 ,ENA
0x3a9903cb5e50be555b0660754b43feecfde597b7,200 ,0,0,0,200 ,ENA
0xa2123cc9101aa1b575a4c99c873de1c435c52df9,200 ,0,0,0,200 ,ENA
0xf1a1d037d433887cb72dc0cbe02812f836a9b614,200 ,0,0,0,200 ,ENA
0xa79a589c1e187bc6eee1917b3b1fd20c0305946a,200 ,0,0,0,200 ,ENA
0x7ef62c33800fc77c7de0ca7767535946c104860d,200 ,0,0,0,200 ,ENA
0x6a5e686d935534cb68aa23362ddaed1d86b3e170,200 ,0,0,0,200 ,ENA
0x38de7b5717adbb461840144e8c460a52007ecfa5,200 ,0,0,0,200 ,ENA
0xc8a18bb278e6719ca25a8bbc29b49176272dab91,200 ,0,0,0,200 ,ENA
0xc1df1318ceeb28129e7da6d2a370aeab6fae03e1,200 ,0,0,0,200 ,ENA
0x053854273971e4a4b803245494e7897bd5cabffc,200 ,0,0,0,200 ,ENA
0x2e1b4e878eb09f04ed035d3e3b3719a5e5cb5124,200 ,0,0,0,200 ,ENA
0x88380075215b959422cae2c808b467e26f6ab95f,200 ,0,0,0,200 ,ENA
0xe0c5bed4f73701ff7dc3abbe4c52e3297a8426b4,200 ,0,0,0,200 ,ENA
0xc0c8e5d1bb2f30655031b9f096de7b4aad66a964,200 ,0,0,0,200 ,ENA
0xaac43fcfb6a07ed63d7bcfe8b779111d5e7916d9,200 ,0,0,0,200 ,ENA
0x4d4e6990fb43a47947da69f7c558ec09fdb3b117,200 ,0,0,0,200 ,ENA
0xbf4021e9843ee287d4f38c0a68e31712db68a0e1,200 ,0,0,0,200 ,ENA
0x90820dc1bcaff7aa6001313f5554ec493722c98b,200 ,0,0,0,200 ,ENA
0x41cc10e1664f456879ef8146a64284aa04d42173,200 ,0,0,0,200 ,ENA
0x57f579e11a4922e6c74367191a6dbd5111888609,200 ,0,0,0,200 ,ENA
0x3fada5aa183f7b0a5a657ac5d9baf7d8846e1e7d,200 ,0,0,0,200 ,ENA
0xddf89898f3262c97986d63e550a9e36e97ae71c6,200 ,0,0,0,200 ,ENA
0x31b5168daf15de3ea9565b2b919c53a437cd33ac,200 ,0,0,0,200 ,ENA
0x17c0b82e7bdc6ce097402345f058ab30085b29b7,200 ,0,0,0,200 ,ENA
0x88f72d73679e107d72e64268a653b560e6be7f05,200 ,0,0,0,200 ,ENA
0x0eb3d962fde6e985ac6ff90d0d35722bf815e6bc,200 ,0,0,0,200 ,ENA
0xa9dc3a152ecb0eeb7a24805623d7f291c15145aa,200 ,0,0,0,200 ,ENA
0x3d8e48a84dc9a4d07dba14952d5b4f8d805487b6,200 ,0,0,0,200 ,ENA
0xfeb5b32f5c959376d091e58b108900ec50fc00b5,200 ,0,0,0,200 ,ENA
0xede415ad5391eca2ef48e8059ea7e3007946ba41,200 ,0,0,0,200 ,ENA
0xea28bc743137afcbcf5b72205a9fa349f57ceb4c,200 ,0,0,0,200 ,ENA
0xfbe0263e7f917225afb5f80e145af85140f4fbad,200 ,0,0,0,200 ,ENA
0xdda576947b5622b6e089cebad3178185f4535b61,200 ,0,0,0,200 ,ENA
0x54bb9d97a64cc736ae7933fce76a0c53f038eaca,200 ,0,0,0,200 ,ENA
0x3527fcf3013411dd613336d61e9534c91cc80297,200 ,0,0,0,200 ,ENA
0x027aa73dd28427a49d707a9584f455f4740a88dc,200 ,0,0,0,200 ,ENA
0xe21f01cdfb3099c9691851a9e59a765f8b372d3b,200 ,0,0,0,200 ,ENA
0x8fbcf74ac506caebefda36e83fd193c2215866ca,200 ,0,0,0,200 ,ENA
0x8fabed4ecd97e14379fe717d0560c11111560057,200 ,0,0,0,200 ,ENA
0x38ce3a862797f83b193082b1588ffb953150e4b2,200 ,0,0,0,200 ,ENA
0xba8b030c759801b4f9a055d8aec6180fa6d98c05,200 ,0,0,0,200 ,ENA
0x0c2a451f134a0dd473834c3c9ead76d353fd7275,200 ,0,0,0,200 ,ENA
0x77acee845e7ab02a4e9816cea86e102772bc88e8,200 ,0,0,0,200 ,ENA
0xd18c9557aae0039b79b77e59ac886cfb76feca9c,200 ,0,0,0,200 ,ENA
0x09f41c83f6b54e1a6059ca597f4296c58f953f0a,200 ,0,0,0,200 ,ENA
0xa95196df471c300a1132e66db0e04af22370d618,200 ,0,0,0,200 ,ENA
0x935ce544bb55893e48779fcbd4fbd2644b30da8c,200 ,0,0,0,200 ,ENA
0x6f5858528f0e49ce999ccce4546b606e8e5fa4e9,200 ,0,0,0,200 ,ENA
0xbc6fbcc79e994f9d410e6dd6998cf0aa3999a6a7,200 ,0,0,0,200 ,ENA
0x3028cc3a39d89113babccb1e002940c4896b4a35,200 ,0,0,0,200 ,ENA
0xda216575cd247fc93f86beec2477a3fc7339c22a,200 ,0,0,0,200 ,ENA
0x455cac82022ed6998b59b8a34d6ba035155d363f,200 ,0,0,0,200 ,ENA
0x8bb9767f055c23dbe99c96a6de2dc8ce43ac9100,200 ,0,0,0,200 ,ENA
0xe48d4e21cb3439cc9731763f7b512c6318682784,200 ,0,0,0,200 ,ENA
0x1e1fdfcedd29bb6269fe8a5b31de8458af09e822,200 ,0,0,0,200 ,ENA
0xf9f059c1665c6c1daee2fc71c210b3d4b6db3d1b,200 ,0,0,0,200 ,ENA
0x90733da1b869718f5de9443e5fa61a1bb3ed386c,200 ,0,0,0,200 ,ENA
0x9d8adfa136e3d2849defcbc730482ccde4804768,200 ,0,0,0,200 ,ENA
0x736def439af2527dae4c0a295079062022462288,200 ,0,0,0,200 ,ENA
0xf25bab64a9bfd1dffa8f8ceafb607ab8645f73de,200 ,0,0,0,200 ,ENA
0x4696a34efa600b96fe3834cd310298bc1ac9a97f,200 ,0,0,0,200 ,ENA
0x42f0f8d838b9d1c19c7722f1adf8fb047cfd0008,200 ,0,0,0,200 ,ENA
0x718fa566390c961356df49ea4f5b9c77c2fb2649,200 ,0,0,0,200 ,ENA
0x16c3c16dc8525fd0dd189f605361475fc4488ac0,200 ,0,0,0,200 ,ENA
0x2de7acbc753c963ca4f15d1a65a71157b3106ff9,200 ,0,0,0,200 ,ENA
0xc467514c2c15e7b0fdb486b15d9064935baeaa49,200 ,0,0,0,200 ,ENA
0x6fbca579d4c0921dbdcc0e2c4b04a466ad5ef803,200 ,0,0,0,200 ,ENA
0xc1c8ffa1826e629959a65e9f0abc11d52926ef3e,200 ,0,0,0,200 ,ENA
0xaf4931ec9a3f315f67f3421bf2aed7e4566e6789,200 ,0,0,0,200 ,ENA
0x52893e77ca350cb354e373d6034ec3bf3d7a474d,200 ,0,0,0,200 ,ENA
0x4b8005161f2c2070992f488128c18716492eb7fb,200 ,0,0,0,200 ,ENA
0x03a9ed906ac138841ca2d0d656b16059ef5d9bc7,200 ,0,0,0,200 ,ENA
0x0ebf4d3f2ffb8bc862818686ae590dd9e42f35aa,200 ,0,0,0,200 ,ENA
0xcad6e45c28b24139a24113fa9fc51ff4c9dd0579,200 ,0,0,0,200 ,ENA
0xe2571dd615d00184e960e5eb22a18fce4b52bd54,200 ,0,0,0,200 ,ENA
0x55289800d5bd945fa348167c5e22ac06f96a37ac,200 ,0,0,0,200 ,ENA
0x638ac2e6506f8c826edd39902d3cbadd8824b757,200 ,0,0,0,200 ,ENA
0x30ad03dd972d2c87255fbfd4a21d791bf445eb12,200 ,0,0,0,200 ,ENA
0x5c3fbff051b2fdc863602c96cab483fd9a31fc76,200 ,0,0,0,200 ,ENA
0x5ff3a12710c6214420c9864d008b47fd9108360d,200 ,0,0,0,200 ,ENA
0xf3a54402cb87c28928cd273e71df5b7bdf9ba982,200 ,0,0,0,200 ,ENA
0xf02830f6894a8eedfcfcbec0ab28ec04e744a684,200 ,0,0,0,200 ,ENA
0x7a8d2e5cd62b4cd6e84be596f5df9ac50dfabd63,200 ,0,0,0,200 ,ENA
0xa1445d128ee314e2d26b5087d36ed084a8ecda5b,200 ,0,0,0,200 ,ENA
0xb15b92654e1045bbc564aa74fd1f65c2e294b13c,200 ,0,0,0,200 ,ENA
0xcf604636f31fe440920f0395f9b9c09293db77c3,200 ,0,0,0,200 ,ENA
0xe932ce9499bee534ed491b7a4c4e085773b0dc77,200 ,0,0,0,200 ,ENA
0x5064300cedb8d20d499c8ef5be1e7828c5544dab,200 ,0,0,0,200 ,ENA
0xb6ddd6f0be6996f0d75b878c18b482ea55a43a4a,200 ,0,0,0,200 ,ENA
0x38a69dd24f6f773a837ad833ad93b4fef4f259d5,200 ,0,0,0,200 ,ENA
0x0d90c7a317b413615313c607b307e5f8832b0279,200 ,0,0,0,200 ,ENA
0x30c132494f4ab8914d58bca857662183b45b97eb,200 ,0,0,0,200 ,ENA
0x62c7856cb41e1a20c77607721a050e1787da9f5f,200 ,0,0,0,200 ,ENA
0xef6b3d288fd14066c5fbf06ca027c5984ee5c82a,200 ,0,0,0,200 ,ENA
0x3ad00e4353b84cdfa635b643da873ede24ac58b0,200 ,0,0,0,200 ,ENA
0xb625e369e59e89348d1da758e10988388ade7ece,200 ,0,0,0,200 ,ENA
0x9ba72efd20c9545b76244b67b93831d968a087d2,200 ,0,0,0,200 ,ENA
0x4c4c737c5f96c04602e4985443734d296833eee5,200 ,0,0,0,200 ,ENA
0x8d51ba912ccc36573b5ea70f12c9ef0dbd45db2e,200 ,0,0,0,200 ,ENA
0xe54281c5010797d7fddb54106d1353a55a6f0f1e,200 ,0,0,0,200 ,ENA
0x67009cc17fe3f64ca857802be4fcd4ecd45da4d0,200 ,0,0,0,200 ,ENA
0x366f6b6230f6646ef076228f76fe426817094b36,200 ,0,0,0,200 ,ENA
0xe9cea9462f1ef4ccecfbb3f1672ee9a2b5a167aa,200 ,0,0,0,200 ,ENA
0xb18bfb73e24e30693402e117d68b8c9bce8702e3,200 ,0,0,0,200 ,ENA
0x4197e095071dff7b558d50bbe91d08669016915d,200 ,0,0,0,200 ,ENA
0x92ea6fde498ba7c9298b6781d5eb20164e861409,200 ,0,0,0,200 ,ENA
0x5c3988fb1f87c547e4211559b3285cc148eebd88,200 ,0,0,0,200 ,ENA
0xb8ce7af203fe143081818b9ef9d6299288f75005,200 ,0,0,0,200 ,ENA
0x9ee264ca188f16896c3fe7e91eb5301c3d6ae765,200 ,0,0,0,200 ,ENA
0x889424993a28610de4a9c04487e41e0be659833c,200 ,0,0,0,200 ,ENA
0xb631445fca7333ebba8fc5db183c05ca0f6c96c1,200 ,0,0,0,200 ,ENA
0xab34722f4678cb0f9ad5bd88759efcd4f3f78578,200 ,0,0,0,200 ,ENA
0x6c502accf3de3725a734476ac10c10b2eafa176a,200 ,0,0,0,200 ,ENA
0xfdffa273f5fc585fd67b3f66d57fbc6b9bf76e0b,200 ,0,0,0,200 ,ENA
0x98dd8f534e0f76f385a11a224cdaf5343d3819a3,200 ,0,0,0,200 ,ENA
0x63908ffbe05278ee439190acc26377c4fae923e1,200 ,0,0,0,200 ,ENA
0x742c6b965e5e5807f5122bcdd62a9444d98d45b0,200 ,0,0,0,200 ,ENA
0xf2623f31763b41b6b3350ff2c906e2eb8c5d284b,200 ,0,0,0,200 ,ENA
0x32293053c2014499610e7ac2569fe4de530dd6e6,200 ,0,0,0,200 ,ENA
0x1137223c3885692341a203a6e4f5fc144b1fe7af,200 ,0,0,0,200 ,ENA
0xd54144f82267a792a96a7ade9992533f960cc29e,200 ,0,0,0,200 ,ENA
0x7d490d4caf773cf00bf3f6e1ea9ae63b5141c26a,200 ,0,0,0,200 ,ENA
0xbb7b5876cff9dde5de333553cd7da0f23badc3e6,200 ,0,0,0,200 ,ENA
0xfdab6d6e296711d4bd2897df6511104e6afcefa6,200 ,0,0,0,200 ,ENA
0xb2e76c189b068865018b259212b57aa4b1a10c05,200 ,0,0,0,200 ,ENA
0x6d37cf47f992f311272559f6d3d064752f46284d,200 ,0,0,0,200 ,ENA
0x00e9ba3dc1ebd6f585b9f5bf8a33a975b5f8a7de,200 ,0,0,0,200 ,ENA
0x01d7f791087cf314767f90d1ccfe69244c9c364f,200 ,0,0,0,200 ,ENA
0x7efb05af56fab9133377c5077ee33e18e1f86d61,200 ,0,0,0,200 ,ENA
0x8aa06edb9901ed80e0c443e8987e884fad1ef199,200 ,0,0,0,200 ,ENA
0xb1f6f2ac37535a20bf4bb2d1635a9180d4c95112,200 ,0,0,0,200 ,ENA
0xb7b94bd2c38e12a829ed495e9d60984655df9f9a,200 ,0,0,0,200 ,ENA
0xafb5de3f579f4bb585900a54a7b14757c73e2f72,200 ,0,0,0,200 ,ENA
0x83bf3a7191ba08f2684a0e8cd54b531b88dc738b,200 ,0,0,0,200 ,ENA
0xf8ac2d95e70c600484e2441e52c2f9a37e5f40f7,200 ,0,0,0,200 ,ENA
0x2a5eef88081124e22bfef3326a45a39e57b2bbf7,200 ,0,0,0,200 ,ENA
0x484c0734b9ede2403613dd91697c482609aab79c,200 ,0,0,0,200 ,ENA
0x8ef4dd425cfc16480d34cdc7706d79b012f15f41,200 ,0,0,0,200 ,ENA
0x791405938b336a2d3fa709eaf80f9635e0c8e424,200 ,0,0,0,200 ,ENA
0x13d38a8bf3c7c50665e350e57b87dd75e25d2713,200 ,0,0,0,200 ,ENA
0x9eb6a4ed5cac1ca9fe91ac6b8a08f2780a7cd7b5,200 ,0,0,0,200 ,ENA
0x4832840a8c3f6c8adcc3f63c2e8c0ae32f21db1f,200 ,0,0,0,200 ,ENA
0x0537e41e8b5bf6ef578dd7fc2b193d8b2ff10b7b,200 ,0,0,0,200 ,ENA
0x98d106e03cc50fccf1615a58ee89b46bca6fbf31,200 ,0,0,0,200 ,ENA
0x850c6ee602d0062ee8f730a561f7b154bc36661f,200 ,0,0,0,200 ,ENA
0x1d810f88f7d6bac08328c48aba2b4b5674780b6b,200 ,0,0,0,200 ,ENA
0x4f94f7c69ab982b2651b0e5dc1c2880d96f9a6f4,200 ,0,0,0,200 ,ENA
0xc02cefbc30fda402106a9ed8f40ea8c37e062d74,200 ,0,0,0,200 ,ENA
0x19d8687615a98c392938679ff5495f01d6b9d386,200 ,0,0,0,200 ,ENA
0x0d6d31dd69357c7a7891364a234326f781b257b9,200 ,0,0,0,200 ,ENA
0x0b3f87b381011170b412f420284944a429f7e296,200 ,0,0,0,200 ,ENA
0xd31a92a11d4cbc04dd38b5bbb3d38cb6cd75baf1,200 ,0,0,0,200 ,ENA
0x85bcfa5098aaf506d9590dca8de3cff68a2e6ea3,200 ,0,0,0,200 ,ENA
0x5e3e063c2e7cf1390b04dffc12975af9dc5dedb2,200 ,0,0,0,200 ,ENA
0xd77a6b5db7ca0b22d8c052c5fe0136d1f0bf1256,200 ,0,0,0,200 ,ENA
0xdc46a4b5da3c4bbdd3fd8e0ffcdbede9bb05ad5b,200 ,0,0,0,200 ,ENA
0x4662926ee918e52dfd995d487206fbc9bd73f108,200 ,0,0,0,200 ,ENA
0xfb8fcc62131e1b5e17f66ae7011e2a2f43a4f53d,200 ,0,0,0,200 ,ENA
0x79502e7241431cf12189b5d846ebe2936ea4b1f2,200 ,0,0,0,200 ,ENA
0x2d389980fa8f14747f86a96c15121b34acdfd877,200 ,0,0,0,200 ,ENA
0x1cdc69db5589f3002910dd661ec293081b049ebd,200 ,0,0,0,200 ,ENA
0xa8814e45270948a9ca4586bc53096c6433e3e8f5,200 ,0,0,0,200 ,ENA
0x2775b4f8d383d081bd11e39064696d51d3351885,200 ,0,0,0,200 ,ENA
0x542390ce91cc6cdda48aecd9930051db51fcc95d,200 ,0,0,0,200 ,ENA
0x8cae843c503bd37618469ed3cb0594b18a58b37f,200 ,0,0,0,200 ,ENA
0x7984626b5af41d2faf693c07b626744341c8c706,200 ,0,0,0,200 ,ENA
0x9d144217b16966ce3e6b600f79764f6c052512ea,200 ,0,0,0,200 ,ENA
0xaf6dba70e90f5cd81a24825e46f37754d203cce6,200 ,0,0,0,200 ,ENA
0x3cf36d8ff34b43328aa7ec23cc1bfa09890e7b6f,200 ,0,0,0,200 ,ENA
0x844ad01661050c7c2c3425ec1c0a52a0b30977b4,200 ,0,0,0,200 ,ENA
0x165bf10a23e50a3b49c977f974d79c650fec476a,200 ,0,0,0,200 ,ENA
0x730663c807a630bcf5191f91a852bee543d94ad4,200 ,0,0,0,200 ,ENA
0x12e1d9046910eeea83412d0cf3e4d2b3d689943b,200 ,0,0,0,200 ,ENA
0x609072df627e732ee71714082fefaebeb6ebc44d,200 ,0,0,0,200 ,ENA
0xf9c44a0c1aa2a7b2496afaf441aa369d33152ae9,200 ,0,0,0,200 ,ENA
0x79241a3f74376a8ee9d55cc64fa506b30f6b8c6c,200 ,0,0,0,200 ,ENA
0xaf938d35e1b68babd35de069e08ae836bb233314,200 ,0,0,0,200 ,ENA
0x428a689dce8a73fed37f8750af746a5f66dfc13b,200 ,0,0,0,200 ,ENA
0xa7ccf2dd57d1eb22cfd13a62917b199921104aa6,200 ,0,0,0,200 ,ENA
0xded0045664e34efd491b0be1a999d847c73b088c,200 ,0,0,0,200 ,ENA
0x4cac9b93e0ddc6081f3d1fa7868e3ba1f79bdd74,200 ,0,0,0,200 ,ENA
0x8f91d4222c8a0fae7c77c69c76841cf4aebe3df2,200 ,0,0,0,200 ,ENA
0x04c2c3330966fc1a5dafaa4a07b3dbe2efd3d7bc,200 ,0,0,0,200 ,ENA
0x0d013ee8752ba3ed5b00a66da0837b9410dcd5e9,200 ,0,0,0,200 ,ENA
0x325071972384d1ce644645d5a0806ac650e3f5fc,200 ,0,0,0,200 ,ENA
0x15d3dc44d20ab8060eb1c50a84ea596c68068d39,200 ,0,0,0,200 ,ENA
0xedd8f2014673c09895a6d3b87569b56cdb0f5fd7,200 ,0,0,0,200 ,ENA
0xcfb13a6e985a52e227fc3ecc854dd83d83ea8cba,200 ,0,0,0,200 ,ENA
0xc04cb73bea6549a79104685db913df277d78d30e,200 ,0,0,0,200 ,ENA
0xe5ae76b70f0200dfb4d3e91972437d59ec046ddb,200 ,0,0,0,200 ,ENA
0x6fe11cf615cb3897ec9e49219e2d9d03ef914e5b,200 ,0,0,0,200 ,ENA
0xfedd453ba4f9f10a8f0b6392193975058a6ed9f6,200 ,0,0,0,200 ,ENA
0xa006e56c11a43fb3e39ddf6578780757838c5b5b,200 ,0,0,0,200 ,ENA
0x4631b52b5424747d14cae84e2944c357ba1361f2,200 ,0,0,0,200 ,ENA
0x677bb0664bb829d060c79ab642ec6628ef779dcc,200 ,0,0,0,200 ,ENA
0x1d60af5a4807bd389fec036437201573e8b0b860,200 ,0,0,0,200 ,ENA
0xb13c9f805fe6105c55ec3f64b958175451d8496f,200 ,0,0,0,200 ,ENA
0x38e57310b053ba5933e4b46d34d27b1f7b2c6a21,200 ,0,0,0,200 ,ENA
0xebd6a9802088d3432fe3cc5912983847876bacb4,200 ,0,0,0,200 ,ENA
0x0c05ea831834aa8230f29091c1f8f7b33bc44e4b,200 ,0,0,0,200 ,ENA
0x9464ce7f389fb5145455604b0c4d9be18f47b857,200 ,0,0,0,200 ,ENA
0xd91e326c6d4085dff0026f27b3eb4b58734d0e6e,200 ,0,0,0,200 ,ENA
0xf108bafbabd6238e6dbdb205a3ecd2fce720bfcf,200 ,0,0,0,200 ,ENA
0xa35b040ceb666fd7029e64fe416405c5eaffbfe3,200 ,0,0,0,200 ,ENA
0x9111f06cfd3078288cea3a72a581845c8e14fe9e,200 ,0,0,0,200 ,ENA
0x7b6c6dc595e1022404dda3c19c462421ae033c12,200 ,0,0,0,200 ,ENA
0xcace9a051004d2acddfa906500f097655b71d24a,200 ,0,0,0,200 ,ENA
0x3412a21f18442634934971e453597d5e1a435445,200 ,0,0,0,200 ,ENA
0x52cda6a5a0093e5da094f38c50ecac6c45ffa3d5,200 ,0,0,0,200 ,ENA
0xb11405c71c1be7742c6167a06c1320741f0396b0,200 ,0,0,0,200 ,ENA
0xc33359ed094f1890d2c4e531a12359c379b30202,200 ,0,0,0,200 ,ENA
0x1f5417df2e2bbc16d4f2cf972cc6b68937c388e6,200 ,0,0,0,200 ,ENA
0x7c2f166bf30185ab053b0d5e37567a1115c3e4be,200 ,0,0,0,200 ,ENA
0x5cd74d9e2e481a5e7fe60f387baf74645d0e0cb7,200 ,0,0,0,200 ,ENA
0x31404c062bfe2476be297cabf60391bba47bc4e0,200 ,0,0,0,200 ,ENA
0x3f528ccb6888fa1875a8cbedd9fd05fcb2e116f5,200 ,0,0,0,200 ,ENA
0xe08d061c22a885db4f833fb4c0a0a4e06ba7cc0f,200 ,0,0,0,200 ,ENA
0x33db35d9e6227579c217be4800da06561d19f156,200 ,0,0,0,200 ,ENA
0xa3448d11301285998db7c6823de68c6053e1c76a,200 ,0,0,0,200 ,ENA
0xd3c9cca599c1ce3bf86b2d774f0cdf8173a7c39f,200 ,0,0,0,200 ,ENA
0x558c3aff0ea5351d6cf18e4c4dd07f16cef1137f,200 ,0,0,0,200 ,ENA
0xe2b2fa38863221129688c40e9bee47e7ef08879f,200 ,0,0,0,200 ,ENA
0x19d1c730cd3421cae7d8e4959ecbaa49019f0cac,200 ,0,0,0,200 ,ENA
0x109c8c744f982a36fd2c41bd070f5eeba60a4238,200 ,0,0,0,200 ,ENA
0xc69ceeb83574c81330fb80f1034d2f7e81d40f10,200 ,0,0,0,200 ,ENA
0x20df724bf8b5e9cd446f3ab3543e580870a18d01,200 ,0,0,0,200 ,ENA
0x0815411d970031e60e040a43c787c07e69a49e97,200 ,0,0,0,200 ,ENA
0xb2e4a4e6f88437dbc57b6cea500356aa160cddc6,200 ,0,0,0,200 ,ENA
0x122894d5a54fa90aed61d8a0987d5042720a0291,200 ,0,0,0,200 ,ENA
0x68de217dba1d3d2fdf517c95ea7aeb75595fe473,200 ,0,0,0,200 ,ENA
0xfc6e69b9690c85afeef6bd87b65baee59d2ddb83,200 ,0,0,0,200 ,ENA
0x90b27e391ab58d829af16fff2c3a83ebec57b2e2,200 ,0,0,0,200 ,ENA
0x878fb63b90fa1568c4d84c697917465ded536332,200 ,0,0,0,200 ,ENA
0xf5b250e5a3600bc0448a6f54b177e782bca775bf,200 ,0,0,0,200 ,ENA
0x8c7fc27225a048ce3d9af0b6acef0c175cc83e3b,200 ,0,0,0,200 ,ENA
0x121f5513e440e3709a47cccbe536379e11e1faec,200 ,0,0,0,200 ,ENA
0xb75edcef67506b423e0068328c52774d580e9475,200 ,0,0,0,200 ,ENA
0x37c2abe917a2369a9567609e0020472d714df0d8,200 ,0,0,0,200 ,ENA
0xfa333d0ce05aa717b1026c6266de8b9f4a328e11,200 ,0,0,0,200 ,ENA
0xd3e6681fff9e323b1b56a99e3ae240e3646a1a41,200 ,0,0,0,200 ,ENA
0x5358a76af946ddbf7be095918814239b6643d97d,200 ,0,0,0,200 ,ENA
0xe901f014947c9baeff94685b13e881de2aec1e84,200 ,0,0,0,200 ,ENA
0x37d62e05e4875e75d6660bac2d493f7cfbd4f1a2,200 ,0,0,0,200 ,ENA
0x272e3fb9d36a0f90080adf4997a4de74075eeead,200 ,0,0,0,200 ,ENA
0xdda5a706bdcff58835f5694c27a2bdbe2fc6506c,200 ,0,0,0,200 ,ENA
0x1bcd7d7fd1800ad995e776d6a589901e32204c2f,200 ,0,0,0,200 ,ENA
0x5b04848a9007ea7628197455d2be9e896870f8c2,200 ,0,0,0,200 ,ENA
0xb649186dbd7c5a7e5c95b43d69a9467488607cb1,200 ,0,0,0,200 ,ENA
0xf05e465ea8a789122c8bde5749ba8295b429f6d1,200 ,0,0,0,200 ,ENA
0x3ec5b7cacd58e00c462d7a546794dad3ddabbe97,200 ,0,0,0,200 ,ENA
0xef3d81d63a3a59b4075b7050f04e00ec6c14525a,200 ,0,0,0,200 ,ENA
0xffbdbec7392aa26f5d002dbd7abfedeed5369d76,200 ,0,0,0,200 ,ENA
0x89454b7142f5fe72f560d249b047120c96e18678,200 ,0,0,0,200 ,ENA
0x84e00797d7a9fd632e9251a822f715176acc62d4,200 ,0,0,0,200 ,ENA
0xce1a57ad6f0f33d235a55b99fcf08d079bc7f286,200 ,0,0,0,200 ,ENA
0xc1373238731fd3736e2a2acbad25975784005e91,200 ,0,0,0,200 ,ENA
0x7ca00f467aa8c555ec742f5f6b001da967f65748,200 ,0,0,0,200 ,ENA
0xf453619641e29ac3e66d8e5625b5f65731b8eb25,200 ,0,0,0,200 ,ENA
0xf079446878c0dccbe882c318e950e2816f37068c,200 ,0,0,0,200 ,ENA
0x37c92efe5e5bea7e8b44bdf61d9fc1572c8442b3,200 ,0,0,0,200 ,ENA
0x31febb78a84146ae51eafd54011f96fcb222954e,200 ,0,0,0,200 ,ENA
0xc7724e84d42c1bc9dabb7ee1d697ce46b789017b,200 ,0,0,0,200 ,ENA
0xc6165755e4633925880b073b5334c4dac081b4dd,200 ,0,0,0,200 ,ENA
0xb0b853e79776a7941031a44af9b0b447f0ecc52a,200 ,0,0,0,200 ,ENA
0x89d0450b76530200b0269a8f2040eb64a42e0c98,200 ,0,0,0,200 ,ENA
0x7f2da1a816460c340ba4dfaa9ebf34ec5b891bfa,200 ,0,0,0,200 ,ENA
0xdfef35dbaa9946acd8793aee6af6c1f28b87f11b,200 ,0,0,0,200 ,ENA
0x1386f30e05df8059d1f575fdb51bb73cc9729615,200 ,0,0,0,200 ,ENA
0xe67247f9eaa3173b0b5f3dc38b6c04cee3fee671,200 ,0,0,0,200 ,ENA
0x59eae6a894f5c97713eb7809f9a0170b66d66865,200 ,0,0,0,200 ,ENA
0x4fa963270ea9642d65fc05629c33710cb158dd27,200 ,0,0,0,200 ,ENA
0xb6c8fa4f7c19da7a1e5dbc633bf1a5a46b8636f7,200 ,0,0,0,200 ,ENA
0x7347f296099866ff5e58f6c1dea2374e64f406f5,200 ,0,0,0,200 ,ENA
0x1ed1ef8d920d678f571a9ba7c0d2ffc97b4f53d5,200 ,0,0,0,200 ,ENA
0xc5027ad9a34b789fa343ada427c205b159d711a2,200 ,0,0,0,200 ,ENA
0x74fb43ae270ee64bd4af6efc1894659d4912dd33,200 ,0,0,0,200 ,ENA
0x0d315279aed5246697e1a7718f87e1d4e199bcd7,200 ,0,0,0,200 ,ENA
0x27571c6316f21d2eda03dbd2320b2e1718d5ee88,200 ,0,0,0,200 ,ENA
0x127cfa499c9b35bd2c3cc462a52030215331fa7e,200 ,0,0,0,200 ,ENA
0x31374016270d6c007c759f9aa0afe9e5365c2067,200 ,0,0,0,200 ,ENA
0xca4d58e84320a56e3789cd76d35656983513f40d,200 ,0,0,0,200 ,ENA
0xb808f844e5faa61ab8c3a4f0ff3b073578ca1f82,200 ,0,0,0,200 ,ENA
0x0bec80f830c6f2c8eac6af609f64ecf778160c71,200 ,0,0,0,200 ,ENA
0x321259319e88851e7785aa72e84b7d529fae1fda,200 ,0,0,0,200 ,ENA
0xd6f146118d6ae60450add9f11833144e21d8a732,200 ,0,0,0,200 ,ENA
0x021ee54ea926000ad568bd69954c0b8f24151412,200 ,0,0,0,200 ,ENA
0x863436b3e4e62d3c60fb11e8094b443a819662fd,200 ,0,0,0,200 ,ENA
0x7818262746f42774a35e114597364a1650096201,200 ,0,0,0,200 ,ENA
0x10f64d2eea998acd31da4b1cbc82e5189bdfb0fd,200 ,0,0,0,200 ,ENA
0x4f48fd6bfcb9f60ed2c28e4f47c8a6505accb929,200 ,0,0,0,200 ,ENA
0x4536918ef429c04a141717bd86b5e2f92e131037,200 ,0,0,0,200 ,ENA
0x1871abc552e23c050cda0722ec185c608dc8d35d,200 ,0,0,0,200 ,ENA
0x2605bab787d18a857f083054b39442746b53ced9,200 ,0,0,0,200 ,ENA
0xacbbb819c99ed55c30cbcbec762e90cea061def6,200 ,0,0,0,200 ,ENA
0xa60c590bfc550f388229eb5df9bb25dedb01b77a,200 ,0,0,0,200 ,ENA
0x74a4f782e0b5c42e0c71e1a2bea0ae6c6c42319e,200 ,0,0,0,200 ,ENA
0x5267f4d23cb9b11230e6fb1d3852e02373ee345c,200 ,0,0,0,200 ,ENA
0xaed4948daa5b531a01736123fa915165657f0d8d,200 ,0,0,0,200 ,ENA
0xca5610ed4536aa55f386a62d78dbaa8da5d149ae,200 ,0,0,0,200 ,ENA
0x182d9db13e29938c7fe6863b2b7a579a0c7e3511,200 ,0,0,0,200 ,ENA
0x2a76844df86e595a62ee3860a47ead5ef65e98bb,200 ,0,0,0,200 ,ENA
0x9697e760a6d2472882d64991d0ed640480a039b0,200 ,0,0,0,200 ,ENA
0x79f45e630566823bda02f06499f45ad8165ace40,200 ,0,0,0,200 ,ENA
0x514959de49d47870cea651aa77aeefe2cb5bb1af,200 ,0,0,0,200 ,ENA
0xbde38a41dc1d0e43cf97c535280181a8342b7ce1,200 ,0,0,0,200 ,ENA
0x48649e7f62defd8ca5cd34051db9e445a7ddd374,200 ,0,0,0,200 ,ENA
0xa47d10ebf215f8c244a89305431798aa6ecd7363,200 ,0,0,0,200 ,ENA
0xd79d3b70fc762ce97fcc874cd0d93fabe3377fcd,200 ,0,0,0,200 ,ENA
0x718152d4954ad6ad78063d9fb4744c7d614d2d45,200 ,0,0,0,200 ,ENA
0xf4fff3cf136357224e7715d879133e501a007eda,200 ,0,0,0,200 ,ENA
0x738856620d4065e872bf720a48f2e554150318df,200 ,0,0,0,200 ,ENA
0x6e78209bc8ff76a618fadfee68d28f3460e3d19a,200 ,0,0,0,200 ,ENA
0xb5daa258f8627ee545291fae5f687907b1d3d5dc,200 ,0,0,0,200 ,ENA
0xd58f08b0831c8477dda3d945b9fb1f31a32e0420,200 ,0,0,0,200 ,ENA
0xba3a6834b0a63accaf549df47e103ad20bb24790,200 ,0,0,0,200 ,ENA
0x84af4cf250f32e5e9b87c9083716ba182d134565,200 ,0,0,0,200 ,ENA
0xd8bc2c3691e66c8570b54e43f93eb51b775beaa2,200 ,0,0,0,200 ,ENA
0x28ead920c48783cab1c9558f457c251e840a93be,200 ,0,0,0,200 ,ENA
0x94d1e8ad5b9e9a185ee46c62db2a9524066fa0b9,200 ,0,0,0,200 ,ENA
0x595eb8aff377f4e3c63eb305417c34b1d23f1a35,200 ,0,0,0,200 ,ENA
0x607ba5e23a3e9e6726e5dbd3c2ab91ca0277dc52,200 ,0,0,0,200 ,ENA
0xdb0cffc82497998f4e930598be8d103462ebb4f4,200 ,0,0,0,200 ,ENA
0x8fc06c19a7ce8c2b76caf679a8ffc7e641290979,200 ,0,0,0,200 ,ENA
0x23c2899bedf1e4d2d9222340b8740f2d45c55b58,200 ,0,0,0,200 ,ENA
0x64c777e60da3bf3a14440896cfb864d86a6b43d7,200 ,0,0,0,200 ,ENA
0xd594188cea8cd18d648e0f0dafff87d78b7bc6e7,200 ,0,0,0,200 ,ENA
0xe353bcc0d705721b53032d7b1fabc28d04a9ba0e,200 ,0,0,0,200 ,ENA
0x28ecac04d9c7bd3e09fd71fb12c415d5594ef699,200 ,0,0,0,200 ,ENA
0x1e5bc8521989d4948406a7389a10c71c47e9b7e4,200 ,0,0,0,200 ,ENA
0xab37c753a64f1beff941c3abbe03f7153453e3f5,200 ,0,0,0,200 ,ENA
0x56d538f82f611e0064aca1b9437f59787cf743c3,200 ,0,0,0,200 ,ENA
0xf5d2d6f1e4c49ce1b9a853c5e36763b9c0130060,200 ,0,0,0,200 ,ENA
0x44f461efde960751363ef7e55eb164be19a8d7b1,200 ,0,0,0,200 ,ENA
0x76b699fc9432266255c38ff289b2f1d519b5e3d8,200 ,0,0,0,200 ,ENA
0xa5ff770e424393bc8f13d245e676f88181e89a6e,200 ,0,0,0,200 ,ENA
0x4a48c811bb106c5fb4d0412641e577b1f80da9a2,200 ,0,0,0,200 ,ENA
0x227953a56f30336355f026162fdd110cff925aee,200 ,0,0,0,200 ,ENA
0x7a0058fa0fac0b19c3f2c4886b84c2942bcb550b,200 ,0,0,0,200 ,ENA
0xbdac660ff935c71b1da9337452bce53c3f8d1749,200 ,0,0,0,200 ,ENA
0xf183f57419adda4cd4f05219b62be6ce963baee9,200 ,0,0,0,200 ,ENA
0xef0d66ef91e519470b8bcdda8ebefea6c9aa848e,200 ,0,0,0,200 ,ENA
0x44b14aa72b9dadd88934a9ddd8f4339ffff56263,200 ,0,0,0,200 ,ENA
0xc0fb55c45ccbeaaaa4b31058e9abddd710c7ffc8,200 ,0,0,0,200 ,ENA
0xf0956b4199ae624c8c6592d2378a37a738a4e5c6,200 ,0,0,0,200 ,ENA
0x73eaa34437fad99c150b720bafbea11d2c56fbb1,200 ,0,0,0,200 ,ENA
0xd12b87858a2e3c875068bd6142b61dc2d3f027b9,200 ,0,0,0,200 ,ENA
0x13130b38b4480cb3065d2a184252dd40382b1971,200 ,0,0,0,200 ,ENA
0xfccf70aa64e36dfb77af1853b6ae5ee6f83cd48d,200 ,0,0,0,200 ,ENA
0x4f1c7fee7c5cad635fbec3acbae829b38d32b8c6,200 ,0,0,0,200 ,ENA
0xc55da9f2ee9ef1815c3e27fba86ac05a54cca300,200 ,0,0,0,200 ,ENA
0x00cd1e5eebd667404deaa5c676731c98c295ccef,200 ,0,0,0,200 ,ENA
0xf69798ffbd8238255e9468a5122132f099c94621,200 ,0,0,0,200 ,ENA
0x367ea041efea75cbc6c191a786700cfa38ead2ae,200 ,0,0,0,200 ,ENA
0xe321ded0f5f44c4595bddf489804504dd55edc87,200 ,0,0,0,200 ,ENA
0xb20417433d9450e22e23a9da263404a808af8beb,200 ,0,0,0,200 ,ENA
0x7c73990d521d9b8fb5109b15fc1ef68ca5f6465e,200 ,0,0,0,200 ,ENA
0x0a30cf7dd323ad64e6a8ffc259b9a17f04b4d70a,200 ,0,0,0,200 ,ENA
0xb908362ab5b081d76a5776115ac9a606127bc4d1,200 ,0,0,0,200 ,ENA
0x7562341fbd2deecde18de0f002f7b0536c6f57cd,200 ,0,0,0,200 ,ENA
0x185b558c3aca2ab03ecf4054f231298f786a3469,200 ,0,0,0,200 ,ENA
0x6de57d9abe4c1848f79a0029bee7b51c6d120e7f,200 ,0,0,0,200 ,ENA
0xc241a249dcc2dbfa213ee9eb3e23f80eb8003905,200 ,0,0,0,200 ,ENA
0xae065cfd746b3ef58c8ddf04cdba7b9a2c81220c,200 ,0,0,0,200 ,ENA
0xebb951445da01f2f4e7aca21662372a06609991b,200 ,0,0,0,200 ,ENA
0x81bdd519d21d373876a8c67a3a94360e69292f6f,200 ,0,0,0,200 ,ENA
0x39aacf72b948a1fb93c622a91ef9f92d4a1ed7f0,200 ,0,0,0,200 ,ENA
0x381ec9444855dd5f973c92d7a5108daed691a7cf,200 ,0,0,0,200 ,ENA
0x4189d3e88c7ce413dab48eb526f3e059f408128d,200 ,0,0,0,200 ,ENA
0x15e091d0a0c9d16c1d602500cdb86d07fabbb077,200 ,0,0,0,200 ,ENA
0x3bce9c3c4137e019eed55aab8c1896fe6564478d,200 ,0,0,0,200 ,ENA
0xf675e98aa778d365a7c54287e326251ecb84cbb6,200 ,0,0,0,200 ,ENA
0x808dbe83ad05c578a55612b3d0753edec31a05a3,200 ,0,0,0,200 ,ENA
0xb473e8d6a1b8bbb224e4fceee78b2d7969393a42,200 ,0,0,0,200 ,ENA
0x07215e43436a3176f7583f17c4e499f5c14269fa,200 ,0,0,0,200 ,ENA
0x6b386c4e31252438dda63d23885e2804a2bd372b,200 ,0,0,0,200 ,ENA
0xffd89cfa4e70fa0eb09bec11ce4cacb2f5742d8d,200 ,0,0,0,200 ,ENA
0x3a66862e38d82363742a637f2b1c8a12d3cd3fd7,200 ,0,0,0,200 ,ENA
0x78f7fab664358f81c419369644fdaafa8c822bf0,200 ,0,0,0,200 ,ENA
0x37675606f5bad37a9a47d181b3b50fa649d08402,200 ,0,0,0,200 ,ENA
0x8d7a8718e31ab5cc3382d91aecf58e27c99c7cc1,200 ,0,0,0,200 ,ENA
0xa384c80b40597230567254519b9b88c3b8217fb6,200 ,0,0,0,200 ,ENA
0x0e8e749000c5395a4b318e47634cbb3d6c423426,200 ,0,0,0,200 ,ENA
0xf06b42875f83fed104b3e98d0572b8a6bf8965a2,200 ,0,0,0,200 ,ENA
0x632637ebb0df5055494355e2bed2786352c54caf,200 ,0,0,0,200 ,ENA
0x429e3db63c3b89d60a7f8ad9ed8c64c239c7b8ca,200 ,0,0,0,200 ,ENA
0x5261785d25d01defa15d14edd1f45ccc64797f62,200 ,0,0,0,200 ,ENA
0x449e352e952c9bf0b4acc0e983cd48f867492528,200 ,0,0,0,200 ,ENA
0x02cf312a35d0ae97f7d07315b934fc4de8b496e5,200 ,0,0,0,200 ,ENA
0x0fd0eb5861d70f8bf7d3ea6e21e9830e52b82a07,200 ,0,0,0,200 ,ENA
0xb7b0224dc15202b187c134d2069b285d3c2053b0,200 ,0,0,0,200 ,ENA
0x80c90e5ea8681488b14782470b4f3ab3662f3131,200 ,0,0,0,200 ,ENA
0x19353f17013f62faf62e50e29eb06cde60df31a1,200 ,0,0,0,200 ,ENA
0x27020f380f52a695d63b39d48032d9d88003c56c,200 ,0,0,0,200 ,ENA
0xb2d859af35a1e51e398d45d2f17d1a4c18c1680c,200 ,0,0,0,200 ,ENA
0xedc51426f46c42d007280d8d9f8cb86cb54d36f7,200 ,0,0,0,200 ,ENA
0x78e06f001c8e23b83b1b4d2a32065ee0c8e1be13,200 ,0,0,0,200 ,ENA
0x0fdb956b85630912f56d1cf7be8ac2c923e407f7,200 ,0,0,0,200 ,ENA
0x2d0818013dbf1819183bb3120920ce262a2d7423,200 ,0,0,0,200 ,ENA
0x00886c5e7c41561c681a9ff56a3edf38b66d60a6,200 ,0,0,0,200 ,ENA
0xe488de2451a6cb2109dd21aa1110cdac4cc7f83f,200 ,0,0,0,200 ,ENA
0x1d21a7ee181adad63a2053e70807bb71066f26db,200 ,0,0,0,200 ,ENA
0x640d28c450709089eef7c752ef83d5775faa08ab,200 ,0,0,0,200 ,ENA
0x4b3fc2f1ac7475879c7ff99db39674ce0f7c7d9f,200 ,0,0,0,200 ,ENA
0x73258e488a157e01901a1fa8cba90874036563b7,200 ,0,0,0,200 ,ENA
0xf9b85618e680f701f7a26de0bc7a2e2a370ea42f,200 ,0,0,0,200 ,ENA
0x2ed9bbeeebca837091259923d64be7eb7e0e8a09,200 ,0,0,0,200 ,ENA
0x4a5fa55f72f3d0fa7908cebe0d50d4bc76580ee2,200 ,0,0,0,200 ,ENA
0x19c0359295d543390757c188cc4c496387a580ba,200 ,0,0,0,200 ,ENA
0x0da3ee15fd922d078511539705d4a4fcbfbaaa81,200 ,0,0,0,200 ,ENA
0x7af95194fa69e74fd590725c74aa8d03da16c50a,200 ,0,0,0,200 ,ENA
0x540a7492093c07cc596c0adff35942ac8e08b0f1,200 ,0,0,0,200 ,ENA
0x93f07a9b4230091d06b7f073460b16c5eb1d0075,200 ,0,0,0,200 ,ENA
0x54dde0aa58b90b4dc7c1e30df1b33962b5c104d6,200 ,0,0,0,200 ,ENA
0xf974ede806089e28d6d3a7836714f2a6068a884b,200 ,0,0,0,200 ,ENA
0x733f886c0e499e4a8aee50a9feba140840c6c469,200 ,0,0,0,200 ,ENA
0x590e0019e195e2dc3d614f1c22737caa8103b55a,200 ,0,0,0,200 ,ENA
0x94d820aca6cb4bb8cf202e46f19b100f8e0926b8,200 ,0,0,0,200 ,ENA
0x415cc633bf5ef1d82200c3215fb4f3d14a0880d7,200 ,0,0,0,200 ,ENA
0x357c165881bc028e3eec8ead07dd362c89133c7f,200 ,0,0,0,200 ,ENA
0x23c85bf76a59b08a7327a970e38d3c0b71abc6d1,200 ,0,0,0,200 ,ENA
0xb5f7a696469e689e8a73f195849c028b107e8ba2,200 ,0,0,0,200 ,ENA
0xb794e3b96dbd83a303b503ecfc9ab118e51cb5cd,200 ,0,0,0,200 ,ENA
0xd0b34f787f0fad1b7b6d361a173fae262750547a,200 ,0,0,0,200 ,ENA
0xc371573e69842d6098369de8d50f8a35a5d109f0,200 ,0,0,0,200 ,ENA
0x735a6d8f480b2ec51dcf4f089068476837312068,200 ,0,0,0,200 ,ENA
0x3bb13842737ddd76e061764ed4e8c8befa0f32e4,200 ,0,0,0,200 ,ENA
0xa966a0079a8e94a7dd63cb0155666f84bdc4bf6e,200 ,0,0,0,200 ,ENA
0x63256332a480d4415abf6a50e5a87815c87a4af3,200 ,0,0,0,200 ,ENA
0xe494fe66b641e3af84b3e2ae5fa3ce76f1708d63,200 ,0,0,0,200 ,ENA
0xddd3dbebd7f7ee4c5f50b35de0ef7eaf197e44cc,200 ,0,0,0,200 ,ENA
0xedf20419efecd79440c05cc645562d509a164263,200 ,0,0,0,200 ,ENA
0x208f3dba2c5edebf58c0e9bdd5ff517f23e9f3f2,200 ,0,0,0,200 ,ENA
0x4b0d23330aa1507db34627e3f6217be19fd6b2ba,200 ,0,0,0,200 ,ENA
0xef63107d6e2c2118c6e292b098516c14d65eece9,200 ,0,0,0,200 ,ENA
0x431e65f74afdcafcedcee5ba65b09a65f1272577,200 ,0,0,0,200 ,ENA
0x670a01d1251abefcdc7a0b75e2b64da6efb9fe1d,200 ,0,0,0,200 ,ENA
0x31a6186bda4d3dfeed2b56ac3479e437b1ec4a95,200 ,0,0,0,200 ,ENA
0xe2ecb3cf8a3b49d385848ab1282daa79de8e1f98,200 ,0,0,0,200 ,ENA
0xe3cdb3fc105d27c34d5230a2faddbcb7aa3d84fd,200 ,0,0,0,200 ,ENA
0x50ef8d5bbfc022576b1e79a1170a1cabb1b95a47,200 ,0,0,0,200 ,ENA
0x743ca246439eda1256de92ae66707329bac9759e,200 ,0,0,0,200 ,ENA
0x2e86a70060b0c7272f509112a3fcd60e27733971,200 ,0,0,0,200 ,ENA
0xd7ae65c35b8ef603586c807d37be440946ab83d3,200 ,0,0,0,200 ,ENA
0xdc089311d7c26cfcb180db4ab327c2f83f47db4b,200 ,0,0,0,200 ,ENA
0x111dc4c4bc4635d94b9c5b6afbe8457acd62bdf2,200 ,0,0,0,200 ,ENA
0x341031335f3aa4d035286999e481da89c5872199,200 ,0,0,0,200 ,ENA
0x28a1e99ffb911abbbca7d6c5ec89ff3aa3bbf937,200 ,0,0,0,200 ,ENA
0xe6b2c091ce599533251acd8b22de51f0311a7613,200 ,0,0,0,200 ,ENA
0xa069349e7bfbe89b7f883f613379927cab0a563f,200 ,0,0,0,200 ,ENA
0xaa02b89d2daa64810cc5b0d8d8496d023434d34f,200 ,0,0,0,200 ,ENA
0x53bb4a4eafed31b562d766a61c8bc4681caf2ee1,200 ,0,0,0,200 ,ENA
0xe2e2a92e5548d381574c9250562eac794a7570e9,200 ,0,0,0,200 ,ENA
0xb1e4920d9ce9123296911c1c1b143a7af89e0b0b,200 ,0,0,0,200 ,ENA
0x38d8baf8f606065d74afaf47a0d474baa39ed311,200 ,0,0,0,200 ,ENA
0x614d5df5841f41fc79536b5b32a8144e8932a6ac,200 ,0,0,0,200 ,ENA
0x211cc5271648df95366c4ef0be72817f5d996dcf,200 ,0,0,0,200 ,ENA
0x45d1ef039c805bb2c5f4e55e9ccbef87e7229192,200 ,0,0,0,200 ,ENA
0xf7941100e4963cd10b9e6276d91a05a16f0d98c1,200 ,0,0,0,200 ,ENA
0xc468edfaef8d2fa5bc9544fe09170773695c2b3b,200 ,0,0,0,200 ,ENA
0xe2dc4a8fff708353f56b8ed3d141dfec42073c9a,200 ,0,0,0,200 ,ENA
0x228630acf0c2e900ec3ef2e0aef77f53869dc5cb,200 ,0,0,0,200 ,ENA
0x94688414a7e77e19de91763f161340eca77e1c57,200 ,0,0,0,200 ,ENA
0x9775f2da34af9fa0df022b7c03d2c32458597f7a,200 ,0,0,0,200 ,ENA
0x40276fcf45d0e00ca7c70d2bf84bb39b023acc43,200 ,0,0,0,200 ,ENA
0xb969c6d5af3f93a9909f903f12a177fd3dc31a5e,200 ,0,0,0,200 ,ENA
0x4053ff83ccac6506129506e2a5bc3a2cacd8e7f3,200 ,0,0,0,200 ,ENA
0x734b5b2af9ff4abef109f27ee6f8a359b0dfa56b,200 ,0,0,0,200 ,ENA
0xab823b8f6b96e78e9eb56142e85f1fc7c681522d,200 ,0,0,0,200 ,ENA
0x51eb31cbf95d4a8a37bf6899f640189ed9cc7403,200 ,0,0,0,200 ,ENA
0xed063332418c3517fa6a650a69f08bc63f69d921,200 ,0,0,0,200 ,ENA
0x23ba6abc688500a62e4c170ee7e3335dd3079dd3,200 ,0,0,0,200 ,ENA
0x5f3fe22b59fbf72fe5d164dd4c41fe7e49b79521,200 ,0,0,0,200 ,ENA
0x716f34b9fab997ffc2786393f5ef31113021d7e8,200 ,0,0,0,200 ,ENA
0xbfd23d776f2467d4a8e6cf5db9be1ddd1942cd56,200 ,0,0,0,200 ,ENA
0x5b09e497c9ad2f0a22183ec2823961147e942753,200 ,0,0,0,200 ,ENA
0x0f0b947b8558a78a61c115a48b691074c3db54ec,200 ,0,0,0,200 ,ENA
0xaeafc354c47e90d0b6517dd1b94b7ccd6e0a2ef3,200 ,0,0,0,200 ,ENA
0xb704f7b4a94438d7a3c8bcb64e852e74136f1d3c,200 ,0,0,0,200 ,ENA
0xe3d7931613e55f3d9fe56371c23bd0b6ad8c5445,200 ,0,0,0,200 ,ENA
0x9d0f275d3b953a4d931183ef28816dba8030ff9a,200 ,0,0,0,200 ,ENA
0x506f7a9090ab73555f341ea25533bb7acc5363e2,200 ,0,0,0,200 ,ENA
0x1b5ecfc052d57c983c5ff047ac57ce42e0a6b077,200 ,0,0,0,200 ,ENA
0x7007a396f054e0634c98fd14c1cf8f2a16b674e6,200 ,0,0,0,200 ,ENA
0xe2d8733bd840af4319114735a1e31552999a0a5b,200 ,0,0,0,200 ,ENA
0xb2f62dad299105071dd7eb65b7b6a8cf1447a5fc,200 ,0,0,0,200 ,ENA
0x855e441a1454213baed8a8e836558cbdb97ae972,200 ,0,0,0,200 ,ENA
0x86b258126eda285d2694cab242333639bbc2752e,200 ,0,0,0,200 ,ENA
0xf394ecf33f7a72bf76273c081963d24789814aab,200 ,0,0,0,200 ,ENA
0x7a74a57444e5f6fc2b210746e33f8fe8bbcfd660,200 ,0,0,0,200 ,ENA
0x31ab806936e5003ceabb42b328d538a99a7afb67,200 ,0,0,0,200 ,ENA
0x93ecd858ace4a8dfe4cd10c849afa98b570d3b3b,200 ,0,0,0,200 ,ENA
0x3761ace1af2f213a894e013f664f8a22667382b4,200 ,0,0,0,200 ,ENA
0x181de8d78f05dd7d58ef4f890fa77208a1f82f09,200 ,0,0,0,200 ,ENA
0x69acc5ca664214b4348af7b442f0d28e5a5c3cbf,200 ,0,0,0,200 ,ENA
0xc74e255cabc1b5b84e2385448d1f4124176c9f5f,200 ,0,0,0,200 ,ENA
0x11fbc3b40556ee9028d98f298add4ab5937f73e8,200 ,0,0,0,200 ,ENA
0x36e1aa70bf50891b986cb993a5996678c292fc07,200 ,0,0,0,200 ,ENA
0x2813ea9a996437e3ffef968adb1393c083b47847,200 ,0,0,0,200 ,ENA
0xc9f33329341454352331a46fe85872174771ad83,200 ,0,0,0,200 ,ENA
0x1453ce13eb53563225ff5d00811b554a41206dfe,200 ,0,0,0,200 ,ENA
0x8cc88ed2ab6c5a022483ad720e59c184fe0de01c,200 ,0,0,0,200 ,ENA
0x5134ab9de0409a6eaafaab09c5aaf4c2635c03c7,200 ,0,0,0,200 ,ENA
0x98827cfb81b78986362944584ddc7bb13f668f6b,200 ,0,0,0,200 ,ENA
0x2a5eb3a135143f8e013189da312dd7ae37018775,200 ,0,0,0,200 ,ENA
0x1d78b762afc4680d5bfbeadc24d07377128fcb9a,200 ,0,0,0,200 ,ENA
0x6aa1a19f1be76f9d46c60060a0e1cb92ea74a8b8,200 ,0,0,0,200 ,ENA
0x533a61607354c4c9a5c413d12f5a58ec50b59323,200 ,0,0,0,200 ,ENA
0xe5ae31ca1919419a44a3ebe02db968accfb7af3b,200 ,0,0,0,200 ,ENA
0x2fe5fa66be390575711af2b1326fc9d9126e7979,200 ,0,0,0,200 ,ENA
0x42c7c836b25e1b145754c35b92fd36530f9e39b3,200 ,0,0,0,200 ,ENA
0x47f8a4a08629d8dd2ab1381fa5719b6da7ac4fd1,200 ,0,0,0,200 ,ENA
0x727370a91d0f54710b47412b3fb6c606200a25bb,200 ,0,0,0,200 ,ENA
0x7e1c25e5ae8f907002b4df403dedfb629c286f8a,200 ,0,0,0,200 ,ENA
0x8451fb982d12ab32f85ee36fbafd2f2950792c9c,200 ,0,0,0,200 ,ENA
0x413104a63cc052ee839391acf6c8c69667d5c399,200 ,0,0,0,200 ,ENA
0xf4d22ec092f326e4a0edc3b4b66baa2c901ec4f7,200 ,0,0,0,200 ,ENA
0x72702e019c5aad7c055a004048cc430d3b3ee309,200 ,0,0,0,200 ,ENA
0x5718107ac9bdf945a85eadb99f088fde04b330ee,200 ,0,0,0,200 ,ENA
0x7b50d930f66e10826010431d0921e4f095b89f19,200 ,0,0,0,200 ,ENA
0xc3177f43005f0a9fae8b92d629297c78087e311e,200 ,0,0,0,200 ,ENA
0x12a64515537d38cfa37fc66025f559b90ec3cf17,200 ,0,0,0,200 ,ENA
0xbcce57163eb9bd2185f12032a05e73891aff4d42,200 ,0,0,0,200 ,ENA
0x3f74b863a450603a8a5f5db7a04df4df5849dd70,200 ,0,0,0,200 ,ENA
0x0c07aef2f354082ccae93f9a4217da05b0fd96f5,200 ,0,0,0,200 ,ENA
0x975b4f95a474ec44e7302d1edb617aadfee55cac,200 ,0,0,0,200 ,ENA
0xd727ba92314028c7e3c6407d4d9398307f6f6c86,200 ,0,0,0,200 ,ENA
0x41f48b07adbbe160bec64f5220ebd27dd6ed606d,200 ,0,0,0,200 ,ENA
0xd08d94d89a98ce166b6f5fd1f7848d55e0161465,200 ,0,0,0,200 ,ENA
0x473e9ec4b4ea6096eff504a78f679ed92208017a,200 ,0,0,0,200 ,ENA
0x2586bf50a42f3d857b3912afb30e95c9c19e804f,200 ,0,0,0,200 ,ENA
0x753d59346bc4a8b0148a0cfe02f082614aa14c15,200 ,0,0,0,200 ,ENA
0xa33a219628c6b7cc8cf69af5424c3082106cf7aa,200 ,0,0,0,200 ,ENA
0xc5e2d993425d2c301fa93505b72acb6a98309a5b,200 ,0,0,0,200 ,ENA
0xba5e4047d515156726e7c637ab54a0a2711a16b2,200 ,0,0,0,200 ,ENA
0x6507da502bca19f3b4bdfc12217f917400d49a9e,200 ,0,0,0,200 ,ENA
0x7829b9ece2f9939ca32428801028586489c63286,200 ,0,0,0,200 ,ENA
0x1aeeedd0dfb85376c5feb7fe133f2f96bb42f83d,200 ,0,0,0,200 ,ENA
0x2b5a9d008df2e20bfb1f2f13fea15527d53e58f5,200 ,0,0,0,200 ,ENA
0xbe57f88bcc88b75b039f05d5c9df8ff5578db6af,200 ,0,0,0,200 ,ENA
0x50625457c36e40e10f37f7dec8fc4025dd3e58f6,200 ,0,0,0,200 ,ENA
0xcb017d2ff06490c1714fb425ff4e326c9a54630f,200 ,0,0,0,200 ,ENA
0x016dc50d28bcbfdf762ea78273378db9d0cef0f8,200 ,0,0,0,200 ,ENA
0xec614a1a091904efc41df4f9e64ace9315edfbf9,200 ,0,0,0,200 ,ENA
0x20a981023469b4772b16ad38b507897a733abe74,200 ,0,0,0,200 ,ENA
0x3f857ebf7800a35dbfbc316603413c5a319af9a7,200 ,0,0,0,200 ,ENA
0x21b7bb14afae657c703e6c7620be31906208f97e,200 ,0,0,0,200 ,ENA
0x7e6d9a165e7fbde572812b52ed13c866bcc56ed2,200 ,0,0,0,200 ,ENA
0xc76ac4ab664abc9c3d854de86204f35913a98466,200 ,0,0,0,200 ,ENA
0x8ca70a91b8bf71c85fb60c84f7dfc8ceac2d7c1d,200 ,0,0,0,200 ,ENA
0x3bbea8bc2604aedfc6c3b675c20b875f636e97cb,200 ,0,0,0,200 ,ENA
0xc7c80aa903565edbd5d2a5c7d32bd9112523a4b0,200 ,0,0,0,200 ,ENA
0xdacd8c6c9f1d3d3749ffc82c0ad805e013675874,200 ,0,0,0,200 ,ENA
0xce9130318b0995a307528163367f3c8a3c34ce2e,200 ,0,0,0,200 ,ENA
0x6521dae63a1d0b875715d1f3280b45c782fdf13c,200 ,0,0,0,200 ,ENA
0xbc5c6014e76a47f0c92d554d835cd6a8d621c406,200 ,0,0,0,200 ,ENA
0x88fe05824317e8320b3690ec4e10ff005fa2885c,200 ,0,0,0,200 ,ENA
0x2e21f36e823433d1020ceff99fecf0689c6260fd,200 ,0,0,0,200 ,ENA
0x5b70c010ba3c583c84e76abd53fb8e55dae53956,200 ,0,0,0,200 ,ENA
0x5775eee0434ba31fd2d3006eeeee30402f3b8873,200 ,0,0,0,200 ,ENA
0xce10275f887ba04049993c8424bf1dc42c863d8c,200 ,0,0,0,200 ,ENA
0x938c8f36a1ee23e6eca15cb3b835a8acc1e63bd3,200 ,0,0,0,200 ,ENA
0x497cd92280e97aff22e54d7208a99dcbe3b31b27,200 ,0,0,0,200 ,ENA
0x10d3cdab0529a6c536c5698fe297881d678ff4f3,200 ,0,0,0,200 ,ENA
0x0c3f0a303fbab365540477f7dc403a9a4010b3cb,200 ,0,0,0,200 ,ENA
0x9a9ccdc2395c1d6890e7a6244fa4fd0d5ee20a9c,200 ,0,0,0,200 ,ENA
0x4d60cab707794f69113e9d3d79b64c8db7ebd4c3,200 ,0,0,0,200 ,ENA
0xc7570ae157f68874ebd7f34aa69a92efacea7c39,200 ,0,0,0,200 ,ENA
0x1ba3421bbdd9e01e4b6c3396d70176f9690ebe8c,200 ,0,0,0,200 ,ENA
0xb9d86d8b5e703009457b68b13aa72b4fd587d915,200 ,0,0,0,200 ,ENA
0xf0261ab05868dc3ca41e2e562a9504c1171b8002,200 ,0,0,0,200 ,ENA
0xa4d04fac7c83433815eb7b56c46c3d2a1fcb1866,200 ,0,0,0,200 ,ENA
0x1cbb540ad82aecc610acbcb4b46b202f09b264cd,200 ,0,0,0,200 ,ENA
0xeb350b07f5a7427b744b128563403452ff6d8caa,200 ,0,0,0,200 ,ENA
0x431c473b5994ccf9aeecb262476e073a28b46330,200 ,0,0,0,200 ,ENA
0xb1f3e799d1f0fc4c0cbf95240fd179adf7f5495f,200 ,0,0,0,200 ,ENA
0xff665cd0ef68191ba08825c2a57e05eadb08fdb3,200 ,0,0,0,200 ,ENA
0x7e6b1c9bd672548dbcf40c34dc0dc6ed08472d4a,200 ,0,0,0,200 ,ENA
0xeb1214da92c43cdd3e40b647c7a9ca419e41d25a,200 ,0,0,0,200 ,ENA
0xc9606f97e11b10c73b3589fec1a6521fd4ce3832,200 ,0,0,0,200 ,ENA
0xaa95191b0dd2b920483e38c68695f73f07006d55,200 ,0,0,0,200 ,ENA
0xcdb4f1019535ca6cb02fbcced3faca4035cecae2,200 ,0,0,0,200 ,ENA
0xd8ebc0a1b12b996b8dec930ede381d63b35a7b74,200 ,0,0,0,200 ,ENA
0x3c880e1e863f23a2e4c422cd014cee29d7476e0c,200 ,0,0,0,200 ,ENA
0x0c00db11cc2be667d418b26e6abb445047e1cc7a,200 ,0,0,0,200 ,ENA
0x3338c3fc7c787077289060951ea6372032ea1fa5,200 ,0,0,0,200 ,ENA
0xff166f7693f694c02ea64e62a67b043e6f857903,200 ,0,0,0,200 ,ENA
0x33b265fb711ddc14675b5ee70d5f91fe172b8896,200 ,0,0,0,200 ,ENA
0xd83d7215242d8d192f78f6eac4d1ea7c58ed98a1,200 ,0,0,0,200 ,ENA
0x980548dd6ec0b3bf9d7a0b3af798d995eb683359,200 ,0,0,0,200 ,ENA
0x970559ab4d6488151bca968714b9d66bb803cadf,200 ,0,0,0,200 ,ENA
0x956e277aca9d85a4a6f4c658d82f107dd9e765da,200 ,0,0,0,200 ,ENA
0x9e382937380aef141b823a84b9115f1777b802e4,200 ,0,0,0,200 ,ENA
0xe15e2192a2ebee32040b1cba3213cee5e407952f,200 ,0,0,0,200 ,ENA
0x0d9ea0208fcaeb1dc0ebf18ad68f4f0cd6722f2c,200 ,0,0,0,200 ,ENA
0xb41bc390751908db69e6fd1de9973c862c729d77,200 ,0,0,0,200 ,ENA
0x32840298dde9c58788c7142d9f782e1169c70b74,200 ,0,0,0,200 ,ENA
0x8a1f1df87fef09d16d5f630623b8d4c953a6c591,200 ,0,0,0,200 ,ENA
0x3a9e5e90b35c13f271b4fc1dbdf3becf7b37ec69,200 ,0,0,0,200 ,ENA
0x0ea1b4352877204df2734e36c24e87bde4fe7e2d,200 ,0,0,0,200 ,ENA
0x7892d901140a57add2609ec24b7f08099d88d17b,200 ,0,0,0,200 ,ENA
0x50dd6fcc6fb827aaf92358710d94230168e8c1ef,200 ,0,0,0,200 ,ENA
0x2e92bd92f5335f00977eb68c73725ce46a38b71a,200 ,0,0,0,200 ,ENA
0x4a976ffc59408f9a3302c21aea21b345187dfb31,200 ,0,0,0,200 ,ENA
0xe0ba9b4edfd5151abf71948170145d14fb4ed995,200 ,0,0,0,200 ,ENA
0x379577fb38bbea6cce646c2d6565ec269a7cc648,200 ,0,0,0,200 ,ENA
0xaf2839148ca708d6771649cd55295396e8543bb2,200 ,0,0,0,200 ,ENA
0xc03ed2c894893c10c119935d36e157425a883a26,200 ,0,0,0,200 ,ENA
0xf81df2476debd1a0845d32e3404956a75847e7e1,200 ,0,0,0,200 ,ENA
0xa23d0deccf7a6812ca1b3ba290347b3a99ddbe90,200 ,0,0,0,200 ,ENA
0xd3bd9fdd6ee804bd8fadd58fe5350058563d6adc,200 ,0,0,0,200 ,ENA
0x6250a4b7b142fd2d6ad0d9eb3c4f85f8dee33d6c,200 ,0,0,0,200 ,ENA
0xf56c4443174e9cd89d11a28d027560cc9ebf443a,200 ,0,0,0,200 ,ENA
0xe3123c18c0f36f416bec3487c84f99f31cf7ccc4,200 ,0,0,0,200 ,ENA
0x943d319d6db9a07a1b37ea23f65125e7f99c5109,200 ,0,0,0,200 ,ENA
0xda9cd1550d65827a8c16b1dc2f85723d075f1725,200 ,0,0,0,200 ,ENA
0x2853394dd9e7bb5f1712b24495f8cf182e2af798,200 ,0,0,0,200 ,ENA
0xedbb200aea654afb13d9917255521ab4d85873c7,200 ,0,0,0,200 ,ENA
0x775a82e2a22d38ab576bb3e378c53649fa8304bb,200 ,0,0,0,200 ,ENA
0xa8c1e040207980f148fe2103689893ec06c84075,200 ,0,0,0,200 ,ENA
0x74da30b598f40c566b8b290961e6b62fe124e647,200 ,0,0,0,200 ,ENA
0xba98699a5ea8e04e35174800c6f75c6b321a8ab0,200 ,0,0,0,200 ,ENA
0x39c34a805b4d6740a261ea7d6a75ee3eac05183b,200 ,0,0,0,200 ,ENA
0x38d264e3bced067138cb69c43064ac4faba7cec6,200 ,0,0,0,200 ,ENA
0xa20a2e0b3e073c5db3b29074d7f54fae07d5fcb4,200 ,0,0,0,200 ,ENA
0xb054e647a406f1a5aa6e05b7e54b70726c14bcef,200 ,0,0,0,200 ,ENA
0xccee80c0321cccb6633ad61e41c01194c2415e17,200 ,0,0,0,200 ,ENA
0xcf6147142efbb26a4311dabfd30c8907668e15b4,200 ,0,0,0,200 ,ENA
0x6b3800e53993d3435c2285e4be89e6a3c3fd3a34,200 ,0,0,0,200 ,ENA
0xedd3469dc04dc4cc0d227b44709ffe71051878aa,200 ,0,0,0,200 ,ENA
0xcace1393615848ba4dcd4801a0ab08a9a7db2f1c,200 ,0,0,0,200 ,ENA
0xa20c62d563a5065ffd744273278a88a6a91ceefa,200 ,0,0,0,200 ,ENA
0xc949888c95276bcd30bd3194f7ac54173059766e,200 ,0,0,0,200 ,ENA
0x478a5e74993540d23d78b92bba5311438d941e0f,200 ,0,0,0,200 ,ENA
0xdd9d5aa7c7afe305ffb7cfab6880ba5c3201cf77,200 ,0,0,0,200 ,ENA
0x7c95325da24f5644d78a2f096e89d39bd2e4601d,200 ,0,0,0,200 ,ENA
0x10976f3328de99d4d234d9ceff3ccaa26474e7d7,200 ,0,0,0,200 ,ENA
0xb6b870c6181a68b0a0e6da3eaae04f16c97c6803,200 ,0,0,0,200 ,ENA
0xdeca7edecdbc0752208c17972bac52442b437fc0,200 ,0,0,0,200 ,ENA
0x6556ca70f1d967b3666702e7ae754ac106a98684,200 ,0,0,0,200 ,ENA
0x2748e3a021eafb3185d10b583d58e121472b43da,200 ,0,0,0,200 ,ENA
0xacfd483623275e605aff38ac784babd2d3e27c6d,200 ,0,0,0,200 ,ENA
0x19dfced379e65ad79065ee6b5fe4f49b73d2ff7c,200 ,0,0,0,200 ,ENA
0xa1d2a80be1b888a0afb7d64ebe53fd90ccef05e5,200 ,0,0,0,200 ,ENA
0xad3a3c78f0e9c23ff65a7d45c6a6c817be37df85,200 ,0,0,0,200 ,ENA
0xc937c6fc886a7d8f41698aac01422e872e4e8996,200 ,0,0,0,200 ,ENA
0x880a5c7978c945beb7aa5342d245f2cec1e28f4f,200 ,0,0,0,200 ,ENA
0xdc663e28ec896e8f42561b2f5e7361719497a574,200 ,0,0,0,200 ,ENA
0x74e9417a49a9df4c002ab5d91c5feeebbf66ca7c,200 ,0,0,0,200 ,ENA
0xb9c7b38d20787150136f79ecc6cf2186052fc551,200 ,0,0,0,200 ,ENA
0xcf5e5c8e9b9341253e1e3448a70124da0767d694,200 ,0,0,0,200 ,ENA
0x0075864274ff9fb18e47685fd7d975cebcbb6386,200 ,0,0,0,200 ,ENA
0xe85f607412e1c58eb31db407dd2c0c752df7308c,200 ,0,0,0,200 ,ENA
0x7990c9e20d431198d47e2d277c4b4bd175257687,200 ,0,0,0,200 ,ENA
0x9bbe262a418abc73603c98aaaa37ee30fb47390e,200 ,0,0,0,200 ,ENA
0x4f5c80d47420d08dad82e43884fdd4b94bf25872,200 ,0,0,0,200 ,ENA
0xaeb29a13cb91006410085bc5efb1df0e8012d4c1,200 ,0,0,0,200 ,ENA
0xf8350875dfcee5bc68899c39445da18b97af06c8,200 ,0,0,0,200 ,ENA
0x85c85189f5c09d3d012580962cc4471b2ba36fd5,200 ,0,0,0,200 ,ENA
0xc464a66f25de0d4f6c74ee88ae5711142288e87a,200 ,0,0,0,200 ,ENA
0x077e2d32c4761e0c3328ecc2289b4cfff80db526,200 ,0,0,0,200 ,ENA
0x2323c2da92761d04b6a49dc919c5cb2c9b50999f,200 ,0,0,0,200 ,ENA
0xcd3c803e3dda2cf30eaa16f3672295f4e81c8db0,200 ,0,0,0,200 ,ENA
0x344b3b806663982b3193e64fe30dab3647a8c8bd,200 ,0,0,0,200 ,ENA
0xf92030ae8c3a29369c9d8696d93457b337f0028e,200 ,0,0,0,200 ,ENA
0x3ecb50cc8b2e22ec388113d767933224bf4b135b,200 ,0,0,0,200 ,ENA
0x9d752d2ac4d688ee5e5e1ed0418f663885fee547,200 ,0,0,0,200 ,ENA
0xf01548b236ef9061f932f424e7832011ba2989e1,200 ,0,0,0,200 ,ENA
0xe10bf38f29d9f33bd0f72d52e4f3b10ad3f6014e,200 ,0,0,0,200 ,ENA
0x1d3e43f9872be1c1ef88d123015bde03cdd1dfbd,200 ,0,0,0,200 ,ENA
0xd570260cd89df6464c0e163e43f5f387f4e3d3c4,200 ,0,0,0,200 ,ENA
0x744f61f7a56ff392f0544a34a5ec39a691838f4f,200 ,0,0,0,200 ,ENA
0xbd5ff2515d8f7bd5799d9a66148d972638c30a42,200 ,0,0,0,200 ,ENA
0x95fcfe5b9eee7bca6aa8489b6f35ef8a452469db,200 ,0,0,0,200 ,ENA
0x9dc2664cb1da5c8884a1a7de0835771f68c89d3e,200 ,0,0,0,200 ,ENA
0x66e11b6e944b361ccaaf77529e50baeba102a8de,200 ,0,0,0,200 ,ENA
0xba4a8e2e70a4e904cf32df7f310d094e982e828c,200 ,0,0,0,200 ,ENA
0x9b1c807d9ca0e6ddba698e0a9aa98dc5206d870c,200 ,0,0,0,200 ,ENA
0x8b5060e2ba27d99d52acb517016486f785411be7,200 ,0,0,0,200 ,ENA
0x577c58c35e1abb28774f53edb6ce80f2525064d9,200 ,0,0,0,200 ,ENA
0xc5338c9d5932103742a631aa29142efcf47ee501,200 ,0,0,0,200 ,ENA
0xf8a056a522596c71103455455f6cfbeb65f2cfa4,200 ,0,0,0,200 ,ENA
0x0aa23cda55b51ecbfd28d646ca4cb1ffef6af9e5,200 ,0,0,0,200 ,ENA
0x5ad3c05ecf63902ae06014302f982ed9e6cb00bf,200 ,0,0,0,200 ,ENA
0xc1163874ee4c48ca63a57ac00158b3e821670921,200 ,0,0,0,200 ,ENA
0x073de0f34726bde7500125ad67531a4b82d6f983,200 ,0,0,0,200 ,ENA
0xabd0d26493a2b62f6b34b62843c87a4a883794c2,200 ,0,0,0,200 ,ENA
0x6868de8f59072e1030da021ec154564d647e79e3,200 ,0,0,0,200 ,ENA
0xaac5170956ccd04a9349f5be45858aebfde0a459,200 ,0,0,0,200 ,ENA
0x04872d637c2691744cab759c9035c29b8a6f2b91,200 ,0,0,0,200 ,ENA
0x656caee4b7762df90c471ec5b9f9f0710b0680e4,200 ,0,0,0,200 ,ENA
0xd0816fcbc5450d747bac286458106c6a9ca9de51,200 ,0,0,0,200 ,ENA
0x22161ab92b23724409132d450a202e1e04bab59b,200 ,0,0,0,200 ,ENA
0xf1e96762e30818a37ca0cc3ea9f49ff97f1127bb,200 ,0,0,0,200 ,ENA
0xfcdfda023f727dafa35e8ee2715bcd7411c86b21,200 ,0,0,0,200 ,ENA
0xad4f6e5c8b39a6435b5bab98398e89bf7482c9e7,200 ,0,0,0,200 ,ENA
0xd443bcb31999e79f8dd4f53b31b602c67cc8ab25,200 ,0,0,0,200 ,ENA
0x2a1d04e3748c0cb388b13a830abc38fc28b73fc1,200 ,0,0,0,200 ,ENA
0x090943bb6fbf9c344d41962443715992e51bc182,200 ,0,0,0,200 ,ENA
0x02175f41073eb9071da72e99d9045c1df154f8e8,200 ,0,0,0,200 ,ENA
0x1b22223648bf166c8f0bead3f392ffc3854fce64,200 ,0,0,0,200 ,ENA
0xe516d4593eb60309ebe08b2ca96c6875c93df253,200 ,0,0,0,200 ,ENA
0x06d3d145d8fadf3e182d767db59af5f99934168b,200 ,0,0,0,200 ,ENA
0xe008cf6a20cdadc59afc21adc5d41810da2e16f5,200 ,0,0,0,200 ,ENA
0xa91a7ae9aaa4ba37e47f5721ded6a0aa695e66f1,200 ,0,0,0,200 ,ENA
0xb0e5ad5de7f355fbd0266a17910db6904957f10d,200 ,0,0,0,200 ,ENA
0x5823c9cd0a73fdfc0fe036b6c3f4822fbfb99235,200 ,0,0,0,200 ,ENA
0x6454b99c484f534fe60a464b7ee2acb3197e1b0d,200 ,0,0,0,200 ,ENA
0xad0da16008ac247ca2e82c54e834cb8b83b0e9ec,200 ,0,0,0,200 ,ENA
0x8746fb039594875856255a4e56e323d7e501a843,200 ,0,0,0,200 ,ENA
0x4aaef373f2bd113c45cbe2aa8ce4d220c5695657,200 ,0,0,0,200 ,ENA
0xf73349938a98d308afd103c412caae0a24b6f27d,200 ,0,0,0,200 ,ENA
0x0b6f553592ebd72d6410ae4dbba9e6fcca47e9c6,200 ,0,0,0,200 ,ENA
0x5df55a70f99707448791aecad6450b3666096519,200 ,0,0,0,200 ,ENA
0x03f4dae097ea72237c09e4e3ac988962814c6a6c,200 ,0,0,0,200 ,ENA
0xe464123552f9b89db5663275f75bfc438c685cb3,200 ,0,0,0,200 ,ENA
0xcd7d99c1c6fcd22a2ab2c6fb2488f3bd009badef,200 ,0,0,0,200 ,ENA
0x626289b1ca4226d8e40cc9ced7bc9bea29c8aa6d,200 ,0,0,0,200 ,ENA
0x3222622fae1396c386dc26376ef002b87796e788,200 ,0,0,0,200 ,ENA
0xd348ff9297130ec6c65c8438d4be6cfb731e9d11,200 ,0,0,0,200 ,ENA
0x742aa24fbef04e255d6873404fd84134d633e200,200 ,0,0,0,200 ,ENA
0x5b8988f274359af43103ab26bb6dadfd6b490410,200 ,0,0,0,200 ,ENA
0xff66b81c9392b6d4739a7fea98d780481fc8ccc7,200 ,0,0,0,200 ,ENA
0x4c9c9b10eb86a1d2880d64c21da1a89df4ed0142,200 ,0,0,0,200 ,ENA
0x1a56d2a3c84a027182074e4f030d235a19ae0520,200 ,0,0,0,200 ,ENA
0x67310838317d105ccf3b0d3b0f78087aec21d365,200 ,0,0,0,200 ,ENA
0x1e6ae6431484e594b0afb8113546649c085b1eaf,200 ,0,0,0,200 ,ENA
0x7acfb798a91844b0894e16a6837192caba601f2e,200 ,0,0,0,200 ,ENA
0x23eaa0209fedd1cc48a98d0d56a584b15bf5b6f6,200 ,0,0,0,200 ,ENA
0x46fbe28880e2591953ead222981305e175b540c0,200 ,0,0,0,200 ,ENA
0x2bd63dab3056eb22ba8a5b694c1e0686ae8eb90a,200 ,0,0,0,200 ,ENA
0x962978ffaef5b2e1402c296ba01e398ac8c8602f,200 ,0,0,0,200 ,ENA
0x7a4c398d9c8ae2a64d2c39bf090abb23b1afc5be,200 ,0,0,0,200 ,ENA
0x897ba21c8003d12e79e3a65f93517c26f98a2ac2,200 ,0,0,0,200 ,ENA
0x200aa09d172784b7ea96a077f809984fe3709e1e,200 ,0,0,0,200 ,ENA
0x5e433eed80c3671d5986c8d6c93015231c87b56e,200 ,0,0,0,200 ,ENA
0x4092cd00f5615b34a251ea887805f2ef898c7bab,200 ,0,0,0,200 ,ENA
0xaf943e05f5d3be27977459eb8e990bafc3e9399e,200 ,0,0,0,200 ,ENA
0xfb670b06dc7518ec27d56df60d429e196e3a3649,200 ,0,0,0,200 ,ENA
0x9bbc4b0f8d1a497ab97d021db3a4ced0006c448e,200 ,0,0,0,200 ,ENA
0x61a788a8d1c0eaf788d32e09746b3975e53018a2,200 ,0,0,0,200 ,ENA
0x9a9df9be56d8134e035680c0d572339eb478d366,200 ,0,0,0,200 ,ENA
0xa4a5689f688c0c4c9483497947af46fbd250aa95,200 ,0,0,0,200 ,ENA
0xfcfcd9c5716ade7b016aeb3cfc5b368d5a799a49,200 ,0,0,0,200 ,ENA
0x103ae04bf0870419a0b6e6f960d2163590613f3b,200 ,0,0,0,200 ,ENA
0x445fdea09d38ca9e16c46bc2501e27284c8dc893,200 ,0,0,0,200 ,ENA
0x8d1452e94877321a1c82e5fb2518714bd7639aad,200 ,0,0,0,200 ,ENA
0x07d112647c5375ebcbef33e610ff56810b8b1e43,200 ,0,0,0,200 ,ENA
0x814ee86e9da17760d0c502a3464330256f6516ca,200 ,0,0,0,200 ,ENA
0x6b8156cef534e6d2d5cb5885a2ec280f0dbbb1df,200 ,0,0,0,200 ,ENA
0xbafbc94222cf721026e3674eac297c1c5a2c5179,200 ,0,0,0,200 ,ENA
0xf71655f914e713d3f71d63681ce0fa50e17e8f9d,200 ,0,0,0,200 ,ENA
0x64772b024f02e2654abbf21b98ddcdb496df4b4c,200 ,0,0,0,200 ,ENA
0xe1c47d11d56e403e829f313cc42b37e9b78c8888,200 ,0,0,0,200 ,ENA
0x3eed1c6685850b771be0e26c69de92e33e637e58,200 ,0,0,0,200 ,ENA
0x237377d2995296c4e5713827f85122328c8ac756,200 ,0,0,0,200 ,ENA
0xb71695985816b3de4808ff9798fbf7907260d382,200 ,0,0,0,200 ,ENA
0xc6ab44884ac439d085563ad3a416be9b00c5050e,200 ,0,0,0,200 ,ENA
0x67fb9b2c35b54ef747176cd3d0eab3a1878695ac,200 ,0,0,0,200 ,ENA
0x02cfd0c195af149f3f6527a6af3e405ce305339b,200 ,0,0,0,200 ,ENA
0xb588384095533c68efbfb05e6b290bfde9349401,200 ,0,0,0,200 ,ENA
0x5409dd214c306d51c3e31e9d8ba28ae448efc181,200 ,0,0,0,200 ,ENA
0xde703e7ba81912a68178121f74f860cad167b0c2,200 ,0,0,0,200 ,ENA
0x7325069941ebe7eb78491977d8658d25c9e376e8,200 ,0,0,0,200 ,ENA
0xc0a60ba2ca0ab1775e242bb9037f8618bd49b523,200 ,0,0,0,200 ,ENA
0x382e90947afb0feaf9f3873ef605601dc81f0576,200 ,0,0,0,200 ,ENA
0x4d818ebc02ab5ae9f9b1db6853591fd118dad734,200 ,0,0,0,200 ,ENA
0xf5924f9f9cff2e2eb4e4c7029bad053e506b62c5,200 ,0,0,0,200 ,ENA
0x4ca19be8160cdb78176c89204402888a553bc83a,200 ,0,0,0,200 ,ENA
0xbb886437f6b30a28bad7bb0c79323a4c9a6ccf66,200 ,0,0,0,200 ,ENA
0x12ab7facc6c60983fba89ced982c907dc1e51944,200 ,0,0,0,200 ,ENA
0xf8f3d66a47b356e899786a0b7bd739a548b8215e,200 ,0,0,0,200 ,ENA
0x08ddca40abab9d5256da753fedfc07ea8e01a4a7,200 ,0,0,0,200 ,ENA
0x0c908dc7d02c7c2a93d4c605a7000d49f0e3e6d4,200 ,0,0,0,200 ,ENA
0xd24e08e0d5eef959ecf1c7f5f6a17abeeaf0c12f,200 ,0,0,0,200 ,ENA
0x0087b4868d41a524c10d8c4958bca2a07a91de37,200 ,0,0,0,200 ,ENA
0x4ff8da3fc36292d71b551c2660fa67f89d7ef97d,200 ,0,0,0,200 ,ENA
0x66698cdd400c3229ea16b5978329ac037007e714,200 ,0,0,0,200 ,ENA
0x458fa9930afcf181bd35e9946ce28a71d17b60cc,200 ,0,0,0,200 ,ENA
0x26864f4f8d5e0f1a608f5313a462d71fcdd68714,200 ,0,0,0,200 ,ENA
0x657cc46af8e5790177d7603216780c6b94767b7c,200 ,0,0,0,200 ,ENA
0xea3558f764556dea15f8f6bcdab3a3e481d5839e,200 ,0,0,0,200 ,ENA
0x7da894091ffbf08e2ec852013c6d4a172660be00,200 ,0,0,0,200 ,ENA
0x26a5fa9398c9d648388d7783de7425f9d8d34cc0,200 ,0,0,0,200 ,ENA
0xeaf1a631a0c31b45c8ec792956f6b2a7a27aa7e4,200 ,0,0,0,200 ,ENA
0x06460908869c632d1609e2a8dc8f48888e3a6c0d,200 ,0,0,0,200 ,ENA
0x789d1ec49d8d132b0d46c3eac549d1ef3da89794,200 ,0,0,0,200 ,ENA
0x19ccfddf52a1edc69b05f2a212b515b6dbfdf6d8,200 ,0,0,0,200 ,ENA
0x0821f65145be326cd4e11171fa34ec5ddbf476b1,200 ,0,0,0,200 ,ENA
0x47dd225ee177799a18d2f92b11c2b73ce8ac331e,200 ,0,0,0,200 ,ENA
0x2421df8433fbba5ae7cba296f9f1b7f25b9d13f5,200 ,0,0,0,200 ,ENA
0x235cb7a1b0aadb84e1f7c54450537eed125f4bc9,200 ,0,0,0,200 ,ENA
0x239639d611ee79ffb93753a08addbf5d86602aa8,200 ,0,0,0,200 ,ENA
0xd80b6409ece246e77997bf7261377014b7b274f2,200 ,0,0,0,200 ,ENA
0xe5ecf5eee2046517e6f747039829ff5fe20c2ca0,200 ,0,0,0,200 ,ENA
0xc4982c3b9dfaa57d9be51a7256992e57a21b5c97,200 ,0,0,0,200 ,ENA
0x8e03d68badcdf51529ac64b399460306c4c183a1,200 ,0,0,0,200 ,ENA
0x3d31692b89ef4fd8ae109221ee84d1ed792fd778,200 ,0,0,0,200 ,ENA
0x5b628c517699138d7d0853d5c21b02a8fd1add3f,200 ,0,0,0,200 ,ENA
0x74c0c453e03b8c0b594ee2171cfb54294a775535,200 ,0,0,0,200 ,ENA
0x8fbac404888a21b36d4ae7c63940664575fe3124,200 ,0,0,0,200 ,ENA
0x21ba1644f57bb23e3ae457cf0d6eba108e6cc62f,200 ,0,0,0,200 ,ENA
0xc9d6c9baa2a037613e4d3d98d54bdbfe89d81a62,200 ,0,0,0,200 ,ENA
0x67a969beb89aa05a8b5e6b4f8540b53c566ccb8b,200 ,0,0,0,200 ,ENA
0x51046fb793357f71307df985318e32b8924fb665,200 ,0,0,0,200 ,ENA
0x04b095247de4752f597f4a79e2c52335a844ded0,200 ,0,0,0,200 ,ENA
0x2676b2c67424817dc043570a11e7a895f0cc62fa,200 ,0,0,0,200 ,ENA
0x939bab99affececb0ea9f7db21fd73e4c920e1df,200 ,0,0,0,200 ,ENA
0xb6b88088c54012be9e4ce9b7cf120853b89db318,200 ,0,0,0,200 ,ENA
0xe13c1579caa79db54a74438c684e28a9579ac1c2,200 ,0,0,0,200 ,ENA
0x575f9afab571df9ebc3870d1c44f41470e1e4a9b,200 ,0,0,0,200 ,ENA
0xebdc84b648fc29035c4c95700ea86c5badbb21ea,200 ,0,0,0,200 ,ENA
0xa7cc4e05038470b687be428591c40869333cd85c,200 ,0,0,0,200 ,ENA
0x2a05ce4a39dc34239a377010e5d55fe51264fb5a,200 ,0,0,0,200 ,ENA
0x1ba5bbef0ea092808c15a69c83e604ba2e35397c,200 ,0,0,0,200 ,ENA
0x45f6866ec55409ebbb06563e7b2f78cc3890fa7e,200 ,0,0,0,200 ,ENA
0x21c1e606670c7329536fdb804da5909671e509f9,200 ,0,0,0,200 ,ENA
0x19d74f596c513750b24298f9a12dd6c38b7fac2d,200 ,0,0,0,200 ,ENA
0x3497714d86f3030a2f3a0f21ee15f165908046eb,200 ,0,0,0,200 ,ENA
0xf46a976044f859d70617cf471b905e7813dce247,200 ,0,0,0,200 ,ENA
0x1b8d792e3c2d909fa126bc00cf0715878f65b8ec,200 ,0,0,0,200 ,ENA
0xf545af158ee76b75d4b6eb369c6187558532530c,200 ,0,0,0,200 ,ENA
0x008efb1df13b0c1f9faf304131d05b78bfe6e0a1,200 ,0,0,0,200 ,ENA
0x631c4fcba6a113b731674786476080033ed32a25,200 ,0,0,0,200 ,ENA
0xab45ae6efa16e1e5ace2d6636e600fb48a285ce0,200 ,0,0,0,200 ,ENA
0xc18cb77f5f04ea2162095c5544cc4ef366ae09a8,200 ,0,0,0,200 ,ENA
0x98c988ed2b896d940b75eeb67d06860f1da955fe,200 ,0,0,0,200 ,ENA
0x24cfd38527bc3f74b43e1ed18426bb65acd16097,200 ,0,0,0,200 ,ENA
0x5ab998b7ff7b9ff5f5508b9e6a22cfdb222d9f16,200 ,0,0,0,200 ,ENA
0xbecd2bf24ce22976e0f697e1be5197082d6d4810,200 ,0,0,0,200 ,ENA
0xa96457965d23d17d120e72fa292c5a26fffa2431,200 ,0,0,0,200 ,ENA
0x03916a57a34f831e7d7831d4faf1d01eb920a781,200 ,0,0,0,200 ,ENA
0xd2e62da9bedf9087e6bf4da0e5e56b4991a0d633,200 ,0,0,0,200 ,ENA
0x4b8497bfe3d68b439654c8ef56c79271258249c0,200 ,0,0,0,200 ,ENA
0x2cf7fefb9d427ff97947c19e96bf0c83f9eab392,200 ,0,0,0,200 ,ENA
0x434f8abf4c97318454d3236928902441e4155b67,200 ,0,0,0,200 ,ENA
0x86744b62c6173f4901299a2f7c863d32210d4f58,200 ,0,0,0,200 ,ENA
0x345919006bcf669666572ff7974c05b55673d97b,200 ,0,0,0,200 ,ENA
0x60194b044485627ee2e3ec38fb963fe64ba1a624,200 ,0,0,0,200 ,ENA
0x790122b5a188dd719d046adb4075344ea56320a2,200 ,0,0,0,200 ,ENA
0xaea191482024c64e5ecd31653242fc5559277ad0,200 ,0,0,0,200 ,ENA
0x8532803a0b5caeb35abf607a0c8a0ec4e20717f2,200 ,0,0,0,200 ,ENA
0xdbe0f1182853041011de49c2775eb7d5b85be40e,200 ,0,0,0,200 ,ENA
0x6a8520cbb07523ead1e00f25735becc1b8a0f59d,200 ,0,0,0,200 ,ENA
0xec7a9246543fb58f46112a1877c2e61a0df6a6e3,200 ,0,0,0,200 ,ENA
0x7781fbf8abfacf3c0fda78aedf3679df68442327,200 ,0,0,0,200 ,ENA
0xda817ede151f533484195c8d86634ba5af8bc55f,200 ,0,0,0,200 ,ENA
0x5de2c9d4739c8815c5d8002ad70c4376d8cd29dc,200 ,0,0,0,200 ,ENA
0x72b337575232ab33c3a80b3c68b85cee18a6aa06,200 ,0,0,0,200 ,ENA
0xff5c5df9d8cf3d033626b49dbaa23890d992254b,200 ,0,0,0,200 ,ENA
0xa925ad775351cd2bbd6f44f2af25293a3fc8d7ee,200 ,0,0,0,200 ,ENA
0x8cd17da173bdd796a342b9450fd2f396dbbde262,200 ,0,0,0,200 ,ENA
0xc1fc62b74a706c664bca639c18ae2c76bf51fe4c,200 ,0,0,0,200 ,ENA
0x22ea251e84bb6a7a64ba7dba6c7786db011219ac,200 ,0,0,0,200 ,ENA
0xe958d6acdef3fa9bd5e528ae49a714f0276eddaf,200 ,0,0,0,200 ,ENA
0x961885d306247839a4a8706676190c08fc5e8c99,200 ,0,0,0,200 ,ENA
0x385ef702b5c06623ece0310d8f7fd4403195b78d,200 ,0,0,0,200 ,ENA
0x9d9ac7ae2e68c589b3d06efc5b30eaf961599f02,200 ,0,0,0,200 ,ENA
0x413598bfa037be89aef2dc96542841f13c7d9169,200 ,0,0,0,200 ,ENA
0x45b7b2b742c75d7c06520e7c91dd0151ed1f5631,200 ,0,0,0,200 ,ENA
0xd7fc3477bd2ab89d8d53abb3fb55a820f88df9f4,200 ,0,0,0,200 ,ENA
0x39336536c884e69553a651e4382a3285e3067750,200 ,0,0,0,200 ,ENA
0x6648c70c787f628e9b3b6435293a8ca6dc4d4b58,200 ,0,0,0,200 ,ENA
0x9d9c7e861bde6eb50163863af1c8cbd09daae613,200 ,0,0,0,200 ,ENA
0x7484b4eea0b32fe506a6c9cf19035771033ab2d3,200 ,0,0,0,200 ,ENA
0x5b6c216564034f678f4b79449d6c32a020091499,200 ,0,0,0,200 ,ENA
0x1995a7a0bd851d2ab8ac93e3c0ea2bebde008460,200 ,0,0,0,200 ,ENA
0xcbfe0f4b32ebcf879f39d86997a7ae69f94b1ba1,200 ,0,0,0,200 ,ENA
0x098742f025ec8adec62f3728f78e2c9b2f3623f0,200 ,0,0,0,200 ,ENA
0xd3153f7b82adb3f7a76934ee46f4457824d3feab,200 ,0,0,0,200 ,ENA
0xf5d5440af2c33e267ec0a325c3cda2b2ec027139,200 ,0,0,0,200 ,ENA
0x049be826767bc9bdade761965779124130737814,200 ,0,0,0,200 ,ENA
0x9ba33c8e8f8c1e263afa950d8cf9fb76115ebab6,200 ,0,0,0,200 ,ENA
0x5c5f00debf8ffb5181afa38288821901dbdcd5db,200 ,0,0,0,200 ,ENA
0x890bd15fae2155161f2af32ab6391edac98a1d54,200 ,0,0,0,200 ,ENA
0x802f5fe344492ef3b37456beb935c85fee98323b,200 ,0,0,0,200 ,ENA
0x2b741a803da4c2e7f4cd928aa6ef5acb84497bba,200 ,0,0,0,200 ,ENA
0xb4dd9b62fb6ddd12c1a44e6ce6ae2360b983ef63,200 ,0,0,0,200 ,ENA
0x801fe833a9c439b7bd5eb35fa8b82a1bdb3ffe8b,200 ,0,0,0,200 ,ENA
0x84d21ab2dcfe4753adcaed29294052a024ceb045,200 ,0,0,0,200 ,ENA
0x7dec95d64655b7c09652a17981086ffec91827a1,200 ,0,0,0,200 ,ENA
0x135143eea53b2bdf81200709d36a5d41137ccede,200 ,0,0,0,200 ,ENA
0x75f4e6ffc0187fc581a10b9e987d9de01682e321,200 ,0,0,0,200 ,ENA
0x04b825d62e3c6c6b1b467a072d56cadf682d6fe8,200 ,0,0,0,200 ,ENA
0x3389d3545684441b3440813a6da94682758b173d,200 ,0,0,0,200 ,ENA
0x8f6526ffe496b9d983519ee86d68e002ae32b10f,200 ,0,0,0,200 ,ENA
0xf755f2066324a07ca20151d581d09e8af484e8b4,200 ,0,0,0,200 ,ENA
0xe2073653986d15b59882d7369507f06f6418cafd,200 ,0,0,0,200 ,ENA
0x5a40ac5dcaa3ea51f38bde366743a99b287fd570,200 ,0,0,0,200 ,ENA
0x9004f06f7a8832299411616f1bf481e7f9d29e6a,200 ,0,0,0,200 ,ENA
0xd98c6f078834611a5fc9ca5b42fcfc561e00c21c,200 ,0,0,0,200 ,ENA
0xc064ea5fe426818c44be6a4c3d8416399afa05b6,200 ,0,0,0,200 ,ENA
0x95a956ae0b225b3e4f4444e9ebc6ddc7a8e596f3,200 ,0,0,0,200 ,ENA
0xc6d8b3db209eb33deaa5beca7b23ebbebd122c22,200 ,0,0,0,200 ,ENA
0x51ba70ff6f238a49849c558368802fabcb0e9a22,200 ,0,0,0,200 ,ENA
0x36747e4124b67ceeeb946d3f0b1fc036f51428f8,200 ,0,0,0,200 ,ENA
0xb7105c28df809145537f717be1bc605886c51c41,200 ,0,0,0,200 ,ENA
0x316345295ea4e919f8dc5415f592c168b5b15969,200 ,0,0,0,200 ,ENA
0x0cfbebe1903aaf680135320b19d2e992d97d7854,200 ,0,0,0,200 ,ENA
0x6009304abe7a63e3b2956d8a167fa0d8f343d8e5,200 ,0,0,0,200 ,ENA
0xaa0a4502f496f22bc09ef518f879af4463da584b,200 ,0,0,0,200 ,ENA
0xc58f83cb6f4ac355d44fe084cf973a6eeca8f207,200 ,0,0,0,200 ,ENA
0xf07c0bb3ab52b56d1dafa4133908a6386a765a1e,200 ,0,0,0,200 ,ENA
0xac57cdb33ff64f2eeb1753a45e08bf09266dad12,200 ,0,0,0,200 ,ENA
0xe2371e3d64ded50686a2fd025d0227183cbf434d,200 ,0,0,0,200 ,ENA
0xf92a72cc1d112985fe0f99b9f5fd21b7138ee178,200 ,0,0,0,200 ,ENA
0x494057896d3a55862a6a5325f9ac0ce8daf14f20,200 ,0,0,0,200 ,ENA
0xfe8718fb6c5f26304d8647e5282c5b66d78534be,200 ,0,0,0,200 ,ENA
0x1c71296dc93e3d7784282dd6526f817fb267ebbf,200 ,0,0,0,200 ,ENA
0xd1d7975559305d05c2cecbbac90123224631e224,200 ,0,0,0,200 ,ENA
0xe4d7963e02b6b1d8a7365b6de02ba4adda63b3c0,200 ,0,0,0,200 ,ENA
0xe270ed6720cc9f8cd221f07c2e39ef4510cdeb5a,200 ,0,0,0,200 ,ENA
0x3649901ef3b7e32de81dcc9945931ade49175f30,200 ,0,0,0,200 ,ENA
0x4443eb90b7726690083c153ee5e6ae8429882a85,200 ,0,0,0,200 ,ENA
0xd51acedfc5bd0adbe67e08383dc76b5f17c192f6,200 ,0,0,0,200 ,ENA
0x514a5e1fb8f51c9cc150b63f184670e1b00af0b5,200 ,0,0,0,200 ,ENA
0x55ea1bceaebfc65dee1ef303e47ba0a9c7602731,200 ,0,0,0,200 ,ENA
0xdfd24c52fa7479a5ad491f5c0ce5585937b12716,200 ,0,0,0,200 ,ENA
0xa0cd8667a7ad426ee82d82bdb08a348172af41c8,200 ,0,0,0,200 ,ENA
0xd6b03b14397b8893ac3112fb34f37e0edd82d1b7,200 ,0,0,0,200 ,ENA
0x41313290feb99ee545952d4be063e3dcf020ac01,200 ,0,0,0,200 ,ENA
0x0244ddcaa2ee8a0781b4ea44fd35d214dcdd6660,200 ,0,0,0,200 ,ENA
0xf3e4d68d09ba15cba1342278367e9b16d48b1e20,200 ,0,0,0,200 ,ENA
0x77328973bafdce44e8fd5032737299a750ac02e8,200 ,0,0,0,200 ,ENA
0xf24bb8b7949de1213b168d2e41a61806e2758143,200 ,0,0,0,200 ,ENA
0xdad06141572269a04cb03040af3fff5f962b2599,200 ,0,0,0,200 ,ENA
0x15122840c953cd113509be2aad62480b97812410,200 ,0,0,0,200 ,ENA
0x087b67099725b2d683ef971a7c4dce38c92c6066,200 ,0,0,0,200 ,ENA
0xe3587d2b60c65834c644ff0035253672bdd78ee7,200 ,0,0,0,200 ,ENA
0xca044ad0e1d0ab8e9595b07918449239aafc4ff7,200 ,0,0,0,200 ,ENA
0x260e662d2d8d830b714b69165d7bc3a9b7a66a5a,200 ,0,0,0,200 ,ENA
0x73c8fde2ab0bee41e591a28739202b0f3283a882,200 ,0,0,0,200 ,ENA
0x254e4a90cbd8378c246c1f2ad2e9f53fac1d63ff,200 ,0,0,0,200 ,ENA
0x7100214b4e9f6f447cf168e3477467748a71e6dd,200 ,0,0,0,200 ,ENA
0x7ef17fc38d4e237465be138f9dd4229ea374cf88,200 ,0,0,0,200 ,ENA
0xc580f0c62e6121862622afb6dbd73e780540ebe9,200 ,0,0,0,200 ,ENA
0xe2de07411b0b000b03a3f862b25b47bd4558fc8f,200 ,0,0,0,200 ,ENA
0xb04a7d036328f5e161691c459e60ec9524e69171,200 ,0,0,0,200 ,ENA
0x6697f93149995d460c8a49f4a0eb926dcd91725d,200 ,0,0,0,200 ,ENA
0x57c3723df5b2e5cf49df4d1df564cf31197ecf21,200 ,0,0,0,200 ,ENA
0x35425ad4e1512836f4bca803400b09caad821f6d,200 ,0,0,0,200 ,ENA
0xbe46274090d947deedd407e8b64cc73570273aea,200 ,0,0,0,200 ,ENA
0x708b51f0ce9a1bef9443b0e1d163096cb35b86b2,200 ,0,0,0,200 ,ENA
0x5fe6e2943589da8bd5112119aff82c3856d5a953,200 ,0,0,0,200 ,ENA
0x45d583df05026cdee12eccf54b90680d3136d5cb,200 ,0,0,0,200 ,ENA
0x0146276f02864a8e5780a1dcdadb065b951f7771,200 ,0,0,0,200 ,ENA
0x5ec5b95b2a2a8c90b8fb017f8d446b472deab6ea,200 ,0,0,0,200 ,ENA
0xe9c73e0b5e91b88360399c74ea8fffa5a95e8c21,200 ,0,0,0,200 ,ENA
0x9b256e9ef5617d977ac635f94b2ccddfe23dc3ae,200 ,0,0,0,200 ,ENA
0xdc668c11cf80145aa60e804c86120cb214ce1ec1,200 ,0,0,0,200 ,ENA
0x82645c8541e66b56890414440ef980b89bc8e7de,200 ,0,0,0,200 ,ENA
0xb909b64a9273a32128a8682821b26be3d6ec532c,200 ,0,0,0,200 ,ENA
0x70187b92b0731b6ae0751d1b3c60d7b5d8dd67e8,200 ,0,0,0,200 ,ENA
0x3cb69103335cf4750d7105a8c9d68e99b6cdbc02,200 ,0,0,0,200 ,ENA
0x186e64bd80707af53fcac9cae447d404c2a74559,200 ,0,0,0,200 ,ENA
0x01d5435525af610d30dcedbd5c255e10757e2651,200 ,0,0,0,200 ,ENA
0x0bbf2e741176f06c5c099a41f15355510bd1f426,200 ,0,0,0,200 ,ENA
0xb723534cc32e89b599ac33ec7ba2691cab3a4b8e,200 ,0,0,0,200 ,ENA
0xdf7b46efe97c844f8980beda0ebf581ae11b124b,200 ,0,0,0,200 ,ENA
0xf1e282b3a16d5f6a7f00c67309353aa80cf91ef2,200 ,0,0,0,200 ,ENA
0x0c5aeec694eae24a87fca7d4dd2fcd9f093410ba,200 ,0,0,0,200 ,ENA
0x134b08f6654d7e0f2d760ff373a724dbfd6b6dfc,200 ,0,0,0,200 ,ENA
0x8e9aabd1fe62620d17054832ccdfc5423cc85969,200 ,0,0,0,200 ,ENA
0x6fbebd3af2c572557294dae2a1913cfa2f5cecc3,200 ,0,0,0,200 ,ENA
0xefd4a853fe27ef8dda359578b78a1037630fd6ce,200 ,0,0,0,200 ,ENA
0x9b13f2fe04d0213f9850a636717da61343eb6b18,200 ,0,0,0,200 ,ENA
0x13338977c53d3641b49e82a0257eab3ce0eb9efc,200 ,0,0,0,200 ,ENA
0xd8299313b097f365af37258b683503c5d2a27dc3,200 ,0,0,0,200 ,ENA
0x722ccf2a8d4af92319cc0d7b02075cc51a7d18f6,200 ,0,0,0,200 ,ENA
0x732a3703821ab2e3dd7cd280332e6e4a860e67ad,200 ,0,0,0,200 ,ENA
0xa50677c21a1ba0da1cd4cba1911fc859a1c84e7a,200 ,0,0,0,200 ,ENA
0x8962f95db82ba3b1eaad04f8c0e4673c04941c52,200 ,0,0,0,200 ,ENA
0xa9391b3daa23366b61f7a0d6a4e721ae91304cd1,200 ,0,0,0,200 ,ENA
0xe97052891d1453ed2c25466d2f7fadfb816d3c10,200 ,0,0,0,200 ,ENA
0x6408335398c2f5b4bc079356495a4beccde1e4b9,200 ,0,0,0,200 ,ENA
0x1af088a4433fdd5d10176858aa1ab3ec083de41b,200 ,0,0,0,200 ,ENA
0xafb0ca20d099ef30cdbf21042e01fe9c0a66e28e,200 ,0,0,0,200 ,ENA
0xa696b22e86f90d771edf2c798fbe5e964cc06217,200 ,0,0,0,200 ,ENA
0xec73dd090a05f19e5d8067b44d0fe2f1550fe889,200 ,0,0,0,200 ,ENA
0x1f12b517d73dda6e41f39889922a35279ebe3f82,200 ,0,0,0,200 ,ENA
0x6c3341ba3f465a4a7ba410f43a19d40691c32704,200 ,0,0,0,200 ,ENA
0x4a73e2739da99de97bab102ef2def029fa32679f,200 ,0,0,0,200 ,ENA
0x8f2640f7c55921c67251c5830439af4c0463997b,200 ,0,0,0,200 ,ENA
0x0afeeb15bf7568b612d14b746f36ce3f6b7038c1,200 ,0,0,0,200 ,ENA
0xf2746570d9f5c6c444f1e7fe0daaa9afc9c14cec,200 ,0,0,0,200 ,ENA
0x0304494fb69632eda0185dfd04a13a3a6e2a903f,200 ,0,0,0,200 ,ENA
0x548887a04605acc21166cff5f935a889dc8f69eb,200 ,0,0,0,200 ,ENA
0x6218571e7a49fd9de8b14dac06ae37eb76b1c45a,200 ,0,0,0,200 ,ENA
0x386b958c5464fdd0534e9a097f6db14fdc689882,200 ,0,0,0,200 ,ENA
0xbe6daa121c890536589c19e024fe70614a5847ca,200 ,0,0,0,200 ,ENA
0xb0b20e7fd3b2111592838d76deb9ef81a1007fae,200 ,0,0,0,200 ,ENA
0x496671939d0487964149d1bf5eaf5dfa1764771d,200 ,0,0,0,200 ,ENA
0xce03388d3c4adcb504d1c6c0f8bcf12e3aadcfd3,200 ,0,0,0,200 ,ENA
0xd120dbb013b1b0ff25d5c50f1e8bb91cc121b4d1,200 ,0,0,0,200 ,ENA
0x93ec2781eae5f6eca1a39e7df8361a7f5275dcb7,200 ,0,0,0,200 ,ENA
0xa386e2fffb078ffd59ce9fb8da8447a946b09b3c,200 ,0,0,0,200 ,ENA
0x2c59ec792a614397bd0fbce7faac699b058e5a9a,200 ,0,0,0,200 ,ENA
0x1b9b33866b63208366f731038d52fd8765377257,200 ,0,0,0,200 ,ENA
0xdede8f803d1dcd21f5ad4dd9174220170f6c3d70,200 ,0,0,0,200 ,ENA
0x085a3aaa669b1b112960da98f247dadd2f7ddfbe,200 ,0,0,0,200 ,ENA
0x86b90e0edd75fffbb4731960b80265e1c39e0e3d,200 ,0,0,0,200 ,ENA
0x1e26fc051fc5a1f71240bc8e646aa6724a916636,200 ,0,0,0,200 ,ENA
0xd00e6ff40b6165253485f223c105f1365057ee5e,200 ,0,0,0,200 ,ENA
0xdf19121fa8dd844ae3426ce8e634e0e533c5f04d,200 ,0,0,0,200 ,ENA
0xb616bd05422057fa0a420a1896bc378cd6d5b54d,200 ,0,0,0,200 ,ENA
0xa3b7869206cc4408f657787c1d622e5989cb819b,200 ,0,0,0,200 ,ENA
0xc7865b198fd8296155e97a11bd53d742027ed3bb,200 ,0,0,0,200 ,ENA
0x390bb1e426e415cbc90dde1c3bbe0b88e6cdde0b,200 ,0,0,0,200 ,ENA
0x86515769cf7761550a980bf60343234371260848,200 ,0,0,0,200 ,ENA
0x73dd2253263b6467352901c42ceba93b9f3784e5,200 ,0,0,0,200 ,ENA
0xe6727424416b26621d17bec51c15653a06d0d079,200 ,0,0,0,200 ,ENA
0xac1fc64e06310d76ccee17d3a5c9a63209f9701c,200 ,0,0,0,200 ,ENA
0x82241f0aec9657bee7240ec32e1d80b07eb38a6c,200 ,0,0,0,200 ,ENA
0x3e37728a3369cf67fd2ad4c1a283107c8f017071,200 ,0,0,0,200 ,ENA
0x5fc3ee1a27acb25366975220a21322209d2d0a16,200 ,0,0,0,200 ,ENA
0xecc845c823b602ad835e20af1bf7e399fa2c04fe,200 ,0,0,0,200 ,ENA
0xbc719ea1d55bbccf00830a85af1f14a5194ec8d6,200 ,0,0,0,200 ,ENA
0xa780885703ec5a6baa377e9a72aa38d3f7364c22,200 ,0,0,0,200 ,ENA
0xafde9aa75e0339d078ff76c16e9f811c64f9ce02,200 ,0,0,0,200 ,ENA
0x2bf1332cf07d3f1ca4f85cb5e2cb28bb31e0d402,200 ,0,0,0,200 ,ENA
0x812e61f6f5b58364c9fdb44ea97edcd3897d58b2,200 ,0,0,0,200 ,ENA
0x68884703e30acdf788738391babe24023cf6969e,200 ,0,0,0,200 ,ENA
0x12179be02f431a84c7ff3b16c64b32112c30dcfe,200 ,0,0,0,200 ,ENA
0x44e21b5e44fd6c8031b172206be6dcabebf02e67,200 ,0,0,0,200 ,ENA
0xc48deb3fde2e6a27ade90e54806510bcc860dcca,200 ,0,0,0,200 ,ENA
0x6c2e8ed3fdd38eaa1048bc42f817be18d804c07c,200 ,0,0,0,200 ,ENA
0x590ee29d0f475878475e58c5646988fa082808de,200 ,0,0,0,200 ,ENA
0x4f2cdd4bbc89dee7870bea773e3dcc9d721d71fa,200 ,0,0,0,200 ,ENA
0x601e9d8733f46baf954180db7e7c513e972052e4,200 ,0,0,0,200 ,ENA
0x5db7cd1f81fc1033150b0bc713d4a4f17792938d,200 ,0,0,0,200 ,ENA
0xe45465f08916e9d85593f7c0bcaaebf009f1f6d2,200 ,0,0,0,200 ,ENA
0x944d34dc6ef9d45d6dd1f3a3ade24ffd32ecb3ce,200 ,0,0,0,200 ,ENA
0x49452a458c2577244a128f6635c2152fab6e2ba7,200 ,0,0,0,200 ,ENA
0x2a58444e645e8d9718bf4535ec43104953c4814f,200 ,0,0,0,200 ,ENA
0x301fe69a60f90e62eb470bc5537fed280946a67a,200 ,0,0,0,200 ,ENA
0x9328fcb04458a4124bb7afd8442f3805f5869d38,200 ,0,0,0,200 ,ENA
0x5e9b578e2feb50a46fa59314939b89563ef902cc,200 ,0,0,0,200 ,ENA
0xaa7d68251fcc55e01e4562672b25b4820f0082a0,200 ,0,0,0,200 ,ENA
0xd0013136b2f089de18d796caabe5d63062233f80,200 ,0,0,0,200 ,ENA
0xd73c6d315212b7a653439ba26421561ce07d542e,200 ,0,0,0,200 ,ENA
0x2ef78314774ccf0e0ce1b3ba569febdfdb32c284,200 ,0,0,0,200 ,ENA
0x9c9fc72af503848fba2041aabed3288f8fc4bbb5,200 ,0,0,0,200 ,ENA
0x4026e8768b7a96351471f966678e8e56b4f06c61,200 ,0,0,0,200 ,ENA
0xa989107c31141ec11e167f95ade9569480f89868,200 ,0,0,0,200 ,ENA
0x6d4a9e64e5bc70dbada3c16f38f2fd1c90fe97cf,200 ,0,0,0,200 ,ENA
0x625339bf86c7573c9c626ce0afbaca54b1a794e8,200 ,0,0,0,200 ,ENA
0xb64bc6d7b314cc8435520c9993e64c235a59e0db,200 ,0,0,0,200 ,ENA
0xaa644068f0fdef56a3bc4be007fa674de5c10578,200 ,0,0,0,200 ,ENA
0xb79d4c88adef7ef1351c2b78b9e6ce86bc907779,200 ,0,0,0,200 ,ENA
0x6e596b4c87fdfcf7a94e33b56222e44ed6647ecc,200 ,0,0,0,200 ,ENA
0x194d7a8f54310a60f13bff466c2e5a6138981ff0,200 ,0,0,0,200 ,ENA
0xaf58533916d85856a92583397802e384cc8eed77,200 ,0,0,0,200 ,ENA
0x0d8cdcadd993f67544f58cc182d5b5921817147e,200 ,0,0,0,200 ,ENA
0xa31e83f71c442d5a0a7036e5d478f31f88de4b13,200 ,0,0,0,200 ,ENA
0x5fc87bc84bfe247842b106e8c7102d838d34e1bf,200 ,0,0,0,200 ,ENA
0x58e341c1bf6c6a9092e65d3d16ad410235cf45e0,200 ,0,0,0,200 ,ENA
0xc5b68a2e0e144f9c5a63a4d12244c693345e1866,200 ,0,0,0,200 ,ENA
0x939c1dd7b354bd5285fc20103ed4da1323b3d971,200 ,0,0,0,200 ,ENA
0x49c723306fcb899c5d157b992180899cb7051cc0,200 ,0,0,0,200 ,ENA
0x7ec0266d611352b631eb708aa3c8867b5f552fa3,200 ,0,0,0,200 ,ENA
0xdce001b62796efd92b0210cdc2d10081f31672e8,200 ,0,0,0,200 ,ENA
0x90c56bdeca4585e20d224d76403f0cbba8155e4a,200 ,0,0,0,200 ,ENA
0x35d44f69baf1aacdc8762502a6c7871ddea35552,200 ,0,0,0,200 ,ENA
0x4c9472d5a49d41f58c75fbfb689642e56e985e37,200 ,0,0,0,200 ,ENA
0x11a6171048565aca1930f24836651bcf5339b6f9,200 ,0,0,0,200 ,ENA
0xca5267bed52ff43dfc62d1ddc725fa4b1f66c2d3,200 ,0,0,0,200 ,ENA
0x42b7cfa69170f8a536ce025b5e757c794cc098dc,200 ,0,0,0,200 ,ENA
0x66083640060b7bb2e22aeda7e1581a366a2ee1ee,200 ,0,0,0,200 ,ENA
0x2dffddeda2eebaf7f6195d24f617942096365ee2,200 ,0,0,0,200 ,ENA
0x976aa3b43a57162dfb3a97dc54de865a4eddf0a1,200 ,0,0,0,200 ,ENA
0xd9cc68da47216ba275c61c69c61cb87d372ddfa2,200 ,0,0,0,200 ,ENA
0xe24b3ed55353ea441900f12d937685111ffe7be8,200 ,0,0,0,200 ,ENA
0x4ecc27cc793aafb2db1468af41d5733a5d2a8654,200 ,0,0,0,200 ,ENA
0xe1e9119db73ac34602bc47cf8ff6e67dc99c9088,200 ,0,0,0,200 ,ENA
0x9b32d63aca968b1748aca7efba5acad77ad15242,200 ,0,0,0,200 ,ENA
0x5999726cf7e6ebc74b29e500a6cac3dd3437afa3,200 ,0,0,0,200 ,ENA
0x0ff28e148266ed56d092fc1bce0b40c8fa750d83,200 ,0,0,0,200 ,ENA
0x10c8faa91117849df665fc45afb54dd37e31db7d,200 ,0,0,0,200 ,ENA
0xe7167e3391bb8204b4dcbd92f8163c6b0149951e,200 ,0,0,0,200 ,ENA
0x3f065f3e06593589498ca90b9efb444329d17004,200 ,0,0,0,200 ,ENA
0xefe5d35b245d94bc5b2c2bf52294152513af0dec,200 ,0,0,0,200 ,ENA
0xb52ab21f45046d1d2f2e7e8b82d2ace61ed84695,200 ,0,0,0,200 ,ENA
0x7d13b2dd23eb2cfa546d4c2e64d43cdb72f08745,200 ,0,0,0,200 ,ENA
0x8606be901f28b3b618905a6917f0ac4d2c80073d,200 ,0,0,0,200 ,ENA
0xb2e2e7fdf63008ef04f816c98a5706915f763615,200 ,0,0,0,200 ,ENA
0x035ef2e31a46389f07681a843c41a9e5a5661460,200 ,0,0,0,200 ,ENA
0xa6ad06e3977f42bd9d7b87e6a630aad80946b933,200 ,0,0,0,200 ,ENA
0x019ca9ea7d07454bd3a73b4fd9bea0a4a6be9ae3,200 ,0,0,0,200 ,ENA
0xc63c937c5bce5f9451a655241e3ebeaccbbe39d6,200 ,0,0,0,200 ,ENA
0xb20e999a541a10f7989a565d5b81c03dc3a8d9df,200 ,0,0,0,200 ,ENA
0xb2aa801daaca2ff0c350922a65cac0323af99bc1,200 ,0,0,0,200 ,ENA
0x77b8d5ccd1d539e0c33f45c5157816391bdb8375,200 ,0,0,0,200 ,ENA
0x3b922404530aef631cce359065538bee476463ba,200 ,0,0,0,200 ,ENA
0x16e2e39e1de71cb77f66ccd259c3751a7eb625a7,200 ,0,0,0,200 ,ENA
0x2986c80e4f507ce890cdc2dfd6cb16120abe7fb4,200 ,0,0,0,200 ,ENA
0x326d482cdb45c132ce3edc643ce2d0d4efd8145d,200 ,0,0,0,200 ,ENA
0xf5072d8cb1878d88ec130c7e47262443f9dabb11,200 ,0,0,0,200 ,ENA
0x184b754ded2065d46da4c76755b38c0baa89c1c5,200 ,0,0,0,200 ,ENA
0xe93ee4f35d30b83dd41b228464892ea1b5f0be53,200 ,0,0,0,200 ,ENA
0x0c5a3cc5a3e0e8f8d7d11e43a2a1043ed8486891,200 ,0,0,0,200 ,ENA
0xb8948e6e6089c700d4492ff9c84c01c3fcb6f1a6,200 ,0,0,0,200 ,ENA
0xc0073f208e746328f2ed24ae7dce6442593a8453,200 ,0,0,0,200 ,ENA
0x3784e64d4c168d3aa08b987094cae6533257c2da,200 ,0,0,0,200 ,ENA
0x8f21bdf8198c4fdc1f045cfc23a518a09bcc4eae,200 ,0,0,0,200 ,ENA
0xa5b04957e1e8c53b7340921c51825b58c3de300f,200 ,0,0,0,200 ,ENA
0x585a1ae2db6287c27c35fca3a2a5e8076882dced,200 ,0,0,0,200 ,ENA
0xb209c09b343e9265b9bd50729be74c864fd5df68,200 ,0,0,0,200 ,ENA
0x69e610fe813c6944fb59bc7b94b0aecad1212a27,200 ,0,0,0,200 ,ENA
0xd959b4403abf92f9336da3360f87f0f1d7a4d1fa,200 ,0,0,0,200 ,ENA
0x8c2b60dfa74d3ca17e8055cadefa9b39c1bc4b88,200 ,0,0,0,200 ,ENA
0xc9224ae76a7199d7f2ed181e157dab4ed3d83f3c,200 ,0,0,0,200 ,ENA
0xf7edbd9fcd434518f4b58f8921be3c67de9b722b,200 ,0,0,0,200 ,ENA
0x9e3b5b150d30087190cb30cb450639519a92ca81,200 ,0,0,0,200 ,ENA
0xa3603092602ab52a90b1d18f4a19b448effca519,200 ,0,0,0,200 ,ENA
0x9f2f9bb85b5b361f85d5b04f2c50fa88e2fcf1d0,200 ,0,0,0,200 ,ENA
0xba70f04dc15d182e6b5f381c4f3cadc3aa99e0df,200 ,0,0,0,200 ,ENA
0x52221aa6e5c1fa61680e9f209c5c985616a8a96a,200 ,0,0,0,200 ,ENA
0xb98f381dd16e49de401a3d21687f81b63127f2dd,200 ,0,0,0,200 ,ENA
0x4c59bbf2d78856fa6e5e7ba82026e0baeff3659c,200 ,0,0,0,200 ,ENA
0x9b3e867071c7eb549cc3929b9a222b9615427382,200 ,0,0,0,200 ,ENA
0xff6253751d06083820760a1721155651ead778fc,200 ,0,0,0,200 ,ENA
0x9f05575886f0ffdda331d5d22073f0ed91cec381,200 ,0,0,0,200 ,ENA
0xa89736868c485738b351a264dd3670a7ea50c6e4,200 ,0,0,0,200 ,ENA
0x26ff022db3acb3b14b91122c63a012b91b1bc1d5,200 ,0,0,0,200 ,ENA
0x45c8a0b33492ad3a2309f0d214bc653ddabb08fd,200 ,0,0,0,200 ,ENA
0xdd17f7e1e0a0d62fd31166ca03fcc32e8b484193,200 ,0,0,0,200 ,ENA
0x24e56defed44b6ada60b47bb79c8702b0ac46d94,200 ,0,0,0,200 ,ENA
0x43ac6c9170a22ce034207b06bff0abec6607bc1d,200 ,0,0,0,200 ,ENA
0x95a7ac4a7d4179acf06268a61bfe0b9192a44837,200 ,0,0,0,200 ,ENA
0x3d58ff4e5ff99a849697e021e7ca29eb88f40fbe,200 ,0,0,0,200 ,ENA
0x7325cd4891f634e6501f4338bbec6bbcc1b0fc4c,200 ,0,0,0,200 ,ENA
0xcbab2f8040625f353bdebc8a6faa67632d7b0ff2,200 ,0,0,0,200 ,ENA
0x8af74ed9824494481bcb317cf45f641d6a8feea7,200 ,0,0,0,200 ,ENA
0xe120c9d4d16be6cca080d1e585beb83b285baf8c,200 ,0,0,0,200 ,ENA
0x7854276ee86b642e9ddb2799a970cb26cebc6f32,200 ,0,0,0,200 ,ENA
0x96b9c1889acc3f27a8718f315473c85d8fe7fd90,200 ,0,0,0,200 ,ENA
0xf69dccdffdc525fb391003caa3a5b3f980743735,200 ,0,0,0,200 ,ENA
0x15adb409edeea389e5daf3a870e7eb2b15320ca4,200 ,0,0,0,200 ,ENA
0x02f99879dea60d2fb6c1e0132c22646004128f70,200 ,0,0,0,200 ,ENA
0x26320f3cf79b1ade292f25c049b3a7847a15ade4,200 ,0,0,0,200 ,ENA
0xe6fd40f06a2dd5d7069c19fbcfd9562c116d3361,200 ,0,0,0,200 ,ENA
0xe42978066760e41f9473e2048654e552f7d9f6a5,200 ,0,0,0,200 ,ENA
0x0ad4bdc6e596ed70ca49bfedb494f578085507ce,200 ,0,0,0,200 ,ENA
0xf9c669c8a3bcb545f8cd9b0b56b021e77e0510e2,200 ,0,0,0,200 ,ENA
0x70f84e0c5a877a2cae3bf179f0e39accf433ad5c,200 ,0,0,0,200 ,ENA
0x73236fa6a0b0d32cdbc48a9c8e68a059b7ee5d5a,200 ,0,0,0,200 ,ENA
0x02a1e5b9aca09120226e802904b91a02ed3b8814,200 ,0,0,0,200 ,ENA
0xff92d8a589cd00c720a0157f63c5754247f97621,200 ,0,0,0,200 ,ENA
0x2a83fff9f2a6e2af0dd1c601b53e4e693ed7aa7f,200 ,0,0,0,200 ,ENA
0x6fd7d0009eb135e6f50a8a89073c4cb7f26132bc,200 ,0,0,0,200 ,ENA
0xb105229dbbd29ce976c02a672200a0e0dc7f6a22,200 ,0,0,0,200 ,ENA
0x6f2eab1943650b50892966f90a22562a5eeeb8ed,200 ,0,0,0,200 ,ENA
0x6c3e77d92b7bcee334bb8f4aa15825cf972de9f9,200 ,0,0,0,200 ,ENA
0xd7a33faf0f83a2c94967e96716f14649ef263263,200 ,0,0,0,200 ,ENA
0x9fe5c249e0a86d1167d37ab037df1a3e1926f5a6,200 ,0,0,0,200 ,ENA
0xe447e950c96854a367104eba1f5e3d0288a44b21,200 ,0,0,0,200 ,ENA
0x9d623f0b51499337505cdd7eb842b8d382d0f1c4,200 ,0,0,0,200 ,ENA
0x4447337012f1850c0aefb585922f2efafbb506c4,200 ,0,0,0,200 ,ENA
0x4c5f33f50eade93643cfb0eaf3e486c1c79cbf32,200 ,0,0,0,200 ,ENA
0xd054e95e52d86ee49d914f6033e94cce8d56c2b2,200 ,0,0,0,200 ,ENA
0x4beecb213aa929764e3f02f9f4be54a6401efbab,200 ,0,0,0,200 ,ENA
0xcf2c0ec20a6aeef04e898a31693e889f8094971d,200 ,0,0,0,200 ,ENA
0xf6af9e88a73f7ea1f6cd1d981db58286e3799bf3,200 ,0,0,0,200 ,ENA
0x0b3a2492f4c8356114ba8d5c11669d1196a6248b,200 ,0,0,0,200 ,ENA
0xb31d6b9b580903c07e3896dd7937a48bf95a191e,200 ,0,0,0,200 ,ENA
0x2d1fff06456ddb058ed2153db405e03044eac881,200 ,0,0,0,200 ,ENA
0x446a6955eb4ef64f535d1341bdbf31c1939829bf,200 ,0,0,0,200 ,ENA
0xd7b8229c456e9eccc2e2bbd51f97a61237f1442c,200 ,0,0,0,200 ,ENA
0x6c115e8c3a0f8cba3166de134c6d31b5136f5811,200 ,0,0,0,200 ,ENA
0x3c5fa2689ab84b5c19cc08c8aa436468a45ddefd,200 ,0,0,0,200 ,ENA
0xf8172e6ecb02ce7c61ea251b6fa2dd13aa6d9ab8,200 ,0,0,0,200 ,ENA
0xe5fe1a282e88fd7f6ca4d76d65e848a55c3648f8,200 ,0,0,0,200 ,ENA
0x122ea400d15af2b51847a80a9b3167829bf79a0a,200 ,0,0,0,200 ,ENA
0x1d8737210657d797170878fe6e36750f557e09c3,200 ,0,0,0,200 ,ENA
0xb533ea2b59d0ca93d6ea69d99c453da35fa4a719,200 ,0,0,0,200 ,ENA
0x5befd4e90fcd0f03bde6e2b3814573f49b2c48d2,200 ,0,0,0,200 ,ENA
0x9f9a810464bf8bff2f60004ea6776f9f751cc9bf,200 ,0,0,0,200 ,ENA
0x8f5a45559e7b9c1ba78bc4bb052ef9461f27d524,200 ,0,0,0,200 ,ENA
0x5c971bf145b06fcc55a2af8b9dc2f9c9027cda77,200 ,0,0,0,200 ,ENA
0x32ad68dfe1c234712c8eafc80e932529ae82f1bd,200 ,0,0,0,200 ,ENA
0xea9ebcb6966c7e0d0e1325556c2bee0ec9bb0a6b,200 ,0,0,0,200 ,ENA
0xf95ab6e5433960c50f77c431da15ceefc7e0758f,200 ,0,0,0,200 ,ENA
0x487ad123693b5fec7c0578b6a0e55b34b375c657,200 ,0,0,0,200 ,ENA
0x5a8127668af600f0fefbf22b59a22befc372e3bb,200 ,0,0,0,200 ,ENA
0x1a1723bd325a521632889a758466114ed74b0efb,200 ,0,0,0,200 ,ENA
0x0cf4a254ca5229c649e273e4d8dba23c8e22c690,200 ,0,0,0,200 ,ENA
0x138956f389a85612ec004e23035077e51c7e2b96,200 ,0,0,0,200 ,ENA
0x25ce41a8f62203d0cb5ed37301580b8554224733,200 ,0,0,0,200 ,ENA
0x089075ce5d476b0927d6a9a4d862662fcea739c0,200 ,0,0,0,200 ,ENA
0x3e5b6766f11d3e6e4a9366a88685384248d63e09,200 ,0,0,0,200 ,ENA
0x3a231578647e7ccb2b321700886dc85610c5c019,200 ,0,0,0,200 ,ENA
0x727aeb651b355abfc7a4a8f8d25ab1220b660c90,200 ,0,0,0,200 ,ENA
0xee6bee92529183d7c92dfa051bda48a7a74f3348,200 ,0,0,0,200 ,ENA
0x8704a6cde9a25c750f59b056d670a71885c0122c,200 ,0,0,0,200 ,ENA
0xff1bac1b73dd2d224a8abb3c2c374d9f5d840198,200 ,0,0,0,200 ,ENA
0x50ff0a42bcf2066bd39cbe9f93d84d0975a4248f,200 ,0,0,0,200 ,ENA
0xad3ca04217fe785ef1e645b7870ddfecf176b8c9,200 ,0,0,0,200 ,ENA
0x08f4330e8b71588c2555ecc6274d2183836824fa,200 ,0,0,0,200 ,ENA
0x2baf601fe06c78de7870294aba33a060f1edabb4,200 ,0,0,0,200 ,ENA
0xb74d7e89d026d55a4c461c58ffc60a658cce7271,200 ,0,0,0,200 ,ENA
0xa07ecfc22d582588dae36b9c76203d3a2aed1b9a,200 ,0,0,0,200 ,ENA
0x1e69b1106c5c747ab7af7358cac56dc64654b321,200 ,0,0,0,200 ,ENA
0x005b5dd627fcef3ba2af66ed47b5c7f4e2ce8d03,200 ,0,0,0,200 ,ENA
0x99750771074f868d681030c707066e677738c2e7,200 ,0,0,0,200 ,ENA
0xe50add333c0a1d45b02e460467d7d0e83f4741d6,200 ,0,0,0,200 ,ENA
0xa36347c2e994645e60d702c8a078c1c4a1ed7c08,200 ,0,0,0,200 ,ENA
0xcee56e201f4105455622ba5e0d5b245f5e03fb63,200 ,0,0,0,200 ,ENA
0x032af55418275ce66dfd860d4a7f8135b26df088,200 ,0,0,0,200 ,ENA
0x3a3e986a9ae492d79b7c128b4b1bd4cbde1d3fb3,200 ,0,0,0,200 ,ENA
0x4e7a8a4de6fa6257134ab0539cadc883015a437a,200 ,0,0,0,200 ,ENA
0x8d169588a760f04dfcdafa541dc0188eade49edb,200 ,0,0,0,200 ,ENA
0x7c72d7d9412053809c1b62a4c1bfd5f1dd43adc3,200 ,0,0,0,200 ,ENA
0xab58b367bdde2f5a7358c2104f0d4f4d333404a2,200 ,0,0,0,200 ,ENA
0xd583ed98283185fd3773e450b05cae2b4946d883,200 ,0,0,0,200 ,ENA
0x7626e225ee301a18e605a425fccb9d50e0c4262f,200 ,0,0,0,200 ,ENA
0x3a9766c5ac26efaf20794e48c119a8c17d1f0d18,200 ,0,0,0,200 ,ENA
0xa315d15484ed68776746cf97e883d8ec14625fbc,200 ,0,0,0,200 ,ENA
0x86b440ac02216435087ae574ebe8a94f6309218a,200 ,0,0,0,200 ,ENA
0x12273865961ac21e0918c4ec394ae800ed117c9d,200 ,0,0,0,200 ,ENA
0x14f4799ea0ee81f59672049bb50eacdfc5e2de8d,200 ,0,0,0,200 ,ENA
0xa8e15fb011c140c9cd8dca4f1dff599266b48dcf,200 ,0,0,0,200 ,ENA
0x1853deed75b792cb67de4f911467f369461b061d,200 ,0,0,0,200 ,ENA
0xffc5ff355d18cdbdb943e2c713ef4310ca123e6e,200 ,0,0,0,200 ,ENA
0x36fa5833f96fbcebf07e0b8b4bc92d9f271d565e,200 ,0,0,0,200 ,ENA
0x47f2562a58b93a33099509c08eaa3c0643203361,200 ,0,0,0,200 ,ENA
0xe91a19ab0b12765765f58034312b164270261fb3,200 ,0,0,0,200 ,ENA
0x326fc1c492d77c54f94181fdd570b3d1a3a79507,200 ,0,0,0,200 ,ENA
0x41001fae5873764a10af140a78e04e21ad8bb10d,200 ,0,0,0,200 ,ENA
0x65cd8119f0fbf78e5c20e8c5d89fa2137d3403f4,200 ,0,0,0,200 ,ENA
0x3affdb17dc7a35cb1bc461f2a571a86d93301a7c,200 ,0,0,0,200 ,ENA
0xf455117e0d276921ba18ae90b3e8f9b079c882fc,200 ,0,0,0,200 ,ENA
0x9b5324b42a4e708585992bf9b759433e924394ac,200 ,0,0,0,200 ,ENA
0x47cbe3e782079e46132be625feb95ce4544f2aec,200 ,0,0,0,200 ,ENA
0x9f2c1abaf5641afc19a661ab4ad24316cd52056c,200 ,0,0,0,200 ,ENA
0x3ed6b28f8ea819eeb6d5c3f366efa611871b74e0,200 ,0,0,0,200 ,ENA
0x3a2ba8c5f2c2ffa4d270ba45a57e78af2d66e6b5,200 ,0,0,0,200 ,ENA
0xd1ac4237523386d949ae591a07eb0dc404dee89b,200 ,0,0,0,200 ,ENA
0x08943873222ce63ec48f8907757928dcb06af388,200 ,0,0,0,200 ,ENA
0xe56579d1cd9d563cbdc8d427a41d8048e2676c9d,200 ,0,0,0,200 ,ENA
0xab4470cf9b3ad00137a921f752524cb691908c3d,200 ,0,0,0,200 ,ENA
0xa2aebca2118d6e12f07ac5059194d16a88bef703,200 ,0,0,0,200 ,ENA
0xfdf5745617fd494f699593e5e2c73fb630f39dac,200 ,0,0,0,200 ,ENA
0xf8848228034fac0610a82c103eebc45ce65fcb6d,200 ,0,0,0,200 ,ENA
0x2e92820afb4b82bb73ca8bca9890c064f35ae6f4,200 ,0,0,0,200 ,ENA
0x5da7e3beb662c9f3786a33e8b07cf21b6c059524,200 ,0,0,0,200 ,ENA
0x5c5545f435258ae9ecf2dc91e37acab63540b4c4,200 ,0,0,0,200 ,ENA
0x74f6973142ee618604bbce734188a307ed8ab4a3,200 ,0,0,0,200 ,ENA
0x01417618440f3ee1c7460c24ee4f6a9ecfe48447,200 ,0,0,0,200 ,ENA
0x01a7e944f2a5411e1978f6c09d2e178e7e094f2c,200 ,0,0,0,200 ,ENA
0xef0bb07f4c64d5c87089562d2519b50cdb067c5f,200 ,0,0,0,200 ,ENA
0x7df02fc4ff9d6ebcd7a1012e93f30d4792978e1f,200 ,0,0,0,200 ,ENA
0x9c8a429ad69eb11d4aa7d06fea584cf78b369f39,200 ,0,0,0,200 ,ENA
0x9a6750400baa36cbaf4d89d11634c8ca5d6f890e,200 ,0,0,0,200 ,ENA
0x629aa32a53f61ba2807e667368f3d0e5d53bf67c,200 ,0,0,0,200 ,ENA
0xa54154c935ac4cf7b5ff7dc6c55412196814e8d5,200 ,0,0,0,200 ,ENA
0x2c16976acac041e3e7eb92f17c39ffa39055cf80,200 ,0,0,0,200 ,ENA
0x89f87ae846ef7c0f207083c715a132799c353c2b,200 ,0,0,0,200 ,ENA
0x9dec4f862966ede5eea9374023bf9c657dd78376,200 ,0,0,0,200 ,ENA
0xa54086f8a2ece67632af932ad64013e2dfe83c38,200 ,0,0,0,200 ,ENA
0x911fefdd5ea70f9723a5d4939de49defb21645dc,200 ,0,0,0,200 ,ENA
0x2efdd7982ce5882aa257acbcc0f23826503455f4,200 ,0,0,0,200 ,ENA
0x8bd216a66d66f29167df8f3507e7912fb8096077,200 ,0,0,0,200 ,ENA
0x4d7cfaa17516fd95743232113a30ab5bf35075f9,200 ,0,0,0,200 ,ENA
0x71b7626a9f91a76deb1a2769bd997c85091024fc,200 ,0,0,0,200 ,ENA
0x712142290825edee17b82868a37871c8ef14e9df,200 ,0,0,0,200 ,ENA
0x10fec9508de9c698091a23c405731b0d51832a77,200 ,0,0,0,200 ,ENA
0x16b2155835bfec1f1ca3a1ca010c81d0a4063cb8,200 ,0,0,0,200 ,ENA
0x626d6d28cf7fd9688f697e0959f2403b393589fe,200 ,0,0,0,200 ,ENA
0x7a0ade93a868b98256bf36cb78542f370715f3b5,200 ,0,0,0,200 ,ENA
0xb1eae6a8d4fefbe0ef1849c6237a0b80b0495f6d,200 ,0,0,0,200 ,ENA
0xe4140125598821ebb1f0a18803ee4f841055a8a3,200 ,0,0,0,200 ,ENA
0xdbb168bef668109a697f04c570e8e788f01d84e8,200 ,0,0,0,200 ,ENA
0x6ccbe4130699ecae4ef76d41b225feaf1357fe68,200 ,0,0,0,200 ,ENA
0xf54f61d04852248a5b993741963cb255ace00cbb,200 ,0,0,0,200 ,ENA
0x72a248182d4252678e49eeed85b6856f4204e4b4,200 ,0,0,0,200 ,ENA
0xab8ec949cc6e0a5f83fbfe2953f70242500b93ec,200 ,0,0,0,200 ,ENA
0x16d74548bc54a4f7ccbcc082acc97595e0ecaa0e,200 ,0,0,0,200 ,ENA
0x739cc7a0892f7ac80cc2ac31b8fe260c3761ab87,200 ,0,0,0,200 ,ENA
0x386fc7eeca090c2ea53ea8d7b00ee1b6d5046109,200 ,0,0,0,200 ,ENA
0x1a261d66664887e5b37544b08974ea21e1495f73,200 ,0,0,0,200 ,ENA
0x6f712a0b00087cefbc45817e098848986f60cca2,200 ,0,0,0,200 ,ENA
0x968040e989f2172492be103e2c01cc27a1c239f4,200 ,0,0,0,200 ,ENA
0x2fbefef8763d3081b9b722ad4e0ca633ab9835e1,200 ,0,0,0,200 ,ENA
0xd28098c15a9c51ed530fa91d37266f11c4707523,200 ,0,0,0,200 ,ENA